player_name_norm,player_name_bbref,player_url,season,bbref_year,team_abbr,team_name,on_roster,played_playoffs
beno udrih,Beno Udrih,/players/u/udrihbe01.html,2004,2005,SAS,San Antonio Spurs,True,False
brent barry,Brent Barry,/players/b/barrybr01.html,2004,2005,SAS,San Antonio Spurs,True,False
bruce bowen,Bruce Bowen,/players/b/bowenbr01.html,2004,2005,SAS,San Antonio Spurs,True,False
devin brown,Devin Brown,/players/b/brownde02.html,2004,2005,SAS,San Antonio Spurs,True,False
dion glover,Dion Glover,/players/g/glovedi01.html,2004,2005,SAS,San Antonio Spurs,True,False
glenn robinson,Glenn Robinson,/players/r/robingl01.html,2004,2005,SAS,San Antonio Spurs,True,False
linton johnson,Linton Johnson,/players/j/johnsli01.html,2004,2005,SAS,San Antonio Spurs,True,False
malik rose,Malik Rose,/players/r/rosema01.html,2004,2005,SAS,San Antonio Spurs,True,False
manu ginobili,Manu Ginóbili,/players/g/ginobma01.html,2004,2005,SAS,San Antonio Spurs,True,False
mike wilks,Mike Wilks,/players/w/wilksmi01.html,2004,2005,SAS,San Antonio Spurs,True,False
nazr mohammed,Nazr Mohammed,/players/m/mohamna01.html,2004,2005,SAS,San Antonio Spurs,True,False
rasho nesterovic,Rasho Nesterović,/players/n/nestera01.html,2004,2005,SAS,San Antonio Spurs,True,False
robert horry,Robert Horry,/players/h/horryro01.html,2004,2005,SAS,San Antonio Spurs,True,False
sean marks,Sean Marks,/players/m/marksse01.html,2004,2005,SAS,San Antonio Spurs,True,False
tim duncan,Tim Duncan,/players/d/duncati01.html,2004,2005,SAS,San Antonio Spurs,True,False
tony massenburg,Tony Massenburg,/players/m/masseto01.html,2004,2005,SAS,San Antonio Spurs,True,False
tony parker,Tony Parker,/players/p/parketo01.html,2004,2005,SAS,San Antonio Spurs,True,False
alonzo mourning,Alonzo Mourning,/players/m/mournal01.html,2005,2006,MIA,Miami Heat,True,False
antoine walker,Antoine Walker,/players/w/walkean02.html,2005,2006,MIA,Miami Heat,True,False
derek anderson,Derek Anderson,/players/a/anderde01.html,2005,2006,MIA,Miami Heat,True,False
dorell wright,Dorell Wright,/players/w/wrighdo01.html,2005,2006,MIA,Miami Heat,True,False
dwyane wade,Dwyane Wade,/players/w/wadedw01.html,2005,2006,MIA,Miami Heat,True,False
earl barron,Earl Barron,/players/b/barroea01.html,2005,2006,MIA,Miami Heat,True,False
gary payton,Gary Payton,/players/p/paytoga01.html,2005,2006,MIA,Miami Heat,True,False
gerald fitch,Gerald Fitch,/players/f/fitchge01.html,2005,2006,MIA,Miami Heat,True,False
james posey,James Posey,/players/p/poseyja01.html,2005,2006,MIA,Miami Heat,True,False
jason kapono,Jason Kapono,/players/k/kaponja01.html,2005,2006,MIA,Miami Heat,True,False
jason williams,Jason Williams,/players/w/willija02.html,2005,2006,MIA,Miami Heat,True,False
matt walsh,Matt Walsh,/players/w/walshma01.html,2005,2006,MIA,Miami Heat,True,False
michael doleac,Michael Doleac,/players/d/doleami01.html,2005,2006,MIA,Miami Heat,True,False
shandon anderson,Shandon Anderson,/players/a/andersh01.html,2005,2006,MIA,Miami Heat,True,False
shaquille o'neal,Shaquille O'Neal,/players/o/onealsh01.html,2005,2006,MIA,Miami Heat,True,False
udonis haslem,Udonis Haslem,/players/h/hasleud01.html,2005,2006,MIA,Miami Heat,True,False
wayne simien,Wayne Simien,/players/s/simiewa01.html,2005,2006,MIA,Miami Heat,True,False
beno udrih,Beno Udrih,/players/u/udrihbe01.html,2006,2007,SAS,San Antonio Spurs,True,False
brent barry,Brent Barry,/players/b/barrybr01.html,2006,2007,SAS,San Antonio Spurs,True,False
bruce bowen,Bruce Bowen,/players/b/bowenbr01.html,2006,2007,SAS,San Antonio Spurs,True,False
eric williams,Eric Williams,/players/w/willier01.html,2006,2007,SAS,San Antonio Spurs,True,False
fabricio oberto,Fabricio Oberto,/players/o/obertfa01.html,2006,2007,SAS,San Antonio Spurs,True,False
francisco elson,Francisco Elson,/players/e/elsonfr01.html,2006,2007,SAS,San Antonio Spurs,True,False
jackie butler,Jackie Butler,/players/b/butleja01.html,2006,2007,SAS,San Antonio Spurs,True,False
jacque vaughn,Jacque Vaughn,/players/v/vaughja01.html,2006,2007,SAS,San Antonio Spurs,True,False
james white,James White,/players/w/whiteja02.html,2006,2007,SAS,San Antonio Spurs,True,False
manu ginobili,Manu Ginóbili,/players/g/ginobma01.html,2006,2007,SAS,San Antonio Spurs,True,False
matt bonner,Matt Bonner,/players/b/bonnema01.html,2006,2007,SAS,San Antonio Spurs,True,False
melvin ely,Melvin Ely,/players/e/elyme01.html,2006,2007,SAS,San Antonio Spurs,True,False
michael finley,Michael Finley,/players/f/finlemi01.html,2006,2007,SAS,San Antonio Spurs,True,False
robert horry,Robert Horry,/players/h/horryro01.html,2006,2007,SAS,San Antonio Spurs,True,False
tim duncan,Tim Duncan,/players/d/duncati01.html,2006,2007,SAS,San Antonio Spurs,True,False
tony parker,Tony Parker,/players/p/parketo01.html,2006,2007,SAS,San Antonio Spurs,True,False
brian scalabrine,Brian Scalabrine,/players/s/scalabr01.html,2007,2008,BOS,Boston Celtics,True,False
eddie house,Eddie House,/players/h/houseed01.html,2007,2008,BOS,Boston Celtics,True,False
gabe pruitt,Gabe Pruitt,/players/p/pruitga01.html,2007,2008,BOS,Boston Celtics,True,False
glen davis,Glen Davis,/players/d/davisgl01.html,2007,2008,BOS,Boston Celtics,True,False
james posey,James Posey,/players/p/poseyja01.html,2007,2008,BOS,Boston Celtics,True,False
kendrick perkins,Kendrick Perkins,/players/p/perkike01.html,2007,2008,BOS,Boston Celtics,True,False
kevin garnett,Kevin Garnett,/players/g/garneke01.html,2007,2008,BOS,Boston Celtics,True,False
leon powe,Leon Powe,/players/p/powele01.html,2007,2008,BOS,Boston Celtics,True,False
p.j. brown,P.J. Brown,/players/b/brownpj01.html,2007,2008,BOS,Boston Celtics,True,False
paul pierce,Paul Pierce,/players/p/piercpa01.html,2007,2008,BOS,Boston Celtics,True,False
rajon rondo,Rajon Rondo,/players/r/rondora01.html,2007,2008,BOS,Boston Celtics,True,False
ray allen,Ray Allen,/players/a/allenra02.html,2007,2008,BOS,Boston Celtics,True,False
sam cassell,Sam Cassell,/players/c/cassesa01.html,2007,2008,BOS,Boston Celtics,True,False
scot pollard,Scot Pollard,/players/p/pollasc01.html,2007,2008,BOS,Boston Celtics,True,False
tony allen,Tony Allen,/players/a/allento01.html,2007,2008,BOS,Boston Celtics,True,False
adam morrison,Adam Morrison,/players/m/morriad01.html,2008,2009,LAL,Los Angeles Lakers,True,False
andrew bynum,Andrew Bynum,/players/b/bynuman01.html,2008,2009,LAL,Los Angeles Lakers,True,False
chris mihm,Chris Mihm,/players/m/mihmch01.html,2008,2009,LAL,Los Angeles Lakers,True,False
d.j. mbenga,D.J. Mbenga,/players/m/mbengdj01.html,2008,2009,LAL,Los Angeles Lakers,True,False
derek fisher,Derek Fisher,/players/f/fishede01.html,2008,2009,LAL,Los Angeles Lakers,True,False
jordan farmar,Jordan Farmar,/players/f/farmajo01.html,2008,2009,LAL,Los Angeles Lakers,True,False
josh powell,Josh Powell,/players/p/poweljo01.html,2008,2009,LAL,Los Angeles Lakers,True,False
kobe bryant,Kobe Bryant,/players/b/bryanko01.html,2008,2009,LAL,Los Angeles Lakers,True,False
lamar odom,Lamar Odom,/players/o/odomla01.html,2008,2009,LAL,Los Angeles Lakers,True,False
luke walton,Luke Walton,/players/w/waltolu01.html,2008,2009,LAL,Los Angeles Lakers,True,False
pau gasol,Pau Gasol,/players/g/gasolpa01.html,2008,2009,LAL,Los Angeles Lakers,True,False
sasha vujacic,Sasha Vujačić,/players/v/vujacsa01.html,2008,2009,LAL,Los Angeles Lakers,True,False
shannon brown,Shannon Brown,/players/b/brownsh01.html,2008,2009,LAL,Los Angeles Lakers,True,False
sun yue,Sun Yue,/players/y/yuesu01.html,2008,2009,LAL,Los Angeles Lakers,True,False
trevor ariza,Trevor Ariza,/players/a/arizatr01.html,2008,2009,LAL,Los Angeles Lakers,True,False
vladimir radmanovic,Vladimir Radmanović,/players/r/radmavl01.html,2008,2009,LAL,Los Angeles Lakers,True,False
adam morrison,Adam Morrison,/players/m/morriad01.html,2009,2010,LAL,Los Angeles Lakers,True,False
andrew bynum,Andrew Bynum,/players/b/bynuman01.html,2009,2010,LAL,Los Angeles Lakers,True,False
d.j. mbenga,D.J. Mbenga,/players/m/mbengdj01.html,2009,2010,LAL,Los Angeles Lakers,True,False
derek fisher,Derek Fisher,/players/f/fishede01.html,2009,2010,LAL,Los Angeles Lakers,True,False
jordan farmar,Jordan Farmar,/players/f/farmajo01.html,2009,2010,LAL,Los Angeles Lakers,True,False
josh powell,Josh Powell,/players/p/poweljo01.html,2009,2010,LAL,Los Angeles Lakers,True,False
kobe bryant,Kobe Bryant,/players/b/bryanko01.html,2009,2010,LAL,Los Angeles Lakers,True,False
lamar odom,Lamar Odom,/players/o/odomla01.html,2009,2010,LAL,Los Angeles Lakers,True,False
luke walton,Luke Walton,/players/w/waltolu01.html,2009,2010,LAL,Los Angeles Lakers,True,False
metta world peace,Metta World Peace,/players/a/artesro01.html,2009,2010,LAL,Los Angeles Lakers,True,False
pau gasol,Pau Gasol,/players/g/gasolpa01.html,2009,2010,LAL,Los Angeles Lakers,True,False
sasha vujacic,Sasha Vujačić,/players/v/vujacsa01.html,2009,2010,LAL,Los Angeles Lakers,True,False
shannon brown,Shannon Brown,/players/b/brownsh01.html,2009,2010,LAL,Los Angeles Lakers,True,False
alexis ajinca,Alexis Ajinça,/players/a/ajincal01.html,2010,2011,DAL,Dallas Mavericks,True,False
brendan haywood,Brendan Haywood,/players/h/haywobr01.html,2010,2011,DAL,Dallas Mavericks,True,False
brian cardinal,Brian Cardinal,/players/c/cardibr01.html,2010,2011,DAL,Dallas Mavericks,True,False
caron butler,Caron Butler,/players/b/butleca01.html,2010,2011,DAL,Dallas Mavericks,True,False
corey brewer,Corey Brewer,/players/b/breweco01.html,2010,2011,DAL,Dallas Mavericks,True,False
deshawn stevenson,DeShawn Stevenson,/players/s/stevede01.html,2010,2011,DAL,Dallas Mavericks,True,False
dirk nowitzki,Dirk Nowitzki,/players/n/nowitdi01.html,2010,2011,DAL,Dallas Mavericks,True,False
dominique jones,Dominique Jones,/players/j/jonesdo02.html,2010,2011,DAL,Dallas Mavericks,True,False
ian mahinmi,Ian Mahinmi,/players/m/mahinia01.html,2010,2011,DAL,Dallas Mavericks,True,False
j.j. barea,J.J. Barea,/players/b/bareajo01.html,2010,2011,DAL,Dallas Mavericks,True,False
jason kidd,Jason Kidd,/players/k/kiddja01.html,2010,2011,DAL,Dallas Mavericks,True,False
jason terry,Jason Terry,/players/t/terryja01.html,2010,2011,DAL,Dallas Mavericks,True,False
peja stojakovic,Peja Stojaković,/players/s/stojape01.html,2010,2011,DAL,Dallas Mavericks,True,False
rodrigue beaubois,Rodrigue Beaubois,/players/b/beaubro01.html,2010,2011,DAL,Dallas Mavericks,True,False
sasha pavlovic,Sasha Pavlović,/players/p/pavloal01.html,2010,2011,DAL,Dallas Mavericks,True,False
shawn marion,Shawn Marion,/players/m/mariosh01.html,2010,2011,DAL,Dallas Mavericks,True,False
steve novak,Steve Novak,/players/n/novakst01.html,2010,2011,DAL,Dallas Mavericks,True,False
tyson chandler,Tyson Chandler,/players/c/chandty01.html,2010,2011,DAL,Dallas Mavericks,True,False
chris bosh,Chris Bosh,/players/b/boshch01.html,2011,2012,MIA,Miami Heat,True,False
dexter pittman,Dexter Pittman,/players/p/pittmde01.html,2011,2012,MIA,Miami Heat,True,False
dwyane wade,Dwyane Wade,/players/w/wadedw01.html,2011,2012,MIA,Miami Heat,True,False
eddy curry,Eddy Curry,/players/c/curryed01.html,2011,2012,MIA,Miami Heat,True,False
james jones,James Jones,/players/j/jonesja02.html,2011,2012,MIA,Miami Heat,True,False
joel anthony,Joel Anthony,/players/a/anthojo01.html,2011,2012,MIA,Miami Heat,True,False
juwan howard,Juwan Howard,/players/h/howarju01.html,2011,2012,MIA,Miami Heat,True,False
lebron james,LeBron James,/players/j/jamesle01.html,2011,2012,MIA,Miami Heat,True,False
mario chalmers,Mario Chalmers,/players/c/chalmma01.html,2011,2012,MIA,Miami Heat,True,False
mickell gladness,Mickell Gladness,/players/g/gladnmi01.html,2011,2012,MIA,Miami Heat,True,False
mike miller,Mike Miller,/players/m/millemi01.html,2011,2012,MIA,Miami Heat,True,False
norris cole,Norris Cole,/players/c/coleno01.html,2011,2012,MIA,Miami Heat,True,False
ronny turiaf,Ronny Turiaf,/players/t/turiaro01.html,2011,2012,MIA,Miami Heat,True,False
shane battier,Shane Battier,/players/b/battish01.html,2011,2012,MIA,Miami Heat,True,False
terrel harris,Terrel Harris,/players/h/harrite01.html,2011,2012,MIA,Miami Heat,True,False
udonis haslem,Udonis Haslem,/players/h/hasleud01.html,2011,2012,MIA,Miami Heat,True,False
chris andersen,Chris Andersen,/players/a/anderch01.html,2012,2013,MIA,Miami Heat,True,False
chris bosh,Chris Bosh,/players/b/boshch01.html,2012,2013,MIA,Miami Heat,True,False
dexter pittman,Dexter Pittman,/players/p/pittmde01.html,2012,2013,MIA,Miami Heat,True,False
dwyane wade,Dwyane Wade,/players/w/wadedw01.html,2012,2013,MIA,Miami Heat,True,False
james jones,James Jones,/players/j/jonesja02.html,2012,2013,MIA,Miami Heat,True,False
jarvis varnado,Jarvis Varnado,/players/v/varnaja01.html,2012,2013,MIA,Miami Heat,True,False
joel anthony,Joel Anthony,/players/a/anthojo01.html,2012,2013,MIA,Miami Heat,True,False
josh harrellson,Josh Harrellson,/players/h/harrejo01.html,2012,2013,MIA,Miami Heat,True,False
juwan howard,Juwan Howard,/players/h/howarju01.html,2012,2013,MIA,Miami Heat,True,False
lebron james,LeBron James,/players/j/jamesle01.html,2012,2013,MIA,Miami Heat,True,False
mario chalmers,Mario Chalmers,/players/c/chalmma01.html,2012,2013,MIA,Miami Heat,True,False
mike miller,Mike Miller,/players/m/millemi01.html,2012,2013,MIA,Miami Heat,True,False
norris cole,Norris Cole,/players/c/coleno01.html,2012,2013,MIA,Miami Heat,True,False
rashard lewis,Rashard Lewis,/players/l/lewisra02.html,2012,2013,MIA,Miami Heat,True,False
ray allen,Ray Allen,/players/a/allenra02.html,2012,2013,MIA,Miami Heat,True,False
shane battier,Shane Battier,/players/b/battish01.html,2012,2013,MIA,Miami Heat,True,False
terrel harris,Terrel Harris,/players/h/harrite01.html,2012,2013,MIA,Miami Heat,True,False
udonis haslem,Udonis Haslem,/players/h/hasleud01.html,2012,2013,MIA,Miami Heat,True,False
aron baynes,Aron Baynes,/players/b/baynear01.html,2013,2014,SAS,San Antonio Spurs,True,False
austin daye,Austin Daye,/players/d/dayeau01.html,2013,2014,SAS,San Antonio Spurs,True,False
boris diaw,Boris Diaw,/players/d/diawbo01.html,2013,2014,SAS,San Antonio Spurs,True,False
cory joseph,Cory Joseph,/players/j/josepco01.html,2013,2014,SAS,San Antonio Spurs,True,False
damion james,Damion James,/players/j/jamesda01.html,2013,2014,SAS,San Antonio Spurs,True,False
danny green,Danny Green,/players/g/greenda02.html,2013,2014,SAS,San Antonio Spurs,True,False
jeff ayres,Jeff Ayres,/players/p/pendeje02.html,2013,2014,SAS,San Antonio Spurs,True,False
kawhi leonard,Kawhi Leonard,/players/l/leonaka01.html,2013,2014,SAS,San Antonio Spurs,True,False
malcolm thomas,Malcolm Thomas,/players/t/thomama01.html,2013,2014,SAS,San Antonio Spurs,True,False
manu ginobili,Manu Ginóbili,/players/g/ginobma01.html,2013,2014,SAS,San Antonio Spurs,True,False
marco belinelli,Marco Belinelli,/players/b/belinma01.html,2013,2014,SAS,San Antonio Spurs,True,False
matt bonner,Matt Bonner,/players/b/bonnema01.html,2013,2014,SAS,San Antonio Spurs,True,False
nando de colo,Nando De Colo,/players/d/decolna01.html,2013,2014,SAS,San Antonio Spurs,True,False
othyus jeffers,Othyus Jeffers,/players/j/jeffeot01.html,2013,2014,SAS,San Antonio Spurs,True,False
patty mills,Patty Mills,/players/m/millspa02.html,2013,2014,SAS,San Antonio Spurs,True,False
shannon brown,Shannon Brown,/players/b/brownsh01.html,2013,2014,SAS,San Antonio Spurs,True,False
tiago splitter,Tiago Splitter,/players/s/splitti01.html,2013,2014,SAS,San Antonio Spurs,True,False
tim duncan,Tim Duncan,/players/d/duncati01.html,2013,2014,SAS,San Antonio Spurs,True,False
tony parker,Tony Parker,/players/p/parketo01.html,2013,2014,SAS,San Antonio Spurs,True,False
andre iguodala,Andre Iguodala,/players/i/iguodan01.html,2014,2015,GSW,Golden State Warriors,True,False
andrew bogut,Andrew Bogut,/players/b/bogutan01.html,2014,2015,GSW,Golden State Warriors,True,False
brandon rush,Brandon Rush,/players/r/rushbr01.html,2014,2015,GSW,Golden State Warriors,True,False
david lee,David Lee,/players/l/leeda02.html,2014,2015,GSW,Golden State Warriors,True,False
draymond green,Draymond Green,/players/g/greendr01.html,2014,2015,GSW,Golden State Warriors,True,False
festus ezeli,Festus Ezeli,/players/e/ezelife01.html,2014,2015,GSW,Golden State Warriors,True,False
harrison barnes,Harrison Barnes,/players/b/barneha02.html,2014,2015,GSW,Golden State Warriors,True,False
james michael mcadoo,James Michael McAdoo,/players/m/mcadoja01.html,2014,2015,GSW,Golden State Warriors,True,False
justin holiday,Justin Holiday,/players/h/holidju01.html,2014,2015,GSW,Golden State Warriors,True,False
klay thompson,Klay Thompson,/players/t/thompkl01.html,2014,2015,GSW,Golden State Warriors,True,False
leandro barbosa,Leandro Barbosa,/players/b/barbole01.html,2014,2015,GSW,Golden State Warriors,True,False
marreese speights,Marreese Speights,/players/s/speigma01.html,2014,2015,GSW,Golden State Warriors,True,False
ognjen kuzmic,Ognjen Kuzmić,/players/k/kuzmiog01.html,2014,2015,GSW,Golden State Warriors,True,False
shaun livingston,Shaun Livingston,/players/l/livinsh01.html,2014,2015,GSW,Golden State Warriors,True,False
stephen curry,Stephen Curry,/players/c/curryst01.html,2014,2015,GSW,Golden State Warriors,True,False
anderson varejao,Anderson Varejão,/players/v/varejan01.html,2015,2016,CLE,Cleveland Cavaliers,True,False
channing frye,Channing Frye,/players/f/fryech01.html,2015,2016,CLE,Cleveland Cavaliers,True,False
dahntay jones,Dahntay Jones,/players/j/jonesda02.html,2015,2016,CLE,Cleveland Cavaliers,True,False
iman shumpert,Iman Shumpert,/players/s/shumpim01.html,2015,2016,CLE,Cleveland Cavaliers,True,False
j.r. smith,J.R. Smith,/players/s/smithjr01.html,2015,2016,CLE,Cleveland Cavaliers,True,False
james jones,James Jones,/players/j/jonesja02.html,2015,2016,CLE,Cleveland Cavaliers,True,False
jared cunningham,Jared Cunningham,/players/c/cunnija01.html,2015,2016,CLE,Cleveland Cavaliers,True,False
joe harris,Joe Harris,/players/h/harrijo01.html,2015,2016,CLE,Cleveland Cavaliers,True,False
jordan mcrae,Jordan McRae,/players/m/mcraejo01.html,2015,2016,CLE,Cleveland Cavaliers,True,False
kevin love,Kevin Love,/players/l/loveke01.html,2015,2016,CLE,Cleveland Cavaliers,True,False
kyrie irving,Kyrie Irving,/players/i/irvinky01.html,2015,2016,CLE,Cleveland Cavaliers,True,False
lebron james,LeBron James,/players/j/jamesle01.html,2015,2016,CLE,Cleveland Cavaliers,True,False
matthew dellavedova,Matthew Dellavedova,/players/d/dellama01.html,2015,2016,CLE,Cleveland Cavaliers,True,False
mo williams,Mo Williams,/players/w/willima01.html,2015,2016,CLE,Cleveland Cavaliers,True,False
richard jefferson,Richard Jefferson,/players/j/jefferi01.html,2015,2016,CLE,Cleveland Cavaliers,True,False
sasha kaun,Sasha Kaun,/players/k/kaunsa01.html,2015,2016,CLE,Cleveland Cavaliers,True,False
timofey mozgov,Timofey Mozgov,/players/m/mozgoti01.html,2015,2016,CLE,Cleveland Cavaliers,True,False
tristan thompson,Tristan Thompson,/players/t/thomptr01.html,2015,2016,CLE,Cleveland Cavaliers,True,False
anderson varejao,Anderson Varejão,/players/v/varejan01.html,2016,2017,GSW,Golden State Warriors,True,False
andre iguodala,Andre Iguodala,/players/i/iguodan01.html,2016,2017,GSW,Golden State Warriors,True,False
briante weber,Briante Weber,/players/w/weberbr01.html,2016,2017,GSW,Golden State Warriors,True,False
damian jones,Damian Jones,/players/j/jonesda03.html,2016,2017,GSW,Golden State Warriors,True,False
david west,David West,/players/w/westda01.html,2016,2017,GSW,Golden State Warriors,True,False
draymond green,Draymond Green,/players/g/greendr01.html,2016,2017,GSW,Golden State Warriors,True,False
ian clark,Ian Clark,/players/c/clarkia01.html,2016,2017,GSW,Golden State Warriors,True,False
james michael mcadoo,James Michael McAdoo,/players/m/mcadoja01.html,2016,2017,GSW,Golden State Warriors,True,False
javale mcgee,JaVale McGee,/players/m/mcgeeja01.html,2016,2017,GSW,Golden State Warriors,True,False
kevin durant,Kevin Durant,/players/d/duranke01.html,2016,2017,GSW,Golden State Warriors,True,False
kevon looney,Kevon Looney,/players/l/looneke01.html,2016,2017,GSW,Golden State Warriors,True,False
klay thompson,Klay Thompson,/players/t/thompkl01.html,2016,2017,GSW,Golden State Warriors,True,False
matt barnes,Matt Barnes,/players/b/barnema02.html,2016,2017,GSW,Golden State Warriors,True,False
patrick mccaw,Patrick McCaw,/players/m/mccawpa01.html,2016,2017,GSW,Golden State Warriors,True,False
shaun livingston,Shaun Livingston,/players/l/livinsh01.html,2016,2017,GSW,Golden State Warriors,True,False
stephen curry,Stephen Curry,/players/c/curryst01.html,2016,2017,GSW,Golden State Warriors,True,False
zaza pachulia,Zaza Pachulia,/players/p/pachuza01.html,2016,2017,GSW,Golden State Warriors,True,False
andre iguodala,Andre Iguodala,/players/i/iguodan01.html,2017,2018,GSW,Golden State Warriors,True,False
chris boucher,Chris Boucher,/players/b/bouchch01.html,2017,2018,GSW,Golden State Warriors,True,False
damian jones,Damian Jones,/players/j/jonesda03.html,2017,2018,GSW,Golden State Warriors,True,False
david west,David West,/players/w/westda01.html,2017,2018,GSW,Golden State Warriors,True,False
draymond green,Draymond Green,/players/g/greendr01.html,2017,2018,GSW,Golden State Warriors,True,False
javale mcgee,JaVale McGee,/players/m/mcgeeja01.html,2017,2018,GSW,Golden State Warriors,True,False
jordan bell,Jordan Bell,/players/b/belljo01.html,2017,2018,GSW,Golden State Warriors,True,False
kevin durant,Kevin Durant,/players/d/duranke01.html,2017,2018,GSW,Golden State Warriors,True,False
kevon looney,Kevon Looney,/players/l/looneke01.html,2017,2018,GSW,Golden State Warriors,True,False
klay thompson,Klay Thompson,/players/t/thompkl01.html,2017,2018,GSW,Golden State Warriors,True,False
nick young,Nick Young,/players/y/youngni01.html,2017,2018,GSW,Golden State Warriors,True,False
omri casspi,Omri Casspi,/players/c/casspom01.html,2017,2018,GSW,Golden State Warriors,True,False
patrick mccaw,Patrick McCaw,/players/m/mccawpa01.html,2017,2018,GSW,Golden State Warriors,True,False
quinn cook,Quinn Cook,/players/c/cookqu01.html,2017,2018,GSW,Golden State Warriors,True,False
shaun livingston,Shaun Livingston,/players/l/livinsh01.html,2017,2018,GSW,Golden State Warriors,True,False
stephen curry,Stephen Curry,/players/c/curryst01.html,2017,2018,GSW,Golden State Warriors,True,False
zaza pachulia,Zaza Pachulia,/players/p/pachuza01.html,2017,2018,GSW,Golden State Warriors,True,False
c.j. miles,C.J. Miles,/players/m/milescj01.html,2018,2019,TOR,Toronto Raptors,True,False
chris boucher,Chris Boucher,/players/b/bouchch01.html,2018,2019,TOR,Toronto Raptors,True,False
danny green,Danny Green,/players/g/greenda02.html,2018,2019,TOR,Toronto Raptors,True,False
delon wright,Delon Wright,/players/w/wrighde01.html,2018,2019,TOR,Toronto Raptors,True,False
eric moreland,Eric Moreland,/players/m/moreler01.html,2018,2019,TOR,Toronto Raptors,True,False
fred vanvleet,Fred VanVleet,/players/v/vanvlfr01.html,2018,2019,TOR,Toronto Raptors,True,False
greg monroe,Greg Monroe,/players/m/monrogr01.html,2018,2019,TOR,Toronto Raptors,True,False
jeremy lin,Jeremy Lin,/players/l/linje01.html,2018,2019,TOR,Toronto Raptors,True,False
jodie meeks,Jodie Meeks,/players/m/meeksjo01.html,2018,2019,TOR,Toronto Raptors,True,False
jonas valanciunas,Jonas Valančiūnas,/players/v/valanjo01.html,2018,2019,TOR,Toronto Raptors,True,False
jordan loyd,Jordan Loyd,/players/l/loydjo01.html,2018,2019,TOR,Toronto Raptors,True,False
kawhi leonard,Kawhi Leonard,/players/l/leonaka01.html,2018,2019,TOR,Toronto Raptors,True,False
kyle lowry,Kyle Lowry,/players/l/lowryky01.html,2018,2019,TOR,Toronto Raptors,True,False
lorenzo brown,Lorenzo Brown,/players/b/brownlo01.html,2018,2019,TOR,Toronto Raptors,True,False
malachi richardson,Malachi Richardson,/players/r/richama01.html,2018,2019,TOR,Toronto Raptors,True,False
malcolm miller,Malcolm Miller,/players/m/millema01.html,2018,2019,TOR,Toronto Raptors,True,False
marc gasol,Marc Gasol,/players/g/gasolma01.html,2018,2019,TOR,Toronto Raptors,True,False
norman powell,Norman Powell,/players/p/powelno01.html,2018,2019,TOR,Toronto Raptors,True,False
og anunoby,OG Anunoby,/players/a/anunoog01.html,2018,2019,TOR,Toronto Raptors,True,False
pascal siakam,Pascal Siakam,/players/s/siakapa01.html,2018,2019,TOR,Toronto Raptors,True,False
patrick mccaw,Patrick McCaw,/players/m/mccawpa01.html,2018,2019,TOR,Toronto Raptors,True,False
serge ibaka,Serge Ibaka,/players/i/ibakase01.html,2018,2019,TOR,Toronto Raptors,True,False
alex caruso,Alex Caruso,/players/c/carusal01.html,2019,2020,LAL,Los Angeles Lakers,True,False
anthony davis,Anthony Davis,/players/d/davisan02.html,2019,2020,LAL,Los Angeles Lakers,True,False
avery bradley,Avery Bradley,/players/b/bradlav01.html,2019,2020,LAL,Los Angeles Lakers,True,False
danny green,Danny Green,/players/g/greenda02.html,2019,2020,LAL,Los Angeles Lakers,True,False
devontae cacok,Devontae Cacok,/players/c/cacokde01.html,2019,2020,LAL,Los Angeles Lakers,True,False
dion waiters,Dion Waiters,/players/w/waitedi01.html,2019,2020,LAL,Los Angeles Lakers,True,False
dwight howard,Dwight Howard,/players/h/howardw01.html,2019,2020,LAL,Los Angeles Lakers,True,False
j.r. smith,J.R. Smith,/players/s/smithjr01.html,2019,2020,LAL,Los Angeles Lakers,True,False
jared dudley,Jared Dudley,/players/d/dudleja01.html,2019,2020,LAL,Los Angeles Lakers,True,False
javale mcgee,JaVale McGee,/players/m/mcgeeja01.html,2019,2020,LAL,Los Angeles Lakers,True,False
kentavious caldwell-pope,Kentavious Caldwell-Pope,/players/c/caldwke01.html,2019,2020,LAL,Los Angeles Lakers,True,False
kostas antetokounmpo,Kostas Antetokounmpo,/players/a/antetko01.html,2019,2020,LAL,Los Angeles Lakers,True,False
kyle kuzma,Kyle Kuzma,/players/k/kuzmaky01.html,2019,2020,LAL,Los Angeles Lakers,True,False
lebron james,LeBron James,/players/j/jamesle01.html,2019,2020,LAL,Los Angeles Lakers,True,False
markieff morris,Markieff Morris,/players/m/morrima02.html,2019,2020,LAL,Los Angeles Lakers,True,False
quinn cook,Quinn Cook,/players/c/cookqu01.html,2019,2020,LAL,Los Angeles Lakers,True,False
rajon rondo,Rajon Rondo,/players/r/rondora01.html,2019,2020,LAL,Los Angeles Lakers,True,False
talen horton-tucker,Talen Horton-Tucker,/players/h/hortota01.html,2019,2020,LAL,Los Angeles Lakers,True,False
troy daniels,Troy Daniels,/players/d/danietr01.html,2019,2020,LAL,Los Angeles Lakers,True,False
zach norvell,Zach Norvell,/players/n/norveza01.html,2019,2020,LAL,Los Angeles Lakers,True,False
axel toupane,Axel Toupane,/players/t/toupaax01.html,2020,2021,MIL,Milwaukee Bucks,True,False
bobby portis,Bobby Portis,/players/p/portibo01.html,2020,2021,MIL,Milwaukee Bucks,True,False
brook lopez,Brook Lopez,/players/l/lopezbr01.html,2020,2021,MIL,Milwaukee Bucks,True,False
bryn forbes,Bryn Forbes,/players/f/forbebr01.html,2020,2021,MIL,Milwaukee Bucks,True,False
d.j. augustin,D.J. Augustin,/players/a/augusdj01.html,2020,2021,MIL,Milwaukee Bucks,True,False
d.j. wilson,D.J. Wilson,/players/w/wilsodj01.html,2020,2021,MIL,Milwaukee Bucks,True,False
donte divincenzo,Donte DiVincenzo,/players/d/divindo01.html,2020,2021,MIL,Milwaukee Bucks,True,False
elijah bryant,Elijah Bryant,/players/b/bryanel01.html,2020,2021,MIL,Milwaukee Bucks,True,False
giannis antetokounmpo,Giannis Antetokounmpo,/players/a/antetgi01.html,2020,2021,MIL,Milwaukee Bucks,True,False
jaylen adams,Jaylen Adams,/players/a/adamsja01.html,2020,2021,MIL,Milwaukee Bucks,True,False
jeff teague,Jeff Teague,/players/t/teaguje01.html,2020,2021,MIL,Milwaukee Bucks,True,False
jordan nwora,Jordan Nwora,/players/n/nworajo01.html,2020,2021,MIL,Milwaukee Bucks,True,False
jrue holiday,Jrue Holiday,/players/h/holidjr01.html,2020,2021,MIL,Milwaukee Bucks,True,False
justin jackson,Justin Jackson,/players/j/jacksju01.html,2020,2021,MIL,Milwaukee Bucks,True,False
khris middleton,Khris Middleton,/players/m/middlkh01.html,2020,2021,MIL,Milwaukee Bucks,True,False
mamadi diakite,Mamadi Diakite,/players/d/diakima01.html,2020,2021,MIL,Milwaukee Bucks,True,False
p.j. tucker,P.J. Tucker,/players/t/tuckepj01.html,2020,2021,MIL,Milwaukee Bucks,True,False
pat connaughton,Pat Connaughton,/players/c/connapa01.html,2020,2021,MIL,Milwaukee Bucks,True,False
rodions kurucs,Rodions Kurucs,/players/k/kurucro01.html,2020,2021,MIL,Milwaukee Bucks,True,False
sam merrill,Sam Merrill,/players/m/merrisa01.html,2020,2021,MIL,Milwaukee Bucks,True,False
thanasis antetokounmpo,Thanasis Antetokounmpo,/players/a/antetth01.html,2020,2021,MIL,Milwaukee Bucks,True,False
torrey craig,Torrey Craig,/players/c/craigto01.html,2020,2021,MIL,Milwaukee Bucks,True,False
andre iguodala,Andre Iguodala,/players/i/iguodan01.html,2021,2022,GSW,Golden State Warriors,True,False
andrew wiggins,Andrew Wiggins,/players/w/wiggian01.html,2021,2022,GSW,Golden State Warriors,True,False
chris chiozza,Chris Chiozza,/players/c/chiozch01.html,2021,2022,GSW,Golden State Warriors,True,False
damion lee,Damion Lee,/players/l/leeda03.html,2021,2022,GSW,Golden State Warriors,True,False
draymond green,Draymond Green,/players/g/greendr01.html,2021,2022,GSW,Golden State Warriors,True,False
gary payton ii,Gary Payton II,/players/p/paytoga02.html,2021,2022,GSW,Golden State Warriors,True,False
jeff dowtin jr.,Jeff Dowtin Jr.,/players/d/dowtije01.html,2021,2022,GSW,Golden State Warriors,True,False
jonathan kuminga,Jonathan Kuminga,/players/k/kuminjo01.html,2021,2022,GSW,Golden State Warriors,True,False
jordan poole,Jordan Poole,/players/p/poolejo01.html,2021,2022,GSW,Golden State Warriors,True,False
juan toscano-anderson,Juan Toscano-Anderson,/players/t/toscaju01.html,2021,2022,GSW,Golden State Warriors,True,False
kevon looney,Kevon Looney,/players/l/looneke01.html,2021,2022,GSW,Golden State Warriors,True,False
klay thompson,Klay Thompson,/players/t/thompkl01.html,2021,2022,GSW,Golden State Warriors,True,False
moses moody,Moses Moody,/players/m/moodymo01.html,2021,2022,GSW,Golden State Warriors,True,False
nemanja bjelica,Nemanja Bjelica,/players/b/bjeline01.html,2021,2022,GSW,Golden State Warriors,True,False
otto porter jr.,Otto Porter Jr.,/players/p/porteot01.html,2021,2022,GSW,Golden State Warriors,True,False
quinndary weatherspoon,Quinndary Weatherspoon,/players/w/weathqu01.html,2021,2022,GSW,Golden State Warriors,True,False
stephen curry,Stephen Curry,/players/c/curryst01.html,2021,2022,GSW,Golden State Warriors,True,False
aaron gordon,Aaron Gordon,/players/g/gordoaa01.html,2022,2023,DEN,Denver Nuggets,True,False
bones hyland,Bones Hyland,/players/h/hylanbo01.html,2022,2023,DEN,Denver Nuggets,True,False
bruce brown,Bruce Brown,/players/b/brownbr01.html,2022,2023,DEN,Denver Nuggets,True,False
christian braun,Christian Braun,/players/b/braunch01.html,2022,2023,DEN,Denver Nuggets,True,False
davon reed,Davon Reed,/players/r/reedda01.html,2022,2023,DEN,Denver Nuggets,True,False
deandre jordan,DeAndre Jordan,/players/j/jordade01.html,2022,2023,DEN,Denver Nuggets,True,False
ish smith,Ish Smith,/players/s/smithis01.html,2022,2023,DEN,Denver Nuggets,True,False
jack white,Jack White,/players/w/whiteja03.html,2022,2023,DEN,Denver Nuggets,True,False
jamal murray,Jamal Murray,/players/m/murraja01.html,2022,2023,DEN,Denver Nuggets,True,False
jeff green,Jeff Green,/players/g/greenje02.html,2022,2023,DEN,Denver Nuggets,True,False
kentavious caldwell-pope,Kentavious Caldwell-Pope,/players/c/caldwke01.html,2022,2023,DEN,Denver Nuggets,True,False
michael porter jr.,Michael Porter Jr.,/players/p/portemi01.html,2022,2023,DEN,Denver Nuggets,True,False
nikola jokic,Nikola Jokić,/players/j/jokicni01.html,2022,2023,DEN,Denver Nuggets,True,False
peyton watson,Peyton Watson,/players/w/watsope01.html,2022,2023,DEN,Denver Nuggets,True,False
reggie jackson,Reggie Jackson,/players/j/jacksre01.html,2022,2023,DEN,Denver Nuggets,True,False
thomas bryant,Thomas Bryant,/players/b/bryanth01.html,2022,2023,DEN,Denver Nuggets,True,False
vlatko cancar,Vlatko Čančar,/players/c/cancavl01.html,2022,2023,DEN,Denver Nuggets,True,False
zeke nnaji,Zeke Nnaji,/players/n/nnajize01.html,2022,2023,DEN,Denver Nuggets,True,False
al horford,Al Horford,/players/h/horfoal01.html,2023,2024,BOS,Boston Celtics,True,False
dalano banton,Dalano Banton,/players/b/bantoda01.html,2023,2024,BOS,Boston Celtics,True,False
derrick white,Derrick White,/players/w/whitede01.html,2023,2024,BOS,Boston Celtics,True,False
drew peterson,Drew Peterson,/players/p/peterdr01.html,2023,2024,BOS,Boston Celtics,True,False
jaden springer,Jaden Springer,/players/s/sprinja01.html,2023,2024,BOS,Boston Celtics,True,False
jaylen brown,Jaylen Brown,/players/b/brownja02.html,2023,2024,BOS,Boston Celtics,True,False
jayson tatum,Jayson Tatum,/players/t/tatumja01.html,2023,2024,BOS,Boston Celtics,True,False
jd davison,JD Davison,/players/d/davisjd01.html,2023,2024,BOS,Boston Celtics,True,False
jordan walsh,Jordan Walsh,/players/w/walshjo01.html,2023,2024,BOS,Boston Celtics,True,False
jrue holiday,Jrue Holiday,/players/h/holidjr01.html,2023,2024,BOS,Boston Celtics,True,False
kristaps porzingis,Kristaps Porziņģis,/players/p/porzikr01.html,2023,2024,BOS,Boston Celtics,True,False
lamar stevens,Lamar Stevens,/players/s/stevela01.html,2023,2024,BOS,Boston Celtics,True,False
luke kornet,Luke Kornet,/players/k/kornelu01.html,2023,2024,BOS,Boston Celtics,True,False
neemias queta,Neemias Queta,/players/q/quetane01.html,2023,2024,BOS,Boston Celtics,True,False
oshae brissett,Oshae Brissett,/players/b/brissos01.html,2023,2024,BOS,Boston Celtics,True,False
payton pritchard,Payton Pritchard,/players/p/pritcpa01.html,2023,2024,BOS,Boston Celtics,True,False
sam hauser,Sam Hauser,/players/h/hausesa01.html,2023,2024,BOS,Boston Celtics,True,False
svi mykhailiuk,Svi Mykhailiuk,/players/m/mykhasv01.html,2023,2024,BOS,Boston Celtics,True,False
xavier tillman sr.,Xavier Tillman Sr.,/players/t/tillmxa01.html,2023,2024,BOS,Boston Celtics,True,False
aaron wiggins,Aaron Wiggins,/players/w/wiggiaa01.html,2024,2025,OKC,Oklahoma City Thunder,True,False
adam flagler,Adam Flagler,/players/f/flaglad01.html,2024,2025,OKC,Oklahoma City Thunder,True,False
ajay mitchell,Ajay Mitchell,/players/m/mitchaj01.html,2024,2025,OKC,Oklahoma City Thunder,True,False
alex caruso,Alex Caruso,/players/c/carusal01.html,2024,2025,OKC,Oklahoma City Thunder,True,False
alex ducas,Alex Ducas,/players/d/ducasal01.html,2024,2025,OKC,Oklahoma City Thunder,True,False
alex reese,Alex Reese,/players/r/reeseal01.html,2024,2025,OKC,Oklahoma City Thunder,True,False
branden carlson,Branden Carlson,/players/c/carlsbr01.html,2024,2025,OKC,Oklahoma City Thunder,True,False
cason wallace,Cason Wallace,/players/w/wallaca01.html,2024,2025,OKC,Oklahoma City Thunder,True,False
chet holmgren,Chet Holmgren,/players/h/holmgch01.html,2024,2025,OKC,Oklahoma City Thunder,True,False
dillon jones,Dillon Jones,/players/j/jonesdi01.html,2024,2025,OKC,Oklahoma City Thunder,True,False
isaiah hartenstein,Isaiah Hartenstein,/players/h/harteis01.html,2024,2025,OKC,Oklahoma City Thunder,True,False
isaiah joe,Isaiah Joe,/players/j/joeis01.html,2024,2025,OKC,Oklahoma City Thunder,True,False
jalen williams,Jalen Williams,/players/w/willija06.html,2024,2025,OKC,Oklahoma City Thunder,True,False
jaylin williams,Jaylin Williams,/players/w/willija07.html,2024,2025,OKC,Oklahoma City Thunder,True,False
kenrich williams,Kenrich Williams,/players/w/willike04.html,2024,2025,OKC,Oklahoma City Thunder,True,False
luguentz dort,Luguentz Dort,/players/d/dortlu01.html,2024,2025,OKC,Oklahoma City Thunder,True,False
malevy leons,Malevy Leons,/players/l/leonsma01.html,2024,2025,OKC,Oklahoma City Thunder,True,False
ousmane dieng,Ousmane Dieng,/players/d/diengou01.html,2024,2025,OKC,Oklahoma City Thunder,True,False
shai gilgeous-alexander,Shai Gilgeous-Alexander,/players/g/gilgesh01.html,2024,2025,OKC,Oklahoma City Thunder,True,False
ariel hukporti,Ariel Hukporti,/players/h/hukpoar01.html,2025,2026,NYK,New York Knicks,True,False
dillon jones,Dillon Jones,/players/j/jonesdi01.html,2025,2026,NYK,New York Knicks,True,False
guerschon yabusele,Guerschon Yabusele,/players/y/yabusgu01.html,2025,2026,NYK,New York Knicks,True,False
jalen brunson,Jalen Brunson,/players/b/brunsja01.html,2025,2026,NYK,New York Knicks,True,False
jeremy sochan,Jeremy Sochan,/players/s/sochaje01.html,2025,2026,NYK,New York Knicks,True,False
jordan clarkson,Jordan Clarkson,/players/c/clarkjo01.html,2025,2026,NYK,New York Knicks,True,False
jose alvarado,Jose Alvarado,/players/a/alvarjo01.html,2025,2026,NYK,New York Knicks,True,False
josh hart,Josh Hart,/players/h/hartjo01.html,2025,2026,NYK,New York Knicks,True,False
karl-anthony towns,Karl-Anthony Towns,/players/t/townska01.html,2025,2026,NYK,New York Knicks,True,False
kevin mccullar jr.,Kevin McCullar Jr.,/players/m/mcculke01.html,2025,2026,NYK,New York Knicks,True,False
landry shamet,Landry Shamet,/players/s/shamela01.html,2025,2026,NYK,New York Knicks,True,False
mikal bridges,Mikal Bridges,/players/b/bridgmi01.html,2025,2026,NYK,New York Knicks,True,False
miles mcbride,Miles McBride,/players/m/mcbrimi01.html,2025,2026,NYK,New York Knicks,True,False
mitchell robinson,Mitchell Robinson,/players/r/robinmi01.html,2025,2026,NYK,New York Knicks,True,False
mohamed diawara,Mohamed Diawara,/players/d/diawamo01.html,2025,2026,NYK,New York Knicks,True,False
og anunoby,OG Anunoby,/players/a/anunoog01.html,2025,2026,NYK,New York Knicks,True,False
pacome dadiet,Pacôme Dadiet,/players/d/dadiepa01.html,2025,2026,NYK,New York Knicks,True,False
tosan evbuomwan,Tosan Evbuomwan,/players/e/evbuoto01.html,2025,2026,NYK,New York Knicks,True,False
trey jemison,Trey Jemison,/players/j/jemistr01.html,2025,2026,NYK,New York Knicks,True,False
tyler kolek,Tyler Kolek,/players/k/kolekty01.html,2025,2026,NYK,New York Knicks,True,False
