draft_year,round,pick,player_name,player_name_norm
2015,1,1,Karl-Anthony Towns,karl-anthony towns
2015,1,2,D'Angelo Russell,d'angelo russell
2015,1,3,Jahlil Okafor,jahlil okafor
2015,1,4,Kristaps Porzingis,kristaps porzingis
2015,1,5,Mario Hezonja,mario hezonja
2015,1,6,Willie Cauley-Stein,willie cauley-stein
2015,1,7,Emmanuel Mudiay,emmanuel mudiay
2015,1,8,Stanley Johnson,stanley johnson
2015,1,9,Frank Kaminsky,frank kaminsky
2015,1,10,Justise Winslow,justise winslow
2015,1,11,Myles Turner,myles turner
2015,1,12,Trey Lyles,trey lyles
2015,1,13,Devin Booker,devin booker
2015,1,14,Cameron Payne,cameron payne
2015,1,15,Kelly Oubre Jr.,kelly oubre jr.
2015,1,16,Terry Rozier,terry rozier
2015,1,17,Rashad Vaughn,rashad vaughn
2015,1,18,Sam Dekker,sam dekker
2015,1,19,Jerian Grant,jerian grant
2015,1,20,Delon Wright,delon wright
2015,1,21,Justin Anderson,justin anderson
2015,1,22,Bobby Portis,bobby portis
2015,1,23,Rondae Hollis-Jefferson,rondae hollis-jefferson
2015,1,24,Tyus Jones,tyus jones
2015,1,25,Jarell Martin,jarell martin
2015,1,26,Nikola Milutinov,nikola milutinov
2015,1,27,Larry Nance Jr.,larry nance jr.
2015,1,28,R.J. Hunter,r.j. hunter
2015,1,29,Chris McCullough,chris mccullough
2015,1,30,Kevon Looney,kevon looney
2016,1,1,Ben Simmons,ben simmons
2016,1,2,Brandon Ingram,brandon ingram
2016,1,3,Jaylen Brown,jaylen brown
2016,1,4,Dragan Bender,dragan bender
2016,1,5,Kris Dunn,kris dunn
2016,1,6,Buddy Hield,buddy hield
2016,1,7,Jamal Murray,jamal murray
2016,1,8,Marquese Chriss,marquese chriss
2016,1,9,Jakob Poeltl,jakob poeltl
2016,1,10,Thon Maker,thon maker
2016,1,11,Domantas Sabonis,domantas sabonis
2016,1,12,Taurean Prince,taurean prince
2016,1,13,Georgios Papagiannis,georgios papagiannis
2016,1,14,Denzel Valentine,denzel valentine
2016,1,15,Juancho Hernangomez,juancho hernangomez
2016,1,16,Guerschon Yabusele,guerschon yabusele
2016,1,17,Wade Baldwin,wade baldwin
2016,1,18,Henry Ellenson,henry ellenson
2016,1,19,Malik Beasley,malik beasley
2016,1,20,Caris LeVert,caris levert
2016,1,21,DeAndre Bembry,deandre bembry
2016,1,22,Malachi Richardson,malachi richardson
2016,1,23,Ante Zizic,ante zizic
2016,1,24,Timothe Luwawu-Cabarrot,timothe luwawu-cabarrot
2016,1,25,Brice Johnson,brice johnson
2016,1,26,Furkan Korkmaz,furkan korkmaz
2016,1,27,Pascal Siakam,pascal siakam
2016,1,28,Skal Labissiere,skal labissiere
2016,1,29,Dejounte Murray,dejounte murray
2016,1,30,Damian Jones,damian jones
2017,1,1,Markelle Fultz,markelle fultz
2017,1,2,Lonzo Ball,lonzo ball
2017,1,3,Jayson Tatum,jayson tatum
2017,1,4,Josh Jackson,josh jackson
2017,1,5,De'Aaron Fox,de'aaron fox
2017,1,6,Jonathan Isaac,jonathan isaac
2017,1,7,Lauri Markkanen,lauri markkanen
2017,1,8,Frank Ntilikina,frank ntilikina
2017,1,9,Dennis Smith Jr.,dennis smith jr.
2017,1,10,Zach Collins,zach collins
2017,1,11,Malik Monk,malik monk
2017,1,12,Luke Kennard,luke kennard
2017,1,13,Donovan Mitchell,donovan mitchell
2017,1,14,Bam Adebayo,bam adebayo
2017,1,15,Justin Jackson,justin jackson
2017,1,16,Justin Patton,justin patton
2017,1,17,D.J. Wilson,d.j. wilson
2017,1,18,T.J. Leaf,t.j. leaf
2017,1,19,John Collins,john collins
2017,1,20,Harry Giles III,harry giles iii
2017,1,21,Terrance Ferguson,terrance ferguson
2017,1,22,Jarrett Allen,jarrett allen
2017,1,23,OG Anunoby,og anunoby
2017,1,24,Tyler Lydon,tyler lydon
2017,1,25,Anzejs Pasecniks,anzejs pasecniks
2017,1,26,Caleb Swanigan,caleb swanigan
2017,1,27,Kyle Kuzma,kyle kuzma
2017,1,28,Tony Bradley,tony bradley
2017,1,29,Derrick White,derrick white
2017,1,30,Josh Hart,josh hart
2018,1,1,Deandre Ayton,deandre ayton
2018,1,2,Marvin Bagley III,marvin bagley iii
2018,1,3,Luka Doncic,luka doncic
2018,1,4,Jaren Jackson Jr.,jaren jackson jr.
2018,1,5,Trae Young,trae young
2018,1,6,Mo Bamba,mo bamba
2018,1,7,Wendell Carter Jr.,wendell carter jr.
2018,1,8,Collin Sexton,collin sexton
2018,1,9,Kevin Knox II,kevin knox ii
2018,1,10,Mikal Bridges,mikal bridges
2018,1,11,Shai Gilgeous-Alexander,shai gilgeous-alexander
2018,1,12,Miles Bridges,miles bridges
2018,1,13,Jerome Robinson,jerome robinson
2018,1,14,Michael Porter Jr.,michael porter jr.
2018,1,15,Troy Brown Jr.,troy brown jr.
2018,1,16,Zhaire Smith,zhaire smith
2018,1,17,Donte DiVincenzo,donte divincenzo
2018,1,18,Lonnie Walker IV,lonnie walker iv
2018,1,19,Kevin Huerter,kevin huerter
2018,1,20,Josh Okogie,josh okogie
2018,1,21,Grayson Allen,grayson allen
2018,1,22,Chandler Hutchison,chandler hutchison
2018,1,23,Aaron Holiday,aaron holiday
2018,1,24,Anfernee Simons,anfernee simons
2018,1,25,Moritz Wagner,moritz wagner
2018,1,26,Landry Shamet,landry shamet
2018,1,27,Robert Williams III,robert williams iii
2018,1,28,Jacob Evans,jacob evans
2018,1,29,Dzanan Musa,dzanan musa
2018,1,30,Omari Spellman,omari spellman
2019,1,1,Zion Williamson,zion williamson
2019,1,2,Ja Morant,ja morant
2019,1,3,RJ Barrett,rj barrett
2019,1,4,De'Andre Hunter,de'andre hunter
2019,1,5,Darius Garland,darius garland
2019,1,6,Jarrett Culver,jarrett culver
2019,1,7,Coby White,coby white
2019,1,8,Jaxson Hayes,jaxson hayes
2019,1,9,Rui Hachimura,rui hachimura
2019,1,10,Cam Reddish,cam reddish
2019,1,11,Cameron Johnson,cameron johnson
2019,1,12,P.J. Washington,p.j. washington
2019,1,13,Tyler Herro,tyler herro
2019,1,14,Romeo Langford,romeo langford
2019,1,15,Sekou Doumbouya,sekou doumbouya
2019,1,16,Chuma Okeke,chuma okeke
2019,1,17,Nickeil Alexander-Walker,nickeil alexander-walker
2019,1,18,Goga Bitadze,goga bitadze
2019,1,19,Luka Samanic,luka samanic
2019,1,20,Matisse Thybulle,matisse thybulle
2019,1,21,Brandon Clarke,brandon clarke
2019,1,22,Grant Williams,grant williams
2019,1,23,Darius Bazley,darius bazley
2019,1,24,Ty Jerome,ty jerome
2019,1,25,Nassir Little,nassir little
2019,1,26,Dylan Windler,dylan windler
2019,1,27,Mfiondu Kabengele,mfiondu kabengele
2019,1,28,Jordan Poole,jordan poole
2019,1,29,Keldon Johnson,keldon johnson
2019,1,30,Kevin Porter Jr.,kevin porter jr.
2020,1,1,Anthony Edwards,anthony edwards
2020,1,2,James Wiseman,james wiseman
2020,1,3,LaMelo Ball,lamelo ball
2020,1,4,Patrick Williams,patrick williams
2020,1,5,Isaac Okoro,isaac okoro
2020,1,6,Onyeka Okongwu,onyeka okongwu
2020,1,7,Killian Hayes,killian hayes
2020,1,8,Obi Toppin,obi toppin
2020,1,9,Deni Avdija,deni avdija
2020,1,10,Jalen Smith,jalen smith
2020,1,11,Devin Vassell,devin vassell
2020,1,12,Tyrese Haliburton,tyrese haliburton
2020,1,13,Kira Lewis Jr.,kira lewis jr.
2020,1,14,Aaron Nesmith,aaron nesmith
2020,1,15,Cole Anthony,cole anthony
2020,1,16,Isaiah Stewart,isaiah stewart
2020,1,17,Aleksej Pokusevski,aleksej pokusevski
2020,1,18,Josh Green,josh green
2020,1,19,Saddiq Bey,saddiq bey
2020,1,20,Precious Achiuwa,precious achiuwa
2020,1,21,Tyrese Maxey,tyrese maxey
2020,1,22,Zeke Nnaji,zeke nnaji
2020,1,23,Leandro Bolmaro,leandro bolmaro
2020,1,24,R.J. Hampton,r.j. hampton
2020,1,25,Immanuel Quickley,immanuel quickley
2020,1,26,Payton Pritchard,payton pritchard
2020,1,27,Udoka Azubuike,udoka azubuike
2020,1,28,Jaden McDaniels,jaden mcdaniels
2020,1,29,Malachi Flynn,malachi flynn
2020,1,30,Desmond Bane,desmond bane
2021,1,1,Cade Cunningham,cade cunningham
2021,1,2,Jalen Green,jalen green
2021,1,3,Evan Mobley,evan mobley
2021,1,4,Scottie Barnes,scottie barnes
2021,1,5,Jalen Suggs,jalen suggs
2021,1,6,Josh Giddey,josh giddey
2021,1,7,Jonathan Kuminga,jonathan kuminga
2021,1,8,Franz Wagner,franz wagner
2021,1,9,Davion Mitchell,davion mitchell
2021,1,10,Ziaire Williams,ziaire williams
2021,1,11,James Bouknight,james bouknight
2021,1,12,Joshua Primo,joshua primo
2021,1,13,Chris Duarte,chris duarte
2021,1,14,Moses Moody,moses moody
2021,1,15,Corey Kispert,corey kispert
2021,1,16,Alperen Sengun,alperen sengun
2021,1,17,Trey Murphy III,trey murphy iii
2021,1,18,Tre Mann,tre mann
2021,1,19,Kai Jones,kai jones
2021,1,20,Jalen Johnson,jalen johnson
2021,1,21,Keon Johnson,keon johnson
2021,1,22,Isaiah Jackson,isaiah jackson
2021,1,23,Usman Garuba,usman garuba
2021,1,24,Josh Christopher,josh christopher
2021,1,25,Quentin Grimes,quentin grimes
2021,1,26,Bones Hyland,bones hyland
2021,1,27,Cam Thomas,cam thomas
2021,1,28,Jaden Springer,jaden springer
2021,1,29,Day'Ron Sharpe,day'ron sharpe
2021,1,30,Santi Aldama,santi aldama
2022,1,1,Paolo Banchero,paolo banchero
2022,1,2,Chet Holmgren,chet holmgren
2022,1,3,Jabari Smith Jr.,jabari smith jr.
2022,1,4,Keegan Murray,keegan murray
2022,1,5,Jaden Ivey,jaden ivey
2022,1,6,Bennedict Mathurin,bennedict mathurin
2022,1,7,Shaedon Sharpe,shaedon sharpe
2022,1,8,Dyson Daniels,dyson daniels
2022,1,9,Jeremy Sochan,jeremy sochan
2022,1,10,Johnny Davis,johnny davis
2022,1,11,Ousmane Dieng,ousmane dieng
2022,1,12,Jalen Williams,jalen williams
2022,1,13,Jalen Duren,jalen duren
2022,1,14,Ochai Agbaji,ochai agbaji
2022,1,15,Mark Williams,mark williams
2022,1,16,AJ Griffin,aj griffin
2022,1,17,Tari Eason,tari eason
2022,1,18,Dalen Terry,dalen terry
2022,1,19,Jake LaRavia,jake laravia
2022,1,20,Malaki Branham,malaki branham
2022,1,21,Christian Braun,christian braun
2022,1,22,Walker Kessler,walker kessler
2022,1,23,David Roddy,david roddy
2022,1,24,MarJon Beauchamp,marjon beauchamp
2022,1,25,Blake Wesley,blake wesley
2022,1,26,Wendell Moore Jr.,wendell moore jr.
2022,1,27,Nikola Jovic,nikola jovic
2022,1,28,Patrick Baldwin Jr.,patrick baldwin jr.
2022,1,29,TyTy Washington Jr.,tyty washington jr.
2022,1,30,Peyton Watson,peyton watson
2023,1,1,Victor Wembanyama,victor wembanyama
2023,1,2,Brandon Miller,brandon miller
2023,1,3,Scoot Henderson,scoot henderson
2023,1,4,Amen Thompson,amen thompson
2023,1,5,Ausar Thompson,ausar thompson
2023,1,6,Anthony Black,anthony black
2023,1,7,Bilal Coulibaly,bilal coulibaly
2023,1,8,Jarace Walker,jarace walker
2023,1,9,Taylor Hendricks,taylor hendricks
2023,1,10,Cason Wallace,cason wallace
2023,1,11,Jett Howard,jett howard
2023,1,12,Dereck Lively II,dereck lively ii
2023,1,13,Gradey Dick,gradey dick
2023,1,14,Jordan Hawkins,jordan hawkins
2023,1,15,Kobe Bufkin,kobe bufkin
2023,1,16,Keyonte George,keyonte george
2023,1,17,Jalen Hood-Schifino,jalen hood-schifino
2023,1,18,Jaime Jaquez Jr.,jaime jaquez jr.
2023,1,19,Brandin Podziemski,brandin podziemski
2023,1,20,Cam Whitmore,cam whitmore
2023,1,21,Noah Clowney,noah clowney
2023,1,22,Dariq Whitehead,dariq whitehead
2023,1,23,Kris Murray,kris murray
2023,1,24,Olivier-Maxence Prosper,olivier-maxence prosper
2023,1,25,Marcus Sasser,marcus sasser
2023,1,26,Ben Sheppard,ben sheppard
2023,1,27,Nick Smith Jr.,nick smith jr.
2023,1,28,Brice Sensabaugh,brice sensabaugh
2023,1,29,Julian Strawther,julian strawther
2023,1,30,Kobe Brown,kobe brown
2024,1,1,Zaccharie Risacher,zaccharie risacher
2024,1,2,Alex Sarr,alex sarr
2024,1,3,Reed Sheppard,reed sheppard
2024,1,4,Stephon Castle,stephon castle
2024,1,5,Ron Holland,ron holland
2024,1,6,Tidjane Salaun,tidjane salaun
2024,1,7,Donovan Clingan,donovan clingan
2024,1,8,Rob Dillingham,rob dillingham
2024,1,9,Zach Edey,zach edey
2024,1,10,Cody Williams,cody williams
2024,1,11,Matas Buzelis,matas buzelis
2024,1,12,Nikola Topic,nikola topic
2024,1,13,Devin Carter,devin carter
2024,1,14,Bub Carrington,bub carrington
2024,1,15,Kel'el Ware,kel'el ware
2024,1,16,Jared McCain,jared mccain
2024,1,17,Dalton Knecht,dalton knecht
2024,1,18,Tristan da Silva,tristan da silva
2024,1,19,Ja'Kobe Walter,ja'kobe walter
2024,1,20,Jaylon Tyson,jaylon tyson
2024,1,21,Yves Missi,yves missi
2024,1,22,DaRon Holmes II,daron holmes ii
2024,1,23,AJ Johnson,aj johnson
2024,1,24,Kyshawn George,kyshawn george
2024,1,25,Pacome Dadiet,pacome dadiet
2024,1,26,Dillon Jones,dillon jones
2024,1,27,Terrence Shannon Jr.,terrence shannon jr.
2024,1,28,Ryan Dunn,ryan dunn
2024,1,29,Isaiah Collier,isaiah collier
2024,1,30,Baylor Scheierman,baylor scheierman
2025,1,1,Cooper Flagg,cooper flagg
2025,1,2,Dylan Harper,dylan harper
2025,1,3,V.J. Edgecombe,v.j. edgecombe
2025,1,4,Kon Knueppel,kon knueppel
2025,1,5,Ace Bailey,ace bailey
2025,1,6,Tre Johnson,tre johnson
2025,1,7,Jeremiah Fears,jeremiah fears
2025,1,8,Egor Demin,egor demin
2025,1,9,Collin Murray-Boyles,collin murray-boyles
2025,1,10,Khaman Maluach,khaman maluach
2025,1,11,Cedric Coward,cedric coward
2025,1,12,Noa Essengue,noa essengue
2025,1,13,Derik Queen,derik queen
2025,1,14,Carter Bryant,carter bryant
2025,1,15,Thomas Sorber,thomas sorber
2025,1,16,Yang Hansen,yang hansen
2025,1,17,Joan Beringer,joan beringer
2025,1,18,Walter Clayton Jr.,walter clayton jr.
2025,1,19,Nolan Traore,nolan traore
2025,1,20,Kasparas Jakucionis,kasparas jakucionis
2025,1,21,Will Riley,will riley
2025,1,22,Drake Powell,drake powell
2025,1,23,Asa Newell,asa newell
2025,1,24,Nique Clifford,nique clifford
2025,1,25,Jase Richardson,jase richardson
2025,1,26,Ben Saraf,ben saraf
2025,1,27,Danny Wolf,danny wolf
2025,1,28,Hugo Gonzalez,hugo gonzalez
2025,1,29,Liam McNeeley,liam mcneeley
2025,1,30,Yanic Konan Niederhauser,yanic konan niederhauser
