player_name,player_name_norm,season,po_team,po_games,po_mpg
Aaron Gordon,aaron gordon,2019,ORL,5.0,32.8
Aaron Holiday,aaron holiday,2019,IND,3.0,4.3
Abdel Nader,abdel nader,2019,OKC,3.0,1.7
Al Horford,al horford,2019,BOS,9.0,34.4
Al-Farouq Aminu,al-farouq aminu,2019,POR,16.0,24.9
Alfonzo McKinnie,alfonzo mckinnie,2019,GSW,22.0,10.7
Amir Johnson,amir johnson,2019,PHI,4.0,5.0
Andre Drummond,andre drummond,2019,DET,4.0,31.8
Andre Iguodala,andre iguodala,2019,GSW,21.0,30.0
Andrew Bogut,andrew bogut,2019,GSW,19.0,9.4
Anfernee Simons,anfernee simons,2019,POR,5.0,2.4
Aron Baynes,aron baynes,2019,BOS,9.0,12.8
Austin Rivers,austin rivers,2019,HOU,10.0,21.5
Ben Simmons,ben simmons,2019,PHI,12.0,35.1
Blake Griffin,blake griffin,2019,DET,2.0,29.0
Boban Marjanović,boban marjanovic,2019,PHI,11.0,9.5
Bojan Bogdanović,bojan bogdanovic,2019,IND,4.0,37.0
Brad Wanamaker,brad wanamaker,2019,BOS,4.0,4.3
Brook Lopez,brook lopez,2019,MIL,15.0,29.2
Bruce Brown,bruce brown,2019,DET,4.0,14.3
Bryn Forbes,bryn forbes,2019,SAS,7.0,30.3
Caris LeVert,caris levert,2019,BRK,5.0,28.8
Chris Boucher,chris boucher,2019,TOR,2.0,2.0
Chris Paul,chris paul,2019,HOU,11.0,36.1
CJ McCollum,cj mccollum,2019,POR,16.0,39.7
Clint Capela,clint capela,2019,HOU,11.0,30.1
Cory Joseph,cory joseph,2019,IND,4.0,21.3
D'Angelo Russell,d'angelo russell,2019,BRK,5.0,29.6
D.J. Augustin,d.j. augustin,2019,ORL,5.0,28.2
D.J. Wilson,d.j. wilson,2019,MIL,8.0,5.4
Damian Jones,damian jones,2019,GSW,4.0,2.0
Damian Lillard,damian lillard,2019,POR,16.0,40.6
Daniel Theis,daniel theis,2019,BOS,7.0,6.0
Danilo Gallinari,danilo gallinari,2019,LAC,6.0,33.5
Danny Green,danny green,2019,TOR,24.0,28.5
Dante Cunningham,dante cunningham,2019,SAS,5.0,2.6
Danuel House Jr.,danuel house jr.,2019,HOU,7.0,20.1
Darren Collison,darren collison,2019,IND,4.0,29.3
Dāvis Bertāns,davis bertans,2019,SAS,5.0,15.8
DeMar DeRozan,demar derozan,2019,SAS,7.0,35.9
DeMarcus Cousins,demarcus cousins,2019,GSW,8.0,16.6
DeMarre Carroll,demarre carroll,2019,BRK,5.0,23.8
Dennis Schröder,dennis schroder,2019,OKC,5.0,30.2
Deonte Burton,deonte burton,2019,OKC,3.0,1.3
Derrick Favors,derrick favors,2019,UTA,5.0,20.6
Derrick White,derrick white,2019,SAS,7.0,27.3
Domantas Sabonis,domantas sabonis,2019,IND,4.0,24.0
Donatas Motiejūnas,donatas motiejunas,2019,SAS,5.0,3.8
Donovan Mitchell,donovan mitchell,2019,UTA,5.0,38.6
Doug McDermott,doug mcdermott,2019,IND,3.0,9.7
Draymond Green,draymond green,2019,GSW,22.0,38.7
Džanan Musa,dzanan musa,2019,BRK,2.0,7.5
Ed Davis,ed davis,2019,BRK,3.0,13.7
Edmond Sumner,edmond sumner,2019,IND,1.0,2.0
Ekpe Udoh,ekpe udoh,2019,UTA,2.0,3.0
Enes Freedom,enes freedom,2019,POR,16.0,28.8
Eric Bledsoe,eric bledsoe,2019,MIL,15.0,28.2
Eric Gordon,eric gordon,2019,HOU,11.0,37.3
Eric Moreland,eric moreland,2019,TOR,8.0,3.5
Ersan İlyasova,ersan ilyasova,2019,MIL,15.0,18.1
Evan Fournier,evan fournier,2019,ORL,5.0,35.0
Evan Turner,evan turner,2019,POR,16.0,15.3
Fred VanVleet,fred vanvleet,2019,TOR,24.0,24.7
Furkan Korkmaz,furkan korkmaz,2019,PHI,4.0,9.0
Garrett Temple,garrett temple,2019,LAC,6.0,10.5
Gary Clark,gary clark,2019,HOU,2.0,2.0
Gary Harris,gary harris,2019,DEN,14.0,36.9
George Hill,george hill,2019,MIL,15.0,26.3
Georges Niang,georges niang,2019,UTA,5.0,11.0
Gerald Green,gerald green,2019,HOU,11.0,8.8
Giannis Antetokounmpo,giannis antetokounmpo,2019,MIL,15.0,34.3
Glenn Robinson III,glenn robinson iii,2019,DET,3.0,12.0
Gordon Hayward,gordon hayward,2019,BOS,9.0,29.7
Grayson Allen,grayson allen,2019,UTA,2.0,7.0
Greg Monroe,greg monroe,2019,PHI,10.0,9.0
Guerschon Yabusele,guerschon yabusele,2019,BOS,4.0,3.5
Iman Shumpert,iman shumpert,2019,HOU,8.0,13.6
Isaiah Hartenstein,isaiah hartenstein,2019,HOU,2.0,1.0
Ish Smith,ish smith,2019,DET,4.0,20.3
Ivica Zubac,ivica zubac,2019,LAC,4.0,9.8
Jacob Evans,jacob evans,2019,GSW,7.0,2.6
Jae Crowder,jae crowder,2019,UTA,5.0,26.0
Jake Layman,jake layman,2019,POR,6.0,3.3
Jakob Poeltl,jakob poeltl,2019,SAS,7.0,25.3
Jamal Murray,jamal murray,2019,DEN,14.0,36.3
James Ennis III,james ennis iii,2019,PHI,11.0,21.1
James Harden,james harden,2019,HOU,11.0,38.5
JaMychal Green,jamychal green,2019,LAC,6.0,23.5
Jared Dudley,jared dudley,2019,BRK,4.0,20.5
Jarell Martin,jarell martin,2019,ORL,3.0,6.0
Jarred Vanderbilt,jarred vanderbilt,2019,DEN,3.0,1.7
Jarrett Allen,jarrett allen,2019,BRK,5.0,22.0
Jaylen Brown,jaylen brown,2019,BOS,9.0,30.4
Jayson Tatum,jayson tatum,2019,BOS,9.0,32.8
Jerami Grant,jerami grant,2019,OKC,5.0,35.2
Jeremy Lin,jeremy lin,2019,TOR,8.0,3.4
Jerian Grant,jerian grant,2019,ORL,3.0,4.7
Jerome Robinson,jerome robinson,2019,LAC,5.0,9.2
Jimmy Butler,jimmy butler,2019,PHI,12.0,35.1
JJ Redick,jj redick,2019,PHI,12.0,31.3
Jodie Meeks,jodie meeks,2019,TOR,14.0,4.7
Joe Harris,joe harris,2019,BRK,5.0,29.8
Joe Ingles,joe ingles,2019,UTA,5.0,30.2
Joel Embiid,joel embiid,2019,PHI,11.0,30.4
Jon Leuer,jon leuer,2019,DET,1.0,5.0
Jonah Bolden,jonah bolden,2019,PHI,10.0,7.9
Jonas Jerebko,jonas jerebko,2019,GSW,16.0,7.6
Jonathan Isaac,jonathan isaac,2019,ORL,5.0,27.4
Jonathon Simmons,jonathon simmons,2019,PHI,7.0,7.4
Jordan Bell,jordan bell,2019,GSW,15.0,7.1
José Calderón,jose calderon,2019,DET,3.0,3.3
Juancho Hernangómez,juancho hernangomez,2019,DEN,5.0,3.0
Kawhi Leonard,kawhi leonard,2019,TOR,24.0,39.1
Kenneth Faried,kenneth faried,2019,HOU,6.0,9.3
Kevin Durant,kevin durant,2019,GSW,12.0,36.8
Kevon Looney,kevon looney,2019,GSW,21.0,20.6
Khem Birch,khem birch,2019,ORL,5.0,18.4
Khris Middleton,khris middleton,2019,MIL,15.0,34.3
Khyri Thomas,khyri thomas,2019,DET,3.0,5.0
Klay Thompson,klay thompson,2019,GSW,21.0,39.0
Kyle Korver,kyle korver,2019,UTA,4.0,7.5
Kyle Lowry,kyle lowry,2019,TOR,24.0,37.5
Kyle O'Quinn,kyle o'quinn,2019,IND,1.0,2.0
Kyrie Irving,kyrie irving,2019,BOS,9.0,36.7
LaMarcus Aldridge,lamarcus aldridge,2019,SAS,7.0,34.9
Landry Shamet,landry shamet,2019,LAC,6.0,29.0
Langston Galloway,langston galloway,2019,DET,4.0,27.5
Lonnie Walker IV,lonnie walker iv,2019,SAS,6.0,3.5
Lou Williams,lou williams,2019,LAC,6.0,29.3
Luke Kennard,luke kennard,2019,DET,4.0,33.3
Malcolm Brogdon,malcolm brogdon,2019,MIL,7.0,28.3
Malcolm Miller,malcolm miller,2019,TOR,10.0,2.8
Malik Beasley,malik beasley,2019,DEN,14.0,20.1
Marc Gasol,marc gasol,2019,TOR,24.0,30.6
Marco Belinelli,marco belinelli,2019,SAS,7.0,18.7
Marcus Morris,marcus morris,2019,BOS,9.0,28.2
Marcus Smart,marcus smart,2019,BOS,2.0,16.0
Markieff Morris,markieff morris,2019,OKC,5.0,11.8
Mason Plumlee,mason plumlee,2019,DEN,14.0,15.6
Maurice Harkless,maurice harkless,2019,POR,16.0,24.3
Melvin Frazier,melvin frazier,2019,ORL,3.0,5.0
Meyers Leonard,meyers leonard,2019,POR,11.0,15.5
Michael Carter-Williams,michael carter-williams,2019,ORL,5.0,18.4
Mike Scott,mike scott,2019,PHI,10.0,19.3
Monte Morris,monte morris,2019,DEN,14.0,16.0
Montrezl Harrell,montrezl harrell,2019,LAC,6.0,26.3
Myles Turner,myles turner,2019,IND,4.0,31.5
Nenê,nene,2019,HOU,7.0,7.6
Nerlens Noel,nerlens noel,2019,OKC,5.0,12.0
Nikola Jokić,nikola jokic,2019,DEN,14.0,39.8
Nikola Mirotić,nikola mirotic,2019,MIL,14.0,21.3
Nikola Vučević,nikola vucevic,2019,ORL,5.0,29.4
Norman Powell,norman powell,2019,TOR,23.0,15.9
P.J. Tucker,p.j. tucker,2019,HOU,11.0,38.7
Pascal Siakam,pascal siakam,2019,TOR,24.0,37.1
Pat Connaughton,pat connaughton,2019,MIL,15.0,21.6
Patrick Beverley,patrick beverley,2019,LAC,6.0,32.5
Patrick McCaw,patrick mccaw,2019,TOR,11.0,4.4
Patty Mills,patty mills,2019,SAS,7.0,21.7
Paul George,paul george,2019,OKC,5.0,40.8
Paul Millsap,paul millsap,2019,DEN,14.0,33.5
Quincy Pondexter,quincy pondexter,2019,SAS,5.0,2.4
Quinn Cook,quinn cook,2019,GSW,17.0,11.4
Raul Neto,raul neto,2019,UTA,3.0,6.7
Raymond Felton,raymond felton,2019,OKC,5.0,11.4
Reggie Jackson,reggie jackson,2019,DET,4.0,27.0
Ricky Rubio,ricky rubio,2019,UTA,5.0,33.6
Robert Williams,robert williams,2019,BOS,3.0,4.3
Rodions Kurucs,rodions kurucs,2019,BRK,4.0,17.0
Rodney Hood,rodney hood,2019,POR,16.0,23.3
Rondae Hollis-Jefferson,rondae hollis-jefferson,2019,BRK,4.0,15.5
Royce O'Neale,royce o'neale,2019,UTA,5.0,27.4
Rudy Gay,rudy gay,2019,SAS,7.0,25.6
Rudy Gobert,rudy gobert,2019,UTA,5.0,30.4
Russell Westbrook,russell westbrook,2019,OKC,5.0,39.4
Semi Ojeleye,semi ojeleye,2019,BOS,6.0,5.7
Serge Ibaka,serge ibaka,2019,TOR,24.0,20.8
Seth Curry,seth curry,2019,POR,16.0,20.4
Shabazz Napier,shabazz napier,2019,BRK,3.0,9.3
Shai Gilgeous-Alexander,shai gilgeous-alexander,2019,LAC,6.0,28.8
Shaun Livingston,shaun livingston,2019,GSW,22.0,14.6
Sindarius Thornwell,sindarius thornwell,2019,LAC,4.0,3.0
Skal Labissière,skal labissiere,2019,POR,3.0,3.7
Spencer Dinwiddie,spencer dinwiddie,2019,BRK,5.0,26.2
Stephen Curry,stephen curry,2019,GSW,22.0,38.5
Sterling Brown,sterling brown,2019,MIL,11.0,14.7
Steven Adams,steven adams,2019,OKC,5.0,31.8
T.J. Leaf,t.j. leaf,2019,IND,1.0,10.0
T.J. McConnell,t.j. mcconnell,2019,PHI,9.0,8.3
Terrance Ferguson,terrance ferguson,2019,OKC,5.0,25.6
Terrence Ross,terrence ross,2019,ORL,5.0,29.2
Terry Rozier,terry rozier,2019,BOS,9.0,18.0
Thabo Sefolosha,thabo sefolosha,2019,UTA,4.0,10.5
Thaddeus Young,thaddeus young,2019,IND,4.0,32.5
Theo Pinson,theo pinson,2019,BRK,3.0,7.3
Thon Maker,thon maker,2019,DET,4.0,17.3
Tim Frazier,tim frazier,2019,MIL,11.0,3.6
Tobias Harris,tobias harris,2019,PHI,12.0,36.9
Tony Snell,tony snell,2019,MIL,9.0,3.1
Torrey Craig,torrey craig,2019,DEN,14.0,23.6
Treveon Graham,treveon graham,2019,BRK,5.0,15.8
Trey Lyles,trey lyles,2019,DEN,3.0,2.7
Tyreke Evans,tyreke evans,2019,IND,4.0,21.0
Tyrone Wallace,tyrone wallace,2019,LAC,2.0,5.5
Wayne Ellington,wayne ellington,2019,DET,4.0,32.8
Wes Iwundu,wes iwundu,2019,ORL,5.0,12.0
Wesley Matthews,wesley matthews,2019,IND,4.0,29.8
Will Barton,will barton,2019,DEN,14.0,23.4
Wilson Chandler,wilson chandler,2019,LAC,4.0,13.0
Zach Collins,zach collins,2019,POR,16.0,17.2
Zaza Pachulia,zaza pachulia,2019,DET,2.0,11.0
Zhaire Smith,zhaire smith,2019,PHI,2.0,2.5
Aaron Holiday,aaron holiday,2020,IND,4.0,18.0
Abdel Nader,abdel nader,2020,OKC,3.0,8.3
Al Horford,al horford,2020,PHI,4.0,32.3
Alec Burks,alec burks,2020,PHI,4.0,23.8
Alex Caruso,alex caruso,2020,LAL,21.0,24.3
Alize Johnson,alize johnson,2020,IND,1.0,0.0
Amir Coffey,amir coffey,2020,LAC,3.0,2.3
Andre Iguodala,andre iguodala,2020,MIA,21.0,19.5
Andre Roberson,andre roberson,2020,OKC,1.0,3.0
Anfernee Simons,anfernee simons,2020,POR,4.0,20.5
Anthony Davis,anthony davis,2020,LAL,21.0,36.6
Antonius Cleveland,antonius cleveland,2020,DAL,2.0,4.5
Austin Rivers,austin rivers,2020,HOU,12.0,17.6
B.J. Johnson,b.j. johnson,2020,ORL,1.0,4.0
Bam Adebayo,bam adebayo,2020,MIA,19.0,36.2
Ben McLemore,ben mclemore,2020,HOU,11.0,11.8
Boban Marjanović,boban marjanovic,2020,DAL,6.0,13.7
Bol Bol,bol bol,2020,DEN,4.0,5.3
Brad Wanamaker,brad wanamaker,2020,BOS,17.0,16.1
Brook Lopez,brook lopez,2020,MIL,10.0,32.8
Bruno Caboclo,bruno caboclo,2020,HOU,2.0,3.5
Caris LeVert,caris levert,2020,BRK,4.0,35.0
Carmelo Anthony*,carmelo anthony,2020,POR,5.0,35.2
Carsen Edwards,carsen edwards,2020,BOS,1.0,3.0
Chris Boucher,chris boucher,2020,TOR,7.0,6.1
Chris Chiozza,chris chiozza,2020,BRK,4.0,16.3
Chris Clemons,chris clemons,2020,HOU,2.0,4.0
Chris Paul,chris paul,2020,OKC,7.0,37.3
CJ McCollum,cj mccollum,2020,POR,5.0,39.2
D.J. Augustin,d.j. augustin,2020,ORL,5.0,25.6
Damian Lillard,damian lillard,2020,POR,4.0,35.8
Daniel Theis,daniel theis,2020,BOS,17.0,28.4
Danilo Gallinari,danilo gallinari,2020,OKC,7.0,30.3
Danny Green,danny green,2020,LAL,21.0,25.0
Danuel House Jr.,danuel house jr.,2020,HOU,9.0,31.0
Darius Bazley,darius bazley,2020,OKC,7.0,18.0
Delon Wright,delon wright,2020,DAL,4.0,13.3
DeMarre Carroll,demarre carroll,2020,HOU,2.0,3.0
Dennis Schröder,dennis schroder,2020,OKC,7.0,32.4
Deonte Burton,deonte burton,2020,OKC,1.0,2.0
Derrick Jones Jr.,derrick jones jr.,2020,MIA,15.0,6.5
Dion Waiters,dion waiters,2020,LAL,5.0,7.6
Donovan Mitchell,donovan mitchell,2020,UTA,7.0,37.7
Donta Hall,donta hall,2020,BRK,3.0,6.7
Donte DiVincenzo,donte divincenzo,2020,MIL,10.0,16.5
Dorian Finney-Smith,dorian finney-smith,2020,DAL,6.0,31.8
Doug McDermott,doug mcdermott,2020,IND,4.0,13.5
Duncan Robinson,duncan robinson,2020,MIA,21.0,28.6
Dwight Howard*,dwight howard,2020,LAL,18.0,15.7
Džanan Musa,dzanan musa,2020,BRK,3.0,13.0
Edmond Sumner,edmond sumner,2020,IND,3.0,13.7
Emmanuel Mudiay,emmanuel mudiay,2020,UTA,3.0,11.3
Enes Freedom,enes freedom,2020,BOS,11.0,9.3
Eric Bledsoe,eric bledsoe,2020,MIL,9.0,29.7
Eric Gordon,eric gordon,2020,HOU,12.0,34.2
Ersan İlyasova,ersan ilyasova,2020,MIL,3.0,7.7
Evan Fournier,evan fournier,2020,ORL,5.0,34.2
Frank Mason III,frank mason iii,2020,MIL,2.0,1.0
Fred VanVleet,fred vanvleet,2020,TOR,11.0,39.1
Furkan Korkmaz,furkan korkmaz,2020,PHI,4.0,10.0
Gabe Vincent,gabe vincent,2020,MIA,1.0,0.0
Garrett Temple,garrett temple,2020,BRK,4.0,34.3
Gary Clark,gary clark,2020,ORL,5.0,28.8
Gary Harris,gary harris,2020,DEN,14.0,27.1
Gary Trent Jr.,gary trent jr.,2020,POR,5.0,30.6
George Hill,george hill,2020,MIL,10.0,26.8
Georges Niang,georges niang,2020,UTA,7.0,16.3
Giannis Antetokounmpo,giannis antetokounmpo,2020,MIL,9.0,30.8
Goran Dragić,goran dragic,2020,MIA,17.0,32.5
Gordon Hayward,gordon hayward,2020,BOS,5.0,31.4
Grant Williams,grant williams,2020,BOS,17.0,10.0
Hamidou Diallo,hamidou diallo,2020,OKC,3.0,8.3
Hassan Whiteside,hassan whiteside,2020,POR,5.0,21.2
Ivica Zubac,ivica zubac,2020,LAC,13.0,24.6
J.J. Barea,j.j. barea,2020,DAL,1.0,5.0
J.R. Smith,j.r. smith,2020,LAL,10.0,7.5
Jae Crowder,jae crowder,2020,MIA,21.0,31.4
JaKarr Sampson,jakarr sampson,2020,IND,4.0,12.5
Jamal Murray,jamal murray,2020,DEN,19.0,39.6
James Ennis III,james ennis iii,2020,ORL,5.0,23.8
James Harden,james harden,2020,HOU,12.0,37.3
JaMychal Green,jamychal green,2020,LAC,13.0,17.1
Jared Dudley,jared dudley,2020,LAL,9.0,3.4
Jarrell Brantley,jarrell brantley,2020,UTA,2.0,6.5
Jarrett Allen,jarrett allen,2020,BRK,4.0,33.0
JaVale McGee,javale mcgee,2020,LAL,14.0,9.6
Javonte Green,javonte green,2020,BOS,1.0,6.0
Jaylen Adams,jaylen adams,2020,POR,3.0,7.0
Jaylen Brown,jaylen brown,2020,BOS,17.0,39.5
Jaylen Hoard,jaylen hoard,2020,POR,3.0,13.7
Jayson Tatum,jayson tatum,2020,BOS,17.0,40.6
Jeff Green,jeff green,2020,HOU,12.0,28.4
Jerami Grant,jerami grant,2020,DEN,19.0,34.4
Jeremiah Martin,jeremiah martin,2020,BRK,3.0,9.0
Jimmy Butler,jimmy butler,2020,MIA,21.0,38.4
Joakim Noah,joakim noah,2020,LAC,2.0,1.0
Joe Harris,joe harris,2020,BRK,2.0,36.0
Joe Ingles,joe ingles,2020,UTA,7.0,33.4
Joel Embiid,joel embiid,2020,PHI,4.0,36.3
Jordan Clarkson,jordan clarkson,2020,UTA,7.0,28.6
Josh Reaves,josh reaves,2020,DAL,2.0,4.5
Josh Richardson,josh richardson,2020,PHI,4.0,36.0
Justin Anderson,justin anderson,2020,BRK,3.0,9.3
Justin Holiday,justin holiday,2020,IND,4.0,32.8
Justin Jackson,justin jackson,2020,DAL,3.0,5.3
Jusuf Nurkić,jusuf nurkic,2020,POR,5.0,32.2
Juwan Morgan,juwan morgan,2020,UTA,7.0,12.3
Kawhi Leonard,kawhi leonard,2020,LAC,13.0,39.3
Keita Bates-Diop,keita bates-diop,2020,DEN,5.0,4.8
Kelly Olynyk,kelly olynyk,2020,MIA,17.0,15.2
Kemba Walker,kemba walker,2020,BOS,17.0,36.9
Kendrick Nunn,kendrick nunn,2020,MIA,15.0,15.9
Kentavious Caldwell-Pope,kentavious caldwell-pope,2020,LAL,21.0,29.0
Khem Birch,khem birch,2020,ORL,5.0,17.8
Khris Middleton,khris middleton,2020,MIL,10.0,35.5
Kristaps Porziņģis,kristaps porzingis,2020,DAL,3.0,31.3
Kyle Korver,kyle korver,2020,MIL,10.0,11.9
Kyle Kuzma,kyle kuzma,2020,LAL,21.0,23.0
Kyle Lowry,kyle lowry,2020,TOR,11.0,37.5
Kyle O'Quinn,kyle o'quinn,2020,PHI,1.0,6.0
Lance Thomas,lance thomas,2020,BRK,3.0,5.7
Landry Shamet,landry shamet,2020,LAC,13.0,18.7
LeBron James,lebron james,2020,LAL,21.0,36.3
Lou Williams,lou williams,2020,LAC,13.0,26.2
Luguentz Dort,luguentz dort,2020,OKC,6.0,29.2
Luka Dončić,luka doncic,2020,DAL,6.0,35.8
Malcolm Brogdon,malcolm brogdon,2020,IND,4.0,40.0
Malcolm Miller,malcolm miller,2020,TOR,1.0,5.0
Marc Gasol,marc gasol,2020,TOR,11.0,20.7
Marcus Morris,marcus morris,2020,LAC,13.0,29.8
Marcus Smart,marcus smart,2020,BOS,17.0,38.1
Mario Hezonja,mario hezonja,2020,POR,5.0,13.6
Markelle Fultz,markelle fultz,2020,ORL,5.0,29.4
Markieff Morris,markieff morris,2020,LAL,21.0,18.3
Marvin Williams,marvin williams,2020,MIL,10.0,17.9
Mason Plumlee,mason plumlee,2020,DEN,19.0,10.8
Matisse Thybulle,matisse thybulle,2020,PHI,4.0,18.8
Matt Thomas,matt thomas,2020,TOR,10.0,8.4
Maxi Kleber,maxi kleber,2020,DAL,6.0,33.8
Meyers Leonard,meyers leonard,2020,MIA,3.0,10.3
Michael Frazier,michael frazier,2020,HOU,4.0,3.0
Michael Kidd-Gilchrist,michael kidd-gilchrist,2020,DAL,6.0,9.2
Michael Porter Jr.,michael porter jr.,2020,DEN,19.0,23.7
Mike Conley,mike conley,2020,UTA,5.0,33.0
Mike Muscala,mike muscala,2020,OKC,2.0,10.0
Mike Scott,mike scott,2020,PHI,4.0,5.0
Miye Oni,miye oni,2020,UTA,2.0,7.0
Monte Morris,monte morris,2020,DEN,19.0,21.4
Montrezl Harrell,montrezl harrell,2020,LAC,13.0,18.7
Myles Turner,myles turner,2020,IND,4.0,36.5
Nerlens Noel,nerlens noel,2020,OKC,7.0,13.9
Nigel Williams-Goss,nigel williams-goss,2020,UTA,1.0,2.0
Nikola Jokić,nikola jokic,2020,DEN,19.0,36.5
Nikola Vučević,nikola vucevic,2020,ORL,5.0,37.0
Noah Vonleh,noah vonleh,2020,DEN,1.0,3.0
Norman Powell,norman powell,2020,TOR,11.0,24.8
Norvel Pelle,norvel pelle,2020,PHI,1.0,7.0
OG Anunoby,og anunoby,2020,TOR,11.0,35.7
P.J. Tucker,p.j. tucker,2020,HOU,12.0,34.5
Pascal Siakam,pascal siakam,2020,TOR,11.0,38.0
Pat Connaughton,pat connaughton,2020,MIL,10.0,17.1
Patrick Beverley,patrick beverley,2020,LAC,8.0,20.8
Patrick Patterson,patrick patterson,2020,LAC,2.0,5.0
Paul George,paul george,2020,LAC,13.0,36.8
Paul Millsap,paul millsap,2020,DEN,19.0,24.2
Paul Watson,paul watson,2020,TOR,2.0,4.5
PJ Dozier,pj dozier,2020,DEN,12.0,10.4
Quinn Cook,quinn cook,2020,LAL,6.0,4.0
Rajon Rondo,rajon rondo,2020,LAL,16.0,24.7
Raul Neto,raul neto,2020,PHI,2.0,13.0
Rayjon Tucker,rayjon tucker,2020,UTA,2.0,5.5
Reggie Jackson,reggie jackson,2020,LAC,12.0,14.2
Robert Covington,robert covington,2020,HOU,12.0,31.6
Robert Williams,robert williams,2020,BOS,13.0,11.5
Robin Lopez,robin lopez,2020,MIL,3.0,7.0
Rodions Kurucs,rodions kurucs,2020,BRK,4.0,14.5
Rodney McGruder,rodney mcgruder,2020,LAC,5.0,3.2
Romeo Langford,romeo langford,2020,BOS,7.0,6.6
Rondae Hollis-Jefferson,rondae hollis-jefferson,2020,TOR,5.0,7.8
Royce O'Neale,royce o'neale,2020,UTA,7.0,35.6
Rudy Gobert,rudy gobert,2020,UTA,7.0,38.6
Russell Westbrook,russell westbrook,2020,HOU,8.0,32.8
Semi Ojeleye,semi ojeleye,2020,BOS,13.0,9.4
Serge Ibaka,serge ibaka,2020,TOR,11.0,22.8
Seth Curry,seth curry,2020,DAL,6.0,28.8
Shai Gilgeous-Alexander,shai gilgeous-alexander,2020,OKC,7.0,39.9
Shake Milton,shake milton,2020,PHI,4.0,31.5
Solomon Hill,solomon hill,2020,MIA,7.0,6.0
Stanley Johnson,stanley johnson,2020,TOR,3.0,6.7
Sterling Brown,sterling brown,2020,MIL,1.0,4.0
Steven Adams,steven adams,2020,OKC,7.0,30.0
T.J. McConnell,t.j. mcconnell,2020,IND,3.0,9.3
T.J. Warren,t.j. warren,2020,IND,4.0,39.0
Tacko Fall,tacko fall,2020,BOS,2.0,1.5
Talen Horton-Tucker,talen horton-tucker,2020,LAL,2.0,8.5
Terance Mann,terance mann,2020,LAC,13.0,2.1
Terence Davis,terence davis,2020,TOR,6.0,14.0
Terrance Ferguson,terrance ferguson,2020,OKC,4.0,10.5
Terrence Ross,terrence ross,2020,ORL,5.0,27.0
Tim Hardaway Jr.,tim hardaway jr.,2020,DAL,6.0,34.0
Timothé Luwawu-Cabarrot,timothe luwawu-cabarrot,2020,BRK,4.0,32.8
Tobias Harris,tobias harris,2020,PHI,4.0,37.3
Tony Bradley,tony bradley,2020,UTA,6.0,8.0
Torrey Craig,torrey craig,2020,DEN,19.0,19.7
Tremont Waters,tremont waters,2020,BOS,1.0,2.0
Trey Burke,trey burke,2020,DAL,6.0,26.0
Troy Daniels,troy daniels,2020,DEN,6.0,5.0
Tyler Cook,tyler cook,2020,DEN,1.0,4.0
Tyler Herro,tyler herro,2020,MIA,21.0,33.6
Tyler Johnson,tyler johnson,2020,BRK,4.0,23.3
Tyson Chandler,tyson chandler,2020,HOU,1.0,0.0
Vic Law,vic law,2020,ORL,1.0,4.0
Victor Oladipo,victor oladipo,2020,IND,4.0,30.8
Vincent Poirier,vincent poirier,2020,BOS,1.0,2.0
Wenyen Gabriel,wenyen gabriel,2020,POR,4.0,13.3
Wes Iwundu,wes iwundu,2020,ORL,5.0,15.2
Wesley Matthews,wesley matthews,2020,MIL,10.0,24.6
Aaron Gordon,aaron gordon,2021,DEN,10.0,29.9
Aaron Nesmith,aaron nesmith,2021,BOS,5.0,15.0
Abdel Nader,abdel nader,2021,PHO,5.0,5.8
Alec Burks,alec burks,2021,NYK,5.0,25.6
Alex Caruso,alex caruso,2021,LAL,6.0,20.2
Alex Len,alex len,2021,WAS,5.0,8.4
Alfonzo McKinnie,alfonzo mckinnie,2021,LAL,2.0,6.0
Alize Johnson,alize johnson,2021,BRK,5.0,4.6
Amir Coffey,amir coffey,2021,LAC,10.0,1.6
Andre Drummond,andre drummond,2021,LAL,5.0,21.0
Andre Iguodala,andre iguodala,2021,MIA,4.0,17.8
Anfernee Simons,anfernee simons,2021,POR,6.0,17.8
Anthony Davis,anthony davis,2021,LAL,5.0,28.8
Anthony Gill,anthony gill,2021,WAS,4.0,8.3
Anthony Tolliver,anthony tolliver,2021,PHI,1.0,2.0
Austin Rivers,austin rivers,2021,DEN,10.0,30.5
Axel Toupane,axel toupane,2021,MIL,4.0,2.5
Bam Adebayo,bam adebayo,2021,MIA,4.0,34.0
Ben McLemore,ben mclemore,2021,LAL,4.0,9.0
Ben Simmons,ben simmons,2021,PHI,12.0,33.5
Blake Griffin,blake griffin,2021,BRK,12.0,26.5
Boban Marjanović,boban marjanovic,2021,DAL,4.0,20.8
Bobby Portis,bobby portis,2021,MIL,20.0,18.3
Bogdan Bogdanović,bogdan bogdanovic,2021,ATL,18.0,33.2
Bojan Bogdanović,bojan bogdanovic,2021,UTA,11.0,35.5
Bol Bol,bol bol,2021,DEN,3.0,2.0
Bradley Beal,bradley beal,2021,WAS,5.0,39.0
Brandon Clarke,brandon clarke,2021,MEM,2.0,4.5
Brook Lopez,brook lopez,2021,MIL,23.0,29.0
Bruce Brown,bruce brown,2021,BRK,12.0,23.1
Bruno Fernando,bruno fernando,2021,ATL,6.0,2.0
Bryn Forbes,bryn forbes,2021,MIL,20.0,13.7
Cam Reddish,cam reddish,2021,ATL,4.0,23.0
Cameron Johnson,cameron johnson,2021,PHO,21.0,21.1
Cameron Payne,cameron payne,2021,PHO,22.0,19.0
Carmelo Anthony*,carmelo anthony,2021,POR,6.0,23.8
Carsen Edwards,carsen edwards,2021,BOS,2.0,2.5
Cassius Winston,cassius winston,2021,WAS,1.0,5.0
Chandler Hutchison,chandler hutchison,2021,WAS,2.0,9.0
Chris Chiozza,chris chiozza,2021,BRK,6.0,3.2
Chris Paul,chris paul,2021,PHO,20.0,34.2
CJ Elleby,cj elleby,2021,POR,2.0,4.0
CJ McCollum,cj mccollum,2021,POR,6.0,40.0
Clint Capela,clint capela,2021,ATL,18.0,31.6
Damian Lillard,damian lillard,2021,POR,6.0,41.3
Daniel Gafford,daniel gafford,2021,WAS,5.0,23.4
Daniel Oturu,daniel oturu,2021,LAC,8.0,1.9
Danilo Gallinari,danilo gallinari,2021,ATL,18.0,24.6
Danny Green,danny green,2021,PHI,8.0,24.9
Dario Šarić,dario saric,2021,PHO,14.0,10.5
Dāvis Bertāns,davis bertans,2021,WAS,4.0,26.5
De'Andre Hunter,de'andre hunter,2021,ATL,5.0,30.4
De'Anthony Melton,de'anthony melton,2021,MEM,5.0,16.6
Deandre Ayton,deandre ayton,2021,PHO,22.0,36.4
DeMarcus Cousins,demarcus cousins,2021,LAC,7.0,8.3
Dennis Schröder,dennis schroder,2021,LAL,6.0,32.7
Derrick Favors,derrick favors,2021,UTA,11.0,13.2
Derrick Jones Jr.,derrick jones jr.,2021,POR,2.0,5.0
Derrick Rose,derrick rose,2021,NYK,5.0,35.0
Desmond Bane,desmond bane,2021,MEM,5.0,19.8
Devin Booker,devin booker,2021,PHO,22.0,40.4
Dewayne Dedmon,dewayne dedmon,2021,MIA,4.0,14.3
Dillon Brooks,dillon brooks,2021,MEM,5.0,35.0
Donovan Mitchell,donovan mitchell,2021,UTA,10.0,34.6
Donte DiVincenzo,donte divincenzo,2021,MIL,3.0,23.3
Dorian Finney-Smith,dorian finney-smith,2021,DAL,7.0,38.7
Duncan Robinson,duncan robinson,2021,MIA,4.0,25.0
Dwight Howard*,dwight howard,2021,PHI,12.0,12.4
Dwight Powell,dwight powell,2021,DAL,7.0,7.4
E'Twaun Moore,e'twaun moore,2021,PHO,7.0,6.6
Elfrid Payton,elfrid payton,2021,NYK,2.0,6.5
Elijah Bryant,elijah bryant,2021,MIL,11.0,4.5
Enes Freedom,enes freedom,2021,POR,5.0,11.2
Ersan İlyasova,ersan ilyasova,2021,UTA,1.0,3.0
Evan Fournier,evan fournier,2021,BOS,5.0,33.4
Facundo Campazzo,facundo campazzo,2021,DEN,10.0,27.0
Frank Kaminsky,frank kaminsky,2021,PHO,10.0,6.8
Frank Ntilikina,frank ntilikina,2021,NYK,3.0,1.3
Furkan Korkmaz,furkan korkmaz,2021,PHI,12.0,16.3
Gabe Vincent,gabe vincent,2021,MIA,3.0,4.7
Garrison Mathews,garrison mathews,2021,WAS,3.0,5.7
George Hill,george hill,2021,PHI,12.0,17.1
Georges Niang,georges niang,2021,UTA,11.0,11.7
Giannis Antetokounmpo,giannis antetokounmpo,2021,MIL,21.0,38.1
Goran Dragić,goran dragic,2021,MIA,4.0,29.3
Grant Williams,grant williams,2021,BOS,5.0,11.4
Grayson Allen,grayson allen,2021,MEM,5.0,23.2
Harry Giles,harry giles,2021,POR,1.0,4.0
Immanuel Quickley,immanuel quickley,2021,NYK,5.0,15.4
Isaac Bonga,isaac bonga,2021,WAS,4.0,2.5
Isaiah Joe,isaiah joe,2021,PHI,4.0,2.3
Ish Smith,ish smith,2021,WAS,5.0,22.2
Ivica Zubac,ivica zubac,2021,LAC,17.0,17.7
Ja Morant,ja morant,2021,MEM,5.0,40.6
Jabari Parker,jabari parker,2021,BOS,4.0,14.8
Jae Crowder,jae crowder,2021,PHO,22.0,33.1
Jalen Brunson,jalen brunson,2021,DAL,7.0,16.3
Jalen Smith,jalen smith,2021,PHO,6.0,3.0
James Harden,james harden,2021,BRK,9.0,35.8
JaMychal Green,jamychal green,2021,DEN,10.0,19.0
Jared Dudley,jared dudley,2021,LAL,2.0,2.5
Jaren Jackson Jr.,jaren jackson jr.,2021,MEM,5.0,27.4
Jarrell Brantley,jarrell brantley,2021,UTA,2.0,1.5
JaVale McGee,javale mcgee,2021,DEN,4.0,8.5
Jay Scrubb,jay scrubb,2021,LAC,6.0,1.3
Jayson Tatum,jayson tatum,2021,BOS,5.0,37.0
Jeff Green,jeff green,2021,BRK,6.0,24.7
Jeff Teague,jeff teague,2021,MIL,16.0,7.4
Jevon Carter,jevon carter,2021,PHO,7.0,3.1
Jimmy Butler,jimmy butler,2021,MIA,4.0,38.5
Joe Harris,joe harris,2021,BRK,12.0,36.2
Joe Ingles,joe ingles,2021,UTA,11.0,27.8
Joel Embiid,joel embiid,2021,PHI,11.0,32.5
John Collins,john collins,2021,ATL,18.0,32.0
John Konchar,john konchar,2021,MEM,1.0,3.0
Jonas Valančiūnas,jonas valanciunas,2021,MEM,5.0,33.2
Jordan Clarkson,jordan clarkson,2021,UTA,11.0,27.1
Jordan Nwora,jordan nwora,2021,MIL,5.0,6.2
Josh Green,josh green,2021,DAL,1.0,4.0
Josh Richardson,josh richardson,2021,DAL,7.0,13.4
Jrue Holiday,jrue holiday,2021,MIL,23.0,39.7
Julius Randle,julius randle,2021,NYK,5.0,36.0
Justin Jackson,justin jackson,2021,MIL,5.0,3.0
Justise Winslow,justise winslow,2021,MEM,1.0,3.0
Jusuf Nurkić,jusuf nurkic,2021,POR,6.0,28.8
Juwan Morgan,juwan morgan,2021,UTA,2.0,3.0
Kawhi Leonard,kawhi leonard,2021,LAC,11.0,39.3
Keljin Blevins,keljin blevins,2021,POR,2.0,2.0
Kemba Walker,kemba walker,2021,BOS,3.0,30.3
Kendrick Nunn,kendrick nunn,2021,MIA,4.0,23.3
Kentavious Caldwell-Pope,kentavious caldwell-pope,2021,LAL,5.0,29.2
Kevin Durant,kevin durant,2021,BRK,12.0,40.4
Kevin Huerter,kevin huerter,2021,ATL,18.0,31.0
Kevin Knox,kevin knox,2021,NYK,1.0,4.0
Khris Middleton,khris middleton,2021,MIL,23.0,40.1
Kris Dunn,kris dunn,2021,ATL,5.0,6.6
Kristaps Porziņģis,kristaps porzingis,2021,DAL,7.0,33.3
Kyle Anderson,kyle anderson,2021,MEM,5.0,28.4
Kyle Kuzma,kyle kuzma,2021,LAL,6.0,21.5
Kyrie Irving,kyrie irving,2021,BRK,9.0,36.1
KZ Okpala,kz okpala,2021,MIA,2.0,3.0
Landry Shamet,landry shamet,2021,BRK,12.0,17.2
Langston Galloway,langston galloway,2021,PHO,2.0,7.5
LeBron James,lebron james,2021,LAL,6.0,37.3
Lou Williams,lou williams,2021,ATL,18.0,15.4
Luka Dončić,luka doncic,2021,DAL,7.0,40.1
Luke Kennard,luke kennard,2021,LAC,15.0,14.6
Luke Kornet,luke kornet,2021,BOS,2.0,2.5
Mamadi Diakite,mamadi diakite,2021,MIL,7.0,5.0
Marc Gasol,marc gasol,2021,LAL,5.0,17.4
Marcus Morris,marcus morris,2021,LAC,19.0,31.8
Marcus Smart,marcus smart,2021,BOS,5.0,36.6
Markieff Morris,markieff morris,2021,LAL,4.0,9.5
Markus Howard,markus howard,2021,DEN,9.0,12.4
Matisse Thybulle,matisse thybulle,2021,PHI,12.0,18.3
Matt Thomas,matt thomas,2021,UTA,3.0,2.3
Max Strus,max strus,2021,MIA,2.0,3.0
Maxi Kleber,maxi kleber,2021,DAL,7.0,26.7
Michael Porter Jr.,michael porter jr.,2021,DEN,10.0,33.2
Mikal Bridges,mikal bridges,2021,PHO,22.0,32.1
Mike Conley,mike conley,2021,UTA,6.0,29.3
Mike James,mike james,2021,BRK,9.0,11.4
Mike Scott,mike scott,2021,PHI,5.0,6.8
Miye Oni,miye oni,2021,UTA,8.0,5.1
Monte Morris,monte morris,2021,DEN,10.0,28.6
Montrezl Harrell,montrezl harrell,2021,LAL,4.0,9.8
Nassir Little,nassir little,2021,POR,3.0,3.0
Nathan Knight,nathan knight,2021,ATL,6.0,2.3
Nemanja Bjelica,nemanja bjelica,2021,MIA,2.0,15.0
Nerlens Noel,nerlens noel,2021,NYK,5.0,18.4
Nic Claxton,nic claxton,2021,BRK,12.0,10.8
Nicolas Batum,nicolas batum,2021,LAC,19.0,29.2
Nicolò Melli,nicolo melli,2021,DAL,3.0,6.3
Nikola Jokić,nikola jokic,2021,DEN,10.0,34.5
Norman Powell,norman powell,2021,POR,6.0,36.0
Obi Toppin,obi toppin,2021,NYK,5.0,13.0
Onyeka Okongwu,onyeka okongwu,2021,ATL,18.0,9.2
P.J. Tucker,p.j. tucker,2021,MIL,23.0,29.6
Pat Connaughton,pat connaughton,2021,MIL,23.0,23.7
Patrick Beverley,patrick beverley,2021,LAC,17.0,19.0
Paul George,paul george,2021,LAC,19.0,40.8
Paul Millsap,paul millsap,2021,DEN,9.0,12.1
Paul Reed,paul reed,2021,PHI,3.0,3.7
Payton Pritchard,payton pritchard,2021,BOS,5.0,13.4
Precious Achiuwa,precious achiuwa,2021,MIA,3.0,4.0
Rajon Rondo,rajon rondo,2021,LAC,13.0,16.9
Raul Neto,raul neto,2021,WAS,5.0,22.4
Rayjon Tucker,rayjon tucker,2021,PHI,1.0,2.0
Reggie Bullock,reggie bullock,2021,NYK,5.0,32.4
Reggie Jackson,reggie jackson,2021,LAC,19.0,32.7
Reggie Perry,reggie perry,2021,BRK,5.0,4.4
RJ Barrett,rj barrett,2021,NYK,5.0,32.4
Robert Covington,robert covington,2021,POR,6.0,38.0
Robert Williams,robert williams,2021,BOS,3.0,15.3
Robin Lopez,robin lopez,2021,WAS,5.0,14.6
Romeo Langford,romeo langford,2021,BOS,4.0,27.3
Rondae Hollis-Jefferson,rondae hollis-jefferson,2021,POR,5.0,7.2
Royce O'Neale,royce o'neale,2021,UTA,11.0,36.7
Rudy Gobert,rudy gobert,2021,UTA,11.0,34.2
Rui Hachimura,rui hachimura,2021,WAS,5.0,34.6
Russell Westbrook,russell westbrook,2021,WAS,5.0,37.2
Sam Merrill,sam merrill,2021,MIL,8.0,3.8
Semi Ojeleye,semi ojeleye,2021,BOS,2.0,6.0
Serge Ibaka,serge ibaka,2021,LAC,2.0,9.0
Seth Curry,seth curry,2021,PHI,12.0,31.8
Shake Milton,shake milton,2021,PHI,12.0,10.1
Shaquille Harrison,shaquille harrison,2021,DEN,9.0,4.4
Skylar Mays,skylar mays,2021,ATL,7.0,2.4
Solomon Hill,solomon hill,2021,ATL,14.0,10.4
T.J. Leaf,t.j. leaf,2021,POR,3.0,2.3
Tacko Fall,tacko fall,2021,BOS,1.0,1.0
Taj Gibson,taj gibson,2021,NYK,5.0,27.6
Talen Horton-Tucker,talen horton-tucker,2021,LAL,4.0,12.0
Terance Mann,terance mann,2021,LAC,19.0,19.9
Thanasis Antetokounmpo,thanasis antetokounmpo,2021,MIL,13.0,3.5
Tim Hardaway Jr.,tim hardaway jr.,2021,DAL,7.0,37.4
Timothé Luwawu-Cabarrot,timothe luwawu-cabarrot,2021,BRK,7.0,3.6
Tobias Harris,tobias harris,2021,PHI,12.0,36.5
Tony Snell,tony snell,2021,ATL,9.0,7.3
Torrey Craig,torrey craig,2021,PHO,22.0,12.1
Trae Young,trae young,2021,ATL,16.0,37.7
Tremont Waters,tremont waters,2021,BOS,3.0,2.0
Trent Forrest,trent forrest,2021,UTA,4.0,2.5
Trevor Ariza,trevor ariza,2021,MIA,4.0,24.0
Trey Burke,trey burke,2021,DAL,2.0,8.5
Tristan Thompson,tristan thompson,2021,BOS,5.0,26.4
Ty-Shon Alexander,ty-shon alexander,2021,PHO,1.0,1.0
Tyler Herro,tyler herro,2021,MIA,4.0,23.3
Tyler Johnson,tyler johnson,2021,BRK,8.0,8.6
Tyrese Maxey,tyrese maxey,2021,PHI,12.0,13.0
Tyus Jones,tyus jones,2021,MEM,5.0,9.4
Udoka Azubuike,udoka azubuike,2021,UTA,1.0,1.0
Vlatko Čančar,vlatko cancar,2021,DEN,5.0,4.2
Wesley Matthews,wesley matthews,2021,LAL,6.0,18.3
Will Barton,will barton,2021,DEN,3.0,27.7
Willie Cauley-Stein,willie cauley-stein,2021,DAL,6.0,10.5
Xavier Tillman Sr.,xavier tillman sr.,2021,MEM,3.0,6.0
Yogi Ferrell,yogi ferrell,2021,LAC,9.0,1.7
Zeke Nnaji,zeke nnaji,2021,DEN,5.0,3.6
Aaron Gordon,aaron gordon,2022,DEN,5.0,32.0
Aaron Holiday,aaron holiday,2022,PHO,6.0,3.3
Aaron Nesmith,aaron nesmith,2022,BOS,15.0,3.5
Al Horford,al horford,2022,BOS,23.0,35.4
Alex Caruso,alex caruso,2022,CHI,4.0,28.3
Andre Drummond,andre drummond,2022,BRK,4.0,15.0
Andre Iguodala,andre iguodala,2022,GSW,7.0,8.7
Andrew Wiggins,andrew wiggins,2022,GSW,22.0,34.9
Anthony Edwards,anthony edwards,2022,MIN,6.0,37.8
Armoni Brooks,armoni brooks,2022,TOR,4.0,2.0
Austin Rivers,austin rivers,2022,DEN,5.0,21.6
Ayo Dosunmu,ayo dosunmu,2022,CHI,5.0,17.2
Bam Adebayo,bam adebayo,2022,MIA,18.0,34.1
Bismack Biyombo,bismack biyombo,2022,PHO,9.0,9.6
Blake Griffin,blake griffin,2022,BRK,2.0,12.5
Boban Marjanović,boban marjanovic,2022,DAL,3.0,2.0
Bobby Portis,bobby portis,2022,MIL,12.0,24.8
Bogdan Bogdanović,bogdan bogdanovic,2022,ATL,4.0,26.8
Bojan Bogdanović,bojan bogdanovic,2022,UTA,6.0,35.7
Bones Hyland,bones hyland,2022,DEN,5.0,17.4
Brandon Clarke,brandon clarke,2022,MEM,12.0,24.7
Brandon Ingram,brandon ingram,2022,NOP,6.0,39.3
Brook Lopez,brook lopez,2022,MIL,12.0,27.7
Bruce Brown,bruce brown,2022,BRK,4.0,34.8
Bryn Forbes,bryn forbes,2022,DEN,5.0,15.2
Caleb Martin,caleb martin,2022,MIA,17.0,12.3
Cam Thomas,cam thomas,2022,BRK,1.0,0.0
Cameron Johnson,cameron johnson,2022,PHO,13.0,24.6
Cameron Payne,cameron payne,2022,PHO,13.0,13.2
Charles Bassey,charles bassey,2022,PHI,3.0,4.0
Chris Boucher,chris boucher,2022,TOR,6.0,21.7
Chris Paul,chris paul,2022,PHO,13.0,34.5
CJ McCollum,cj mccollum,2022,NOP,6.0,39.0
Clint Capela,clint capela,2022,ATL,2.0,20.0
Coby White,coby white,2022,CHI,5.0,19.6
D'Angelo Russell,d'angelo russell,2022,MIN,6.0,32.7
Dalano Banton,dalano banton,2022,TOR,4.0,2.0
Damion Lee,damion lee,2022,GSW,16.0,7.8
Daniel Theis,daniel theis,2022,BOS,16.0,12.5
Danilo Gallinari,danilo gallinari,2022,ATL,5.0,22.4
Danny Green,danny green,2022,PHI,12.0,26.6
Danuel House Jr.,danuel house jr.,2022,UTA,6.0,18.7
Dāvis Bertāns,davis bertans,2022,DAL,18.0,10.7
Day'Ron Sharpe,day'ron sharpe,2022,BRK,1.0,0.0
De'Andre Hunter,de'andre hunter,2022,ATL,5.0,35.0
De'Anthony Melton,de'anthony melton,2022,MEM,10.0,17.0
Deandre Ayton,deandre ayton,2022,PHO,13.0,30.5
DeAndre Jordan,deandre jordan,2022,PHI,3.0,10.3
Delon Wright,delon wright,2022,ATL,5.0,27.4
DeMar DeRozan,demar derozan,2022,CHI,5.0,40.6
DeMarcus Cousins,demarcus cousins,2022,DEN,5.0,11.4
Derrick Jones Jr.,derrick jones jr.,2022,CHI,5.0,11.8
Derrick White,derrick white,2022,BOS,23.0,25.4
Desmond Bane,desmond bane,2022,MEM,12.0,35.7
Devin Booker,devin booker,2022,PHO,10.0,36.6
Devonte' Graham,devonte' graham,2022,NOP,6.0,10.0
Dewayne Dedmon,dewayne dedmon,2022,MIA,14.0,9.9
Dillon Brooks,dillon brooks,2022,MEM,11.0,30.5
Donovan Mitchell,donovan mitchell,2022,UTA,6.0,38.2
Dorian Finney-Smith,dorian finney-smith,2022,DAL,18.0,38.2
Draymond Green,draymond green,2022,GSW,22.0,32.0
Duncan Robinson,duncan robinson,2022,MIA,13.0,12.2
Dwight Powell,dwight powell,2022,DAL,18.0,13.8
Elfrid Payton,elfrid payton,2022,PHO,2.0,4.0
Eric Paschall,eric paschall,2022,UTA,4.0,6.0
Facundo Campazzo,facundo campazzo,2022,DEN,4.0,3.3
Frank Ntilikina,frank ntilikina,2022,DAL,12.0,10.4
Fred VanVleet,fred vanvleet,2022,TOR,4.0,35.0
Furkan Korkmaz,furkan korkmaz,2022,PHI,9.0,6.8
Gabe Vincent,gabe vincent,2022,MIA,18.0,23.5
Garrett Temple,garrett temple,2022,NOP,1.0,2.0
Gary Payton II,gary payton ii,2022,GSW,12.0,16.9
Gary Trent Jr.,gary trent jr.,2022,TOR,6.0,33.2
George Hill,george hill,2022,MIL,5.0,15.2
Georges Niang,georges niang,2022,PHI,12.0,16.5
Giannis Antetokounmpo,giannis antetokounmpo,2022,MIL,12.0,37.3
Goran Dragić,goran dragic,2022,BRK,4.0,19.8
Gorgui Dieng,gorgui dieng,2022,ATL,2.0,5.0
Grant Williams,grant williams,2022,BOS,24.0,27.3
Grayson Allen,grayson allen,2022,MIL,12.0,25.4
Greg Monroe,greg monroe,2022,MIN,2.0,3.5
Hassan Whiteside,hassan whiteside,2022,UTA,6.0,10.8
Haywood Highsmith,haywood highsmith,2022,MIA,8.0,3.9
Herbert Jones,herbert jones,2022,NOP,6.0,37.7
Isaac Bonga,isaac bonga,2022,TOR,1.0,3.0
Isaiah Joe,isaiah joe,2022,PHI,7.0,2.1
Ish Wainright,ish wainright,2022,PHO,7.0,3.7
Ja Morant,ja morant,2022,MEM,9.0,37.6
Jaden McDaniels,jaden mcdaniels,2022,MIN,6.0,21.7
Jaden Springer,jaden springer,2022,PHI,5.0,2.6
Jae Crowder,jae crowder,2022,PHO,13.0,29.5
Jalen Brunson,jalen brunson,2022,DAL,18.0,34.9
Jalen Johnson,jalen johnson,2022,ATL,2.0,4.5
James Harden,james harden,2022,PHI,12.0,39.9
JaMychal Green,jamychal green,2022,DEN,5.0,13.8
Jared Butler,jared butler,2022,UTA,1.0,5.0
Jaren Jackson Jr.,jaren jackson jr.,2022,MEM,12.0,27.7
Jarred Vanderbilt,jarred vanderbilt,2022,MIN,6.0,21.5
Jarrett Culver,jarrett culver,2022,MEM,3.0,7.3
JaVale McGee,javale mcgee,2022,PHO,12.0,11.1
Javonte Green,javonte green,2022,CHI,5.0,14.4
Jaxson Hayes,jaxson hayes,2022,NOP,6.0,13.8
Jaylen Brown,jaylen brown,2022,BOS,24.0,38.3
Jaylen Nowell,jaylen nowell,2022,MIN,1.0,12.0
Jayson Tatum,jayson tatum,2022,BOS,24.0,41.0
Jeff Green,jeff green,2022,DEN,5.0,22.6
Jevon Carter,jevon carter,2022,MIL,11.0,11.5
Jimmy Butler,jimmy butler,2022,MIA,17.0,37.0
Joel Embiid,joel embiid,2022,PHI,10.0,38.5
John Collins,john collins,2022,ATL,5.0,24.4
John Konchar,john konchar,2022,MEM,8.0,7.0
Jonas Valančiūnas,jonas valanciunas,2022,NOP,6.0,29.2
Jonathan Kuminga,jonathan kuminga,2022,GSW,16.0,8.6
Jordan Clarkson,jordan clarkson,2022,UTA,6.0,28.3
Jordan McLaughlin,jordan mclaughlin,2022,MIN,5.0,16.6
Jordan Nwora,jordan nwora,2022,MIL,8.0,2.5
Jordan Poole,jordan poole,2022,GSW,22.0,27.5
Jose Alvarado,jose alvarado,2022,NOP,6.0,19.5
Josh Green,josh green,2022,DAL,16.0,7.6
Josh Okogie,josh okogie,2022,MIN,1.0,2.0
Jrue Holiday,jrue holiday,2022,MIL,12.0,38.6
Juan Toscano-Anderson,juan toscano-anderson,2022,GSW,14.0,3.5
Juancho Hernangómez,juancho hernangomez,2022,UTA,6.0,9.3
Juwan Morgan,juwan morgan,2022,BOS,9.0,1.7
Karl-Anthony Towns,karl-anthony towns,2022,MIN,6.0,37.0
Kessler Edwards,kessler edwards,2022,BRK,2.0,3.5
Kevin Durant,kevin durant,2022,BRK,4.0,44.0
Kevin Huerter,kevin huerter,2022,ATL,5.0,30.8
Kevin Knox,kevin knox,2022,ATL,2.0,4.5
Kevon Looney,kevon looney,2022,GSW,22.0,20.4
Khem Birch,khem birch,2022,TOR,6.0,10.5
Khris Middleton,khris middleton,2022,MIL,2.0,36.0
Klay Thompson,klay thompson,2022,GSW,22.0,36.0
Kyle Anderson,kyle anderson,2022,MEM,12.0,18.4
Kyle Lowry,kyle lowry,2022,MIA,10.0,29.5
Kyrie Irving,kyrie irving,2022,BRK,4.0,42.5
Landry Shamet,landry shamet,2022,PHO,12.0,16.0
Larry Nance Jr.,larry nance jr.,2022,NOP,6.0,21.7
Luca Vildoza,luca vildoza,2022,MIL,7.0,2.4
Luka Dončić,luka doncic,2022,DAL,15.0,36.8
Luke Kornet,luke kornet,2022,BOS,9.0,2.1
Malachi Flynn,malachi flynn,2022,TOR,6.0,6.0
Malik Beasley,malik beasley,2022,MIN,6.0,19.8
Malik Fitts,malik fitts,2022,BOS,9.0,1.8
Marcus Smart,marcus smart,2022,BOS,21.0,36.2
Markieff Morris,markieff morris,2022,MIA,1.0,3.0
Marquese Chriss,marquese chriss,2022,DAL,8.0,3.8
Matisse Thybulle,matisse thybulle,2022,PHI,9.0,15.2
Max Strus,max strus,2022,MIA,18.0,29.1
Maxi Kleber,maxi kleber,2022,DAL,18.0,25.4
Mikal Bridges,mikal bridges,2022,PHO,13.0,38.5
Mike Conley,mike conley,2022,UTA,6.0,29.0
Monte Morris,monte morris,2022,DEN,5.0,31.2
Moses Moody,moses moody,2022,GSW,13.0,8.1
Naji Marshall,naji marshall,2022,NOP,6.0,9.3
Naz Reid,naz reid,2022,MIN,5.0,10.8
Nemanja Bjelica,nemanja bjelica,2022,GSW,15.0,10.0
Nic Claxton,nic claxton,2022,BRK,4.0,24.5
Nickeil Alexander-Walker,nickeil alexander-walker,2022,UTA,1.0,5.0
Nik Stauskas,nik stauskas,2022,BOS,13.0,1.8
Nikola Jokić,nikola jokic,2022,DEN,5.0,34.2
Nikola Vučević,nikola vucevic,2022,CHI,5.0,36.2
OG Anunoby,og anunoby,2022,TOR,6.0,36.2
Omer Yurtseven,omer yurtseven,2022,MIA,9.0,4.2
Onyeka Okongwu,onyeka okongwu,2022,ATL,5.0,21.6
Otto Porter Jr.,otto porter jr.,2022,GSW,19.0,19.5
P.J. Tucker,p.j. tucker,2022,MIA,18.0,28.3
Pascal Siakam,pascal siakam,2022,TOR,6.0,43.3
Pat Connaughton,pat connaughton,2022,MIL,12.0,26.5
Patrick Beverley,patrick beverley,2022,MIN,6.0,32.3
Patrick Williams,patrick williams,2022,CHI,5.0,30.6
Patty Mills,patty mills,2022,BRK,4.0,18.0
Paul Millsap,paul millsap,2022,PHI,1.0,6.0
Paul Reed,paul reed,2022,PHI,12.0,11.7
Payton Pritchard,payton pritchard,2022,BOS,24.0,12.9
Precious Achiuwa,precious achiuwa,2022,TOR,6.0,27.8
Rayjon Tucker,rayjon tucker,2022,MIL,8.0,2.4
Reggie Bullock,reggie bullock,2022,DAL,18.0,39.3
Robert Williams,robert williams,2022,BOS,17.0,23.2
Royce O'Neale,royce o'neale,2022,UTA,6.0,31.3
Rudy Gobert,rudy gobert,2022,UTA,6.0,32.8
Sam Hauser,sam hauser,2022,BOS,7.0,2.1
Scottie Barnes,scottie barnes,2022,TOR,4.0,33.3
Serge Ibaka,serge ibaka,2022,MIL,6.0,3.7
Seth Curry,seth curry,2022,BRK,4.0,33.0
Shake Milton,shake milton,2022,PHI,12.0,13.2
Skylar Mays,skylar mays,2022,ATL,2.0,4.5
Spencer Dinwiddie,spencer dinwiddie,2022,DAL,18.0,27.8
Stephen Curry,stephen curry,2022,GSW,22.0,34.7
Sterling Brown,sterling brown,2022,DAL,9.0,2.9
Steven Adams,steven adams,2022,MEM,7.0,16.3
Svi Mykhailiuk,svi mykhailiuk,2022,TOR,3.0,1.7
Taurean Prince,taurean prince,2022,MIN,5.0,13.0
Thaddeus Young,thaddeus young,2022,TOR,6.0,14.5
Thanasis Antetokounmpo,thanasis antetokounmpo,2022,MIL,8.0,2.5
Timothé Luwawu-Cabarrot,timothe luwawu-cabarrot,2022,ATL,4.0,5.5
Tobias Harris,tobias harris,2022,PHI,12.0,38.8
Tony Bradley,tony bradley,2022,CHI,2.0,4.0
Torrey Craig,torrey craig,2022,PHO,9.0,7.7
Trae Young,trae young,2022,ATL,5.0,37.2
Trey Burke,trey burke,2022,DAL,10.0,3.7
Trey Murphy III,trey murphy iii,2022,NOP,6.0,20.0
Tristan Thompson,tristan thompson,2022,CHI,5.0,7.6
Troy Brown Jr.,troy brown jr.,2022,CHI,3.0,12.3
Tyler Herro,tyler herro,2022,MIA,15.0,25.4
Tyrese Maxey,tyrese maxey,2022,PHI,12.0,40.4
Tyus Jones,tyus jones,2022,MEM,12.0,21.8
Victor Oladipo,victor oladipo,2022,MIA,15.0,24.5
Vlatko Čančar,vlatko cancar,2022,DEN,2.0,4.5
Wesley Matthews,wesley matthews,2022,MIL,12.0,28.8
Will Barton,will barton,2022,DEN,5.0,34.4
Willy Hernangómez,willy hernangomez,2022,NOP,1.0,2.0
Xavier Tillman Sr.,xavier tillman sr.,2022,MEM,9.0,15.4
Yuta Watanabe,yuta watanabe,2022,TOR,4.0,2.5
Zach LaVine,zach lavine,2022,CHI,4.0,38.3
Zeke Nnaji,zeke nnaji,2022,DEN,2.0,4.5
Ziaire Williams,ziaire williams,2022,MEM,10.0,16.8
Aaron Gordon,aaron gordon,2023,DEN,20.0,35.7
Aaron Holiday,aaron holiday,2023,ATL,1.0,4.0
Al Horford,al horford,2023,BOS,20.0,30.9
Alex Len,alex len,2023,SAC,7.0,7.7
Amir Coffey,amir coffey,2023,LAC,1.0,1.0
Andrew Wiggins,andrew wiggins,2023,GSW,13.0,34.0
Anthony Davis,anthony davis,2023,LAL,16.0,38.0
Anthony Edwards,anthony edwards,2023,MIN,5.0,39.8
Anthony Lamb,anthony lamb,2023,GSW,6.0,5.2
Austin Reaves,austin reaves,2023,LAL,16.0,36.2
Austin Rivers,austin rivers,2023,MIN,4.0,11.5
Bam Adebayo,bam adebayo,2023,MIA,23.0,37.0
Bismack Biyombo,bismack biyombo,2023,PHO,8.0,9.8
Blake Griffin,blake griffin,2023,BOS,1.0,6.0
Bobby Portis,bobby portis,2023,MIL,5.0,21.4
Bogdan Bogdanović,bogdan bogdanovic,2023,ATL,6.0,26.2
Bones Hyland,bones hyland,2023,LAC,5.0,16.4
Brandon Boston Jr.,brandon boston jr.,2023,LAC,1.0,1.0
Brook Lopez,brook lopez,2023,MIL,5.0,36.4
Bruce Brown,bruce brown,2023,DEN,20.0,26.5
Caleb Martin,caleb martin,2023,MIA,23.0,30.2
Cam Thomas,cam thomas,2023,BRK,2.0,8.0
Cameron Johnson,cameron johnson,2023,BRK,4.0,38.0
Cameron Payne,cameron payne,2023,PHO,7.0,21.7
Caris LeVert,caris levert,2023,CLE,5.0,34.0
Cedi Osman,cedi osman,2023,CLE,5.0,18.6
Chimezie Metu,chimezie metu,2023,SAC,3.0,2.0
Chris Paul,chris paul,2023,PHO,7.0,35.7
Christian Braun,christian braun,2023,DEN,19.0,13.0
Clint Capela,clint capela,2023,ATL,6.0,25.2
Cody Zeller,cody zeller,2023,MIA,21.0,8.3
D'Angelo Russell,d'angelo russell,2023,LAL,16.0,29.6
Damion Lee,damion lee,2023,PHO,8.0,11.1
Danny Green,danny green,2023,CLE,4.0,10.0
Danuel House Jr.,danuel house jr.,2023,PHI,7.0,6.0
DaQuan Jeffries,daquan jeffries,2023,NYK,2.0,2.5
Darius Garland,darius garland,2023,CLE,5.0,37.8
David Duke Jr.,david duke jr.,2023,BRK,1.0,5.0
David Roddy,david roddy,2023,MEM,6.0,12.7
Davion Mitchell,davion mitchell,2023,SAC,7.0,20.0
Day'Ron Sharpe,day'ron sharpe,2023,BRK,2.0,10.0
De'Aaron Fox,de'aaron fox,2023,SAC,7.0,38.6
De'Andre Hunter,de'andre hunter,2023,ATL,6.0,37.3
De'Anthony Melton,de'anthony melton,2023,PHI,11.0,24.9
Dean Wade,dean wade,2023,CLE,2.0,5.5
Deandre Ayton,deandre ayton,2023,PHO,10.0,31.9
DeAndre Jordan,deandre jordan,2023,DEN,4.0,3.5
Dejounte Murray,dejounte murray,2023,ATL,5.0,38.0
Dennis Schröder,dennis schroder,2023,LAL,16.0,26.1
Derrick Rose,derrick rose,2023,NYK,1.0,3.0
Derrick White,derrick white,2023,BOS,20.0,29.7
Desmond Bane,desmond bane,2023,MEM,6.0,38.5
Devin Booker,devin booker,2023,PHO,11.0,41.7
Dewayne Dedmon,dewayne dedmon,2023,PHI,1.0,5.0
Dillon Brooks,dillon brooks,2023,MEM,6.0,27.8
Domantas Sabonis,domantas sabonis,2023,SAC,7.0,34.7
Donovan Mitchell,donovan mitchell,2023,CLE,5.0,41.4
Donte DiVincenzo,donte divincenzo,2023,GSW,13.0,18.1
Dorian Finney-Smith,dorian finney-smith,2023,BRK,4.0,25.3
Draymond Green,draymond green,2023,GSW,12.0,30.6
Duncan Robinson,duncan robinson,2023,MIA,23.0,18.2
Edmond Sumner,edmond sumner,2023,BRK,1.0,4.0
Eric Gordon,eric gordon,2023,LAC,5.0,29.8
Evan Mobley,evan mobley,2023,CLE,5.0,37.6
Furkan Korkmaz,furkan korkmaz,2023,PHI,3.0,3.7
Gabe Vincent,gabe vincent,2023,MIA,22.0,30.5
Gary Payton II,gary payton ii,2023,GSW,12.0,16.0
Georges Niang,georges niang,2023,PHI,11.0,14.3
Giannis Antetokounmpo,giannis antetokounmpo,2023,MIL,3.0,30.3
Goran Dragić,goran dragic,2023,MIL,2.0,3.5
Grant Williams,grant williams,2023,BOS,15.0,17.7
Grayson Allen,grayson allen,2023,MIL,5.0,29.8
Harrison Barnes,harrison barnes,2023,SAC,7.0,28.0
Haywood Highsmith,haywood highsmith,2023,MIA,18.0,8.9
Immanuel Quickley,immanuel quickley,2023,NYK,8.0,21.9
Isaac Okoro,isaac okoro,2023,CLE,5.0,15.0
Isaiah Hartenstein,isaiah hartenstein,2023,NYK,11.0,20.0
Ish Smith,ish smith,2023,DEN,4.0,3.0
Ish Wainright,ish wainright,2023,PHO,6.0,3.5
Ivica Zubac,ivica zubac,2023,LAC,5.0,26.0
Ja Morant,ja morant,2023,MEM,5.0,37.4
Jaden Springer,jaden springer,2023,PHI,4.0,4.3
Jae Crowder,jae crowder,2023,MIL,4.0,10.3
Jalen Brunson,jalen brunson,2023,NYK,11.0,40.3
Jalen Johnson,jalen johnson,2023,ATL,6.0,9.3
Jalen McDaniels,jalen mcdaniels,2023,PHI,8.0,12.8
Jamal Murray,jamal murray,2023,DEN,20.0,40.0
James Harden,james harden,2023,PHI,11.0,38.8
JaMychal Green,jamychal green,2023,GSW,7.0,7.0
Jaren Jackson Jr.,jaren jackson jr.,2023,MEM,6.0,36.7
Jarred Vanderbilt,jarred vanderbilt,2023,LAL,15.0,16.5
Jarrett Allen,jarrett allen,2023,CLE,5.0,38.2
Jason Preston,jason preston,2023,LAC,1.0,1.0
Jaylen Brown,jaylen brown,2023,BOS,20.0,37.6
Jaylen Nowell,jaylen nowell,2023,MIN,5.0,12.4
Jayson Tatum,jayson tatum,2023,BOS,20.0,40.0
Jeff Green,jeff green,2023,DEN,20.0,17.2
Jevon Carter,jevon carter,2023,MIL,4.0,12.3
Jimmy Butler,jimmy butler,2023,MIA,22.0,39.7
Jock Landale,jock landale,2023,PHO,7.0,16.1
Joe Harris,joe harris,2023,BRK,4.0,11.0
Joe Ingles,joe ingles,2023,MIL,5.0,17.8
Joel Embiid,joel embiid,2023,PHI,9.0,37.3
John Collins,john collins,2023,ATL,6.0,27.3
John Konchar,john konchar,2023,MEM,5.0,9.8
Jonathan Kuminga,jonathan kuminga,2023,GSW,10.0,6.1
Jordan McLaughlin,jordan mclaughlin,2023,MIN,2.0,7.0
Jordan Poole,jordan poole,2023,GSW,13.0,21.8
Josh Hart,josh hart,2023,NYK,11.0,32.1
Josh Minott,josh minott,2023,MIN,1.0,6.0
Josh Okogie,josh okogie,2023,PHO,10.0,17.5
Jrue Holiday,jrue holiday,2023,MIL,5.0,38.2
Julius Randle,julius randle,2023,NYK,10.0,33.0
Justin Champagnie,justin champagnie,2023,BOS,4.0,2.5
Karl-Anthony Towns,karl-anthony towns,2023,MIN,5.0,36.0
Kawhi Leonard,kawhi leonard,2023,LAC,2.0,40.0
Keegan Murray,keegan murray,2023,SAC,7.0,27.7
Kenneth Lofton Jr.,kenneth lofton jr.,2023,MEM,4.0,3.0
Kentavious Caldwell-Pope,kentavious caldwell-pope,2023,DEN,20.0,33.6
Kessler Edwards,kessler edwards,2023,SAC,6.0,1.2
Kevin Durant,kevin durant,2023,PHO,11.0,42.4
Kevin Huerter,kevin huerter,2023,SAC,7.0,26.1
Kevin Love,kevin love,2023,MIA,20.0,18.0
Kevon Looney,kevon looney,2023,GSW,13.0,25.0
Khris Middleton,khris middleton,2023,MIL,5.0,34.6
Klay Thompson,klay thompson,2023,GSW,13.0,36.0
Kyle Anderson,kyle anderson,2023,MIN,4.0,26.0
Kyle Lowry,kyle lowry,2023,MIA,23.0,26.0
Lamar Stevens,lamar stevens,2023,CLE,2.0,4.5
Landry Shamet,landry shamet,2023,PHO,10.0,18.4
LeBron James,lebron james,2023,LAL,16.0,38.7
Lonnie Walker IV,lonnie walker iv,2023,LAL,13.0,13.8
Luke Kennard,luke kennard,2023,MEM,5.0,21.4
Luke Kornet,luke kornet,2023,BOS,8.0,4.0
Malcolm Brogdon,malcolm brogdon,2023,BOS,19.0,24.9
Malik Beasley,malik beasley,2023,LAL,11.0,8.3
Malik Monk,malik monk,2023,SAC,7.0,29.3
Marcus Morris,marcus morris,2023,LAC,3.0,22.7
Marcus Smart,marcus smart,2023,BOS,20.0,34.0
MarJon Beauchamp,marjon beauchamp,2023,MIL,2.0,2.5
Mason Plumlee,mason plumlee,2023,LAC,5.0,18.2
Max Christie,max christie,2023,LAL,9.0,3.7
Max Strus,max strus,2023,MIA,23.0,28.2
Meyers Leonard,meyers leonard,2023,MIL,2.0,2.5
Michael Porter Jr.,michael porter jr.,2023,DEN,20.0,32.7
Mikal Bridges,mikal bridges,2023,BRK,4.0,39.3
Mike Conley,mike conley,2023,MIN,5.0,36.6
Mike Muscala,mike muscala,2023,BOS,6.0,3.5
Miles McBride,miles mcbride,2023,NYK,8.0,2.5
Mitchell Robinson,mitchell robinson,2023,NYK,11.0,27.1
Mo Bamba,mo bamba,2023,LAL,3.0,3.3
Montrezl Harrell,montrezl harrell,2023,PHI,2.0,3.5
Moses Moody,moses moody,2023,GSW,12.0,13.4
Nathan Knight,nathan knight,2023,MIN,2.0,2.5
Nic Claxton,nic claxton,2023,BRK,4.0,29.3
Nickeil Alexander-Walker,nickeil alexander-walker,2023,MIN,5.0,29.6
Nicolas Batum,nicolas batum,2023,LAC,5.0,18.4
Nikola Jokić,nikola jokic,2023,DEN,20.0,39.5
Nikola Jović,nikola jovic,2023,MIA,7.0,1.9
Norman Powell,norman powell,2023,LAC,5.0,33.4
Obi Toppin,obi toppin,2023,NYK,11.0,15.9
Omer Yurtseven,omer yurtseven,2023,MIA,8.0,2.0
Onyeka Okongwu,onyeka okongwu,2023,ATL,6.0,21.8
P.J. Tucker,p.j. tucker,2023,PHI,11.0,26.7
Pat Connaughton,pat connaughton,2023,MIL,4.0,22.0
Patrick Baldwin Jr.,patrick baldwin jr.,2023,GSW,3.0,3.7
Patty Mills,patty mills,2023,BRK,1.0,5.0
Paul Reed,paul reed,2023,PHI,11.0,14.3
Payton Pritchard,payton pritchard,2023,BOS,10.0,5.7
Peyton Watson,peyton watson,2023,DEN,5.0,2.8
PJ Dozier,pj dozier,2023,SAC,3.0,2.0
Quentin Grimes,quentin grimes,2023,NYK,9.0,26.9
Raul Neto,raul neto,2023,CLE,2.0,3.5
Reggie Jackson,reggie jackson,2023,DEN,6.0,3.0
Ricky Rubio,ricky rubio,2023,CLE,3.0,5.7
RJ Barrett,rj barrett,2023,NYK,11.0,34.3
Robert Covington,robert covington,2023,LAC,2.0,6.0
Robert Williams,robert williams,2023,BOS,20.0,20.9
Robin Lopez,robin lopez,2023,CLE,2.0,3.0
Royce O'Neale,royce o'neale,2023,BRK,4.0,29.5
Rudy Gobert,rudy gobert,2023,MIN,5.0,35.4
Rui Hachimura,rui hachimura,2023,LAL,16.0,24.3
Russell Westbrook,russell westbrook,2023,LAC,5.0,38.4
Saddiq Bey,saddiq bey,2023,ATL,6.0,22.2
Sam Hauser,sam hauser,2023,BOS,15.0,6.9
Santi Aldama,santi aldama,2023,MEM,6.0,16.8
Seth Curry,seth curry,2023,BRK,3.0,19.3
Shake Milton,shake milton,2023,PHI,6.0,3.5
Shaquille Harrison,shaquille harrison,2023,LAL,8.0,3.5
Spencer Dinwiddie,spencer dinwiddie,2023,BRK,4.0,39.8
Stephen Curry,stephen curry,2023,GSW,13.0,37.9
T.J. Warren,t.j. warren,2023,PHO,6.0,13.5
Taurean Prince,taurean prince,2023,MIN,5.0,20.0
Terance Mann,terance mann,2023,LAC,5.0,26.6
Terence Davis,terence davis,2023,SAC,4.0,14.5
Terrence Ross,terrence ross,2023,PHO,6.0,11.5
Thanasis Antetokounmpo,thanasis antetokounmpo,2023,MIL,2.0,2.5
Thomas Bryant,thomas bryant,2023,DEN,1.0,0.0
Tobias Harris,tobias harris,2023,PHI,11.0,35.6
Torrey Craig,torrey craig,2023,PHO,11.0,16.6
Trae Young,trae young,2023,ATL,6.0,38.3
Trey Lyles,trey lyles,2023,SAC,7.0,16.9
Tristan Thompson,tristan thompson,2023,LAL,6.0,5.3
Troy Brown Jr.,troy brown jr.,2023,LAL,12.0,10.3
Tyler Herro,tyler herro,2023,MIA,1.0,19.0
Tyrese Maxey,tyrese maxey,2023,PHI,11.0,38.5
Tyus Jones,tyus jones,2023,MEM,6.0,20.0
Udonis Haslem,udonis haslem,2023,MIA,2.0,1.5
Victor Oladipo,victor oladipo,2023,MIA,2.0,22.5
Vlatko Čančar,vlatko cancar,2023,DEN,5.0,2.0
Wendell Moore Jr.,wendell moore jr.,2023,MIN,1.0,2.0
Wenyen Gabriel,wenyen gabriel,2023,LAL,10.0,3.7
Wesley Matthews,wesley matthews,2023,MIL,2.0,20.5
Xavier Tillman Sr.,xavier tillman sr.,2023,MEM,6.0,30.5
Yuta Watanabe,yuta watanabe,2023,BRK,1.0,5.0
Zeke Nnaji,zeke nnaji,2023,DEN,5.0,2.4
Ziaire Williams,ziaire williams,2023,MEM,4.0,3.0
A.J. Green,a.j. green,2024,MIL,6.0,11.2
A.J. Lawson,a.j. lawson,2024,DAL,10.0,3.0
Aaron Gordon,aaron gordon,2024,DEN,12.0,37.1
Aaron Nesmith,aaron nesmith,2024,IND,17.0,32.9
Aaron Wiggins,aaron wiggins,2024,OKC,10.0,15.7
Al Horford,al horford,2024,BOS,19.0,30.3
Alec Burks,alec burks,2024,NYK,6.0,20.2
Amir Coffey,amir coffey,2024,LAC,6.0,18.7
Andre Jackson Jr.,andre jackson jr.,2024,MIL,5.0,12.0
Andrew Nembhard,andrew nembhard,2024,IND,17.0,32.6
Anthony Black,anthony black,2024,ORL,2.0,5.5
Anthony Davis,anthony davis,2024,LAL,5.0,41.6
Anthony Edwards,anthony edwards,2024,MIN,16.0,40.6
Austin Reaves,austin reaves,2024,LAL,5.0,34.8
Bam Adebayo,bam adebayo,2024,MIA,5.0,38.4
Ben Sheppard,ben sheppard,2024,IND,17.0,19.7
Bobby Portis,bobby portis,2024,MIL,6.0,31.2
Bojan Bogdanović,bojan bogdanovic,2024,NYK,4.0,12.8
Bol Bol,bol bol,2024,PHO,3.0,4.3
Bones Hyland,bones hyland,2024,LAC,3.0,4.0
Bradley Beal,bradley beal,2024,PHO,4.0,38.5
Brandon Boston Jr.,brandon boston jr.,2024,LAC,3.0,3.3
Brandon Ingram,brandon ingram,2024,NOP,4.0,36.3
Brook Lopez,brook lopez,2024,MIL,6.0,33.3
Buddy Hield,buddy hield,2024,PHI,4.0,12.8
Caleb Houstan,caleb houstan,2024,ORL,3.0,4.7
Caleb Martin,caleb martin,2024,MIA,5.0,35.2
Cameron Payne,cameron payne,2024,PHI,5.0,12.2
Caris LeVert,caris levert,2024,CLE,11.0,25.3
Cason Wallace,cason wallace,2024,OKC,10.0,19.8
Chet Holmgren,chet holmgren,2024,OKC,10.0,34.5
Chris Livingston,chris livingston,2024,MIL,2.0,3.0
Christian Braun,christian braun,2024,DEN,12.0,17.0
Chuma Okeke,chuma okeke,2024,ORL,2.0,5.0
CJ McCollum,cj mccollum,2024,NOP,4.0,37.0
Cole Anthony,cole anthony,2024,ORL,7.0,14.7
D'Angelo Russell,d'angelo russell,2024,LAL,5.0,37.0
Damian Jones,damian jones,2024,CLE,2.0,4.5
Damian Lillard,damian lillard,2024,MIL,4.0,39.0
Daniel Gafford,daniel gafford,2024,DAL,22.0,20.2
Daniel Theis,daniel theis,2024,LAC,1.0,4.0
Danilo Gallinari,danilo gallinari,2024,MIL,3.0,12.3
Danté Exum,dante exum,2024,DAL,21.0,6.9
DaQuan Jeffries,daquan jeffries,2024,NYK,4.0,5.0
Darius Garland,darius garland,2024,CLE,12.0,36.0
David Roddy,david roddy,2024,PHO,2.0,1.5
De'Anthony Melton,de'anthony melton,2024,PHI,1.0,7.0
Dean Wade,dean wade,2024,CLE,3.0,21.0
DeAndre Jordan,deandre jordan,2024,DEN,2.0,6.5
Delon Wright,delon wright,2024,MIA,4.0,26.8
Dereck Lively II,dereck lively ii,2024,DAL,21.0,22.0
Derrick Jones Jr.,derrick jones jr.,2024,DAL,22.0,29.4
Derrick White,derrick white,2024,BOS,19.0,35.6
Devin Booker,devin booker,2024,PHO,4.0,41.5
Donovan Mitchell,donovan mitchell,2024,CLE,10.0,38.2
Donte DiVincenzo,donte divincenzo,2024,NYK,13.0,35.8
Doug McDermott,doug mcdermott,2024,IND,10.0,6.4
Drew Eubanks,drew eubanks,2024,PHO,3.0,12.3
Duncan Robinson,duncan robinson,2024,MIA,5.0,12.0
Dwight Powell,dwight powell,2024,DAL,13.0,3.4
Dyson Daniels,dyson daniels,2024,NOP,3.0,5.7
E.J. Liddell,e.j. liddell,2024,NOP,1.0,3.0
Eric Gordon,eric gordon,2024,PHO,4.0,29.5
Evan Mobley,evan mobley,2024,CLE,12.0,35.2
Franz Wagner,franz wagner,2024,ORL,7.0,37.0
Gabe Vincent,gabe vincent,2024,LAL,5.0,13.8
Gary Harris,gary harris,2024,ORL,6.0,26.5
Georges Niang,georges niang,2024,CLE,10.0,12.1
Goga Bitadze,goga bitadze,2024,ORL,2.0,5.0
Gordon Hayward,gordon hayward,2024,OKC,7.0,6.6
Grayson Allen,grayson allen,2024,PHO,2.0,21.5
Haywood Highsmith,haywood highsmith,2024,MIA,5.0,25.2
Herbert Jones,herbert jones,2024,NOP,4.0,35.3
Hunter Tyson,hunter tyson,2024,DEN,3.0,4.7
Isaac Okoro,isaac okoro,2024,CLE,12.0,21.9
Isaiah Hartenstein,isaiah hartenstein,2024,NYK,13.0,29.8
Isaiah Jackson,isaiah jackson,2024,IND,15.0,10.3
Isaiah Joe,isaiah joe,2024,OKC,10.0,17.3
Isaiah Thomas,isaiah thomas,2024,PHO,1.0,4.0
Ivica Zubac,ivica zubac,2024,LAC,6.0,32.0
Jaden Hardy,jaden hardy,2024,DAL,19.0,6.8
Jaden McDaniels,jaden mcdaniels,2024,MIN,16.0,33.6
Jaden Springer,jaden springer,2024,BOS,4.0,5.5
Jae Crowder,jae crowder,2024,MIL,4.0,10.5
Jaime Jaquez Jr.,jaime jaquez jr.,2024,MIA,4.0,30.8
Jalen Brunson,jalen brunson,2024,NYK,13.0,39.8
Jalen Pickett,jalen pickett,2024,DEN,3.0,3.7
Jalen Smith,jalen smith,2024,IND,7.0,6.0
Jalen Suggs,jalen suggs,2024,ORL,7.0,33.1
Jalen Williams,jalen williams,2024,OKC,10.0,37.7
Jamal Murray,jamal murray,2024,DEN,12.0,38.5
James Harden,james harden,2024,LAC,6.0,40.3
James Johnson,james johnson,2024,IND,1.0,1.0
Jarace Walker,jarace walker,2024,IND,9.0,3.4
Jarrett Allen,jarrett allen,2024,CLE,4.0,31.8
Jaxson Hayes,jaxson hayes,2024,LAL,4.0,6.0
Jaylen Brown,jaylen brown,2024,BOS,19.0,37.2
Jaylin Williams,jaylin williams,2024,OKC,10.0,12.7
Jayson Tatum,jayson tatum,2024,BOS,19.0,40.4
Jeremiah Robinson-Earl,jeremiah robinson-earl,2024,NOP,1.0,5.0
Jericho Sims,jericho sims,2024,NYK,5.0,5.4
Jett Howard,jett howard,2024,ORL,2.0,5.0
Joe Ingles,joe ingles,2024,ORL,7.0,9.7
Joel Embiid,joel embiid,2024,PHI,6.0,41.3
Jonas Valančiūnas,jonas valanciunas,2024,NOP,4.0,22.5
Jonathan Isaac,jonathan isaac,2024,ORL,7.0,21.0
Jordan Hawkins,jordan hawkins,2024,NOP,3.0,4.0
Jordan McLaughlin,jordan mclaughlin,2024,MIN,6.0,5.0
Jordan Walsh,jordan walsh,2024,BOS,3.0,3.7
Jose Alvarado,jose alvarado,2024,NOP,4.0,15.5
Josh Giddey,josh giddey,2024,OKC,10.0,18.1
Josh Green,josh green,2024,DAL,22.0,18.1
Josh Hart,josh hart,2024,NYK,13.0,42.2
Josh Minott,josh minott,2024,MIN,5.0,3.6
Josh Okogie,josh okogie,2024,PHO,4.0,7.3
Jrue Holiday,jrue holiday,2024,BOS,19.0,37.9
Julian Strawther,julian strawther,2024,DEN,3.0,5.3
Justin Holiday,justin holiday,2024,DEN,12.0,12.5
Jusuf Nurkić,jusuf nurkic,2024,PHO,4.0,26.0
Karl-Anthony Towns,karl-anthony towns,2024,MIN,16.0,32.6
Kawhi Leonard,kawhi leonard,2024,LAC,2.0,29.5
Kelly Oubre Jr.,kelly oubre jr.,2024,PHI,6.0,37.3
Kendall Brown,kendall brown,2024,IND,7.0,3.6
Kenrich Williams,kenrich williams,2024,OKC,7.0,4.6
Kentavious Caldwell-Pope,kentavious caldwell-pope,2024,DEN,12.0,35.0
Kevin Durant,kevin durant,2024,PHO,4.0,42.0
Kevin Love,kevin love,2024,MIA,5.0,6.4
Khris Middleton,khris middleton,2024,MIL,6.0,38.3
Kobe Brown,kobe brown,2024,LAC,3.0,3.3
Kristaps Porziņģis,kristaps porzingis,2024,BOS,7.0,23.6
Kyle Anderson,kyle anderson,2024,MIN,15.0,15.4
Kyle Lowry,kyle lowry,2024,PHI,6.0,29.2
Kyrie Irving,kyrie irving,2024,DAL,22.0,40.0
Larry Nance Jr.,larry nance jr.,2024,NOP,4.0,21.0
LeBron James,lebron james,2024,LAL,5.0,40.8
Leonard Miller,leonard miller,2024,MIN,3.0,2.3
Lindy Waters III,lindy waters iii,2024,OKC,3.0,3.0
Luguentz Dort,luguentz dort,2024,OKC,10.0,35.0
Luka Dončić,luka doncic,2024,DAL,22.0,40.9
Luka Garza,luka garza,2024,MIN,7.0,3.7
Luke Kornet,luke kornet,2024,BOS,13.0,10.2
Malik Beasley,malik beasley,2024,MIL,6.0,21.8
Mamadi Diakite,mamadi diakite,2024,NYK,4.0,3.8
Marcus Morris,marcus morris,2024,CLE,9.0,15.3
MarJon Beauchamp,marjon beauchamp,2024,MIL,4.0,2.5
Markelle Fultz,markelle fultz,2024,ORL,7.0,15.1
Markieff Morris,markieff morris,2024,DAL,1.0,12.0
Mason Plumlee,mason plumlee,2024,LAC,6.0,11.0
Matt Ryan,matt ryan,2024,NOP,1.0,3.0
Max Strus,max strus,2024,CLE,12.0,36.2
Maxi Kleber,maxi kleber,2024,DAL,13.0,16.8
Michael Porter Jr.,michael porter jr.,2024,DEN,12.0,36.9
Mike Conley,mike conley,2024,MIN,15.0,31.6
Miles McBride,miles mcbride,2024,NYK,13.0,26.7
Mitchell Robinson,mitchell robinson,2024,NYK,6.0,19.2
Monte Morris,monte morris,2024,MIN,9.0,7.4
Moritz Wagner,moritz wagner,2024,ORL,7.0,15.0
Myles Turner,myles turner,2024,IND,17.0,32.4
Naji Marshall,naji marshall,2024,NOP,4.0,21.0
Nassir Little,nassir little,2024,PHO,4.0,3.5
Naz Reid,naz reid,2024,MIN,16.0,22.6
Neemias Queta,neemias queta,2024,BOS,3.0,4.3
Nickeil Alexander-Walker,nickeil alexander-walker,2024,MIN,16.0,23.6
Nicolas Batum,nicolas batum,2024,PHI,6.0,28.3
Nikola Jokić,nikola jokic,2024,DEN,12.0,40.2
Nikola Jović,nikola jovic,2024,MIA,5.0,25.6
Norman Powell,norman powell,2024,LAC,6.0,29.8
Obi Toppin,obi toppin,2024,IND,17.0,20.2
OG Anunoby,og anunoby,2024,NYK,9.0,36.0
Olivier-Maxence Prosper,olivier-maxence prosper,2024,DAL,3.0,3.0
Orlando Robinson,orlando robinson,2024,MIA,1.0,2.0
Oshae Brissett,oshae brissett,2024,BOS,10.0,5.5
Ousmane Dieng,ousmane dieng,2024,OKC,4.0,1.8
P.J. Tucker,p.j. tucker,2024,LAC,2.0,15.5
P.J. Washington,p.j. washington,2024,DAL,22.0,35.7
Paolo Banchero,paolo banchero,2024,ORL,7.0,37.4
Pascal Siakam,pascal siakam,2024,IND,17.0,35.5
Pat Connaughton,pat connaughton,2024,MIL,6.0,20.7
Patrick Beverley,patrick beverley,2024,MIL,6.0,35.0
Patty Mills,patty mills,2024,MIA,3.0,17.3
Paul George,paul george,2024,LAC,6.0,37.0
Paul Reed,paul reed,2024,PHI,6.0,7.2
Payton Pritchard,payton pritchard,2024,BOS,19.0,18.7
Peyton Watson,peyton watson,2024,DEN,10.0,9.0
Precious Achiuwa,precious achiuwa,2024,NYK,9.0,20.4
Reggie Jackson,reggie jackson,2024,DEN,12.0,9.8
Royce O'Neale,royce o'neale,2024,PHO,4.0,26.0
Rudy Gobert,rudy gobert,2024,MIN,15.0,34.1
Rui Hachimura,rui hachimura,2024,LAL,5.0,30.4
Russell Westbrook,russell westbrook,2024,LAC,6.0,19.0
Sam Hauser,sam hauser,2024,BOS,19.0,14.9
Sam Merrill,sam merrill,2024,CLE,10.0,12.5
Shai Gilgeous-Alexander,shai gilgeous-alexander,2024,OKC,10.0,39.9
Shake Milton,shake milton,2024,NYK,4.0,5.5
Spencer Dinwiddie,spencer dinwiddie,2024,LAL,5.0,14.6
Svi Mykhailiuk,svi mykhailiuk,2024,BOS,8.0,4.0
T.J. McConnell,t.j. mcconnell,2024,IND,17.0,20.5
T.J. Warren,t.j. warren,2024,MIN,3.0,3.7
Taurean Prince,taurean prince,2024,LAL,5.0,22.2
Terance Mann,terance mann,2024,LAC,6.0,31.2
Thaddeus Young,thaddeus young,2024,PHO,1.0,4.0
Thanasis Antetokounmpo,thanasis antetokounmpo,2024,MIL,2.0,2.5
Thomas Bryant,thomas bryant,2024,MIA,2.0,9.0
Tim Hardaway Jr.,tim hardaway jr.,2024,DAL,14.0,12.7
Tobias Harris,tobias harris,2024,PHI,6.0,36.3
Trey Murphy III,trey murphy iii,2024,NOP,4.0,42.0
Tristan Thompson,tristan thompson,2024,CLE,10.0,8.7
Tyler Herro,tyler herro,2024,MIA,5.0,37.0
Tyrese Haliburton,tyrese haliburton,2024,IND,15.0,34.8
Tyrese Maxey,tyrese maxey,2024,PHI,6.0,44.5
Wendell Carter Jr.,wendell carter jr.,2024,ORL,7.0,26.4
Wendell Moore Jr.,wendell moore jr.,2024,MIN,6.0,3.0
Xavier Tillman Sr.,xavier tillman sr.,2024,BOS,8.0,8.6
Zeke Nnaji,zeke nnaji,2024,DEN,3.0,4.7
A.J. Green,a.j. green,2025,MIL,5.0,27.0
Aaron Gordon,aaron gordon,2025,DEN,14.0,37.3
Aaron Holiday,aaron holiday,2025,HOU,3.0,9.0
Aaron Nesmith,aaron nesmith,2025,IND,23.0,28.3
Aaron Wiggins,aaron wiggins,2025,OKC,22.0,13.8
Ajay Mitchell,ajay mitchell,2025,OKC,12.0,7.0
Al Horford,al horford,2025,BOS,11.0,31.6
Alec Burks,alec burks,2025,MIA,1.0,15.0
Alex Caruso,alex caruso,2025,OKC,23.0,24.4
Alex Len,alex len,2025,LAL,2.0,2.0
Alperen Şengün,alperen sengun,2025,HOU,7.0,36.6
Amen Thompson,amen thompson,2025,HOU,7.0,33.0
Andre Jackson Jr.,andre jackson jr.,2025,MIL,2.0,2.5
Andrew Nembhard,andrew nembhard,2025,IND,23.0,33.4
Andrew Wiggins,andrew wiggins,2025,MIA,4.0,30.5
Anthony Black,anthony black,2025,ORL,5.0,17.8
Anthony Edwards,anthony edwards,2025,MIN,15.0,39.0
Ariel Hukporti,ariel hukporti,2025,NYK,3.0,1.7
Ausar Thompson,ausar thompson,2025,DET,6.0,22.5
Austin Reaves,austin reaves,2025,LAL,5.0,39.2
Bam Adebayo,bam adebayo,2025,MIA,4.0,38.3
Baylor Scheierman,baylor scheierman,2025,BOS,4.0,5.5
Ben Sheppard,ben sheppard,2025,IND,21.0,14.0
Ben Simmons,ben simmons,2025,LAC,5.0,8.4
Bennedict Mathurin,bennedict mathurin,2025,IND,22.0,17.5
Bobby Portis,bobby portis,2025,MIL,5.0,31.6
Bogdan Bogdanović,bogdan bogdanovic,2025,LAC,7.0,16.7
Brandin Podziemski,brandin podziemski,2025,GSW,12.0,32.1
Braxton Key,braxton key,2025,GSW,5.0,4.6
Bronny James,bronny james,2025,LAL,2.0,2.0
Brook Lopez,brook lopez,2025,MIL,5.0,14.8
Buddy Hield,buddy hield,2025,GSW,12.0,27.3
Cade Cunningham,cade cunningham,2025,DET,6.0,41.3
Caleb Houstan,caleb houstan,2025,ORL,5.0,9.4
Cam Christie,cam christie,2025,LAC,3.0,4.3
Cam Whitmore,cam whitmore,2025,HOU,3.0,1.7
Cameron Payne,cameron payne,2025,NYK,14.0,7.3
Cason Wallace,cason wallace,2025,OKC,23.0,22.4
Chet Holmgren,chet holmgren,2025,OKC,23.0,29.8
Chris Livingston,chris livingston,2025,MIL,2.0,2.5
Christian Braun,christian braun,2025,DEN,14.0,38.9
Chuma Okeke,chuma okeke,2025,CLE,3.0,4.3
Cole Anthony,cole anthony,2025,ORL,5.0,10.2
Cory Joseph,cory joseph,2025,ORL,5.0,24.8
Craig Porter Jr.,craig porter jr.,2025,CLE,6.0,5.8
Dalton Knecht,dalton knecht,2025,LAL,2.0,2.0
Damian Lillard,damian lillard,2025,MIL,3.0,25.0
Darius Garland,darius garland,2025,CLE,5.0,29.6
Davion Mitchell,davion mitchell,2025,MIA,4.0,35.5
De'Andre Hunter,de'andre hunter,2025,CLE,8.0,23.1
Dean Wade,dean wade,2025,CLE,9.0,15.8
DeAndre Jordan,deandre jordan,2025,DEN,7.0,5.1
Delon Wright,delon wright,2025,NYK,6.0,8.0
Dennis Schröder,dennis schroder,2025,DET,6.0,27.3
Derrick Jones Jr.,derrick jones jr.,2025,LAC,7.0,18.4
Derrick White,derrick white,2025,BOS,11.0,37.7
Desmond Bane,desmond bane,2025,MEM,4.0,34.8
Dillon Brooks,dillon brooks,2025,HOU,7.0,29.4
Dillon Jones,dillon jones,2025,OKC,10.0,4.6
Donovan Mitchell,donovan mitchell,2025,CLE,9.0,32.0
Donte DiVincenzo,donte divincenzo,2025,MIN,15.0,25.1
Dorian Finney-Smith,dorian finney-smith,2025,LAL,5.0,34.0
Draymond Green,draymond green,2025,GSW,12.0,32.4
Drew Eubanks,drew eubanks,2025,LAC,3.0,4.3
Duncan Robinson,duncan robinson,2025,MIA,4.0,14.8
Evan Mobley,evan mobley,2025,CLE,8.0,32.1
Franz Wagner,franz wagner,2025,ORL,5.0,39.0
Fred VanVleet,fred vanvleet,2025,HOU,7.0,40.0
Gabe Vincent,gabe vincent,2025,LAL,5.0,19.8
Gary Harris,gary harris,2025,ORL,5.0,16.6
Gary Payton II,gary payton ii,2025,GSW,11.0,16.4
Gary Trent Jr.,gary trent jr.,2025,MIL,5.0,34.2
Giannis Antetokounmpo,giannis antetokounmpo,2025,MIL,5.0,37.6
Goga Bitadze,goga bitadze,2025,ORL,3.0,3.7
Gui Santos,gui santos,2025,GSW,10.0,7.2
Haywood Highsmith,haywood highsmith,2025,MIA,4.0,21.0
Hunter Tyson,hunter tyson,2025,DEN,5.0,6.0
Isaac Okoro,isaac okoro,2025,CLE,9.0,14.2
Isaiah Hartenstein,isaiah hartenstein,2025,OKC,23.0,22.4
Isaiah Joe,isaiah joe,2025,OKC,21.0,10.0
Isaiah Stewart,isaiah stewart,2025,DET,1.0,19.0
Ivica Zubac,ivica zubac,2025,LAC,7.0,36.6
Ja Morant,ja morant,2025,MEM,3.0,27.3
Jabari Smith Jr.,jabari smith jr.,2025,HOU,7.0,20.4
Jaden McDaniels,jaden mcdaniels,2025,MIN,15.0,33.1
Jaime Jaquez Jr.,jaime jaquez jr.,2025,MIA,3.0,6.3
Jalen Brunson,jalen brunson,2025,NYK,18.0,37.8
Jalen Duren,jalen duren,2025,DET,6.0,33.8
Jalen Green,jalen green,2025,HOU,7.0,31.3
Jalen Pickett,jalen pickett,2025,DEN,8.0,7.1
Jalen Williams,jalen williams,2025,OKC,23.0,34.6
Jamal Murray,jamal murray,2025,DEN,14.0,41.3
James Harden,james harden,2025,LAC,7.0,39.4
James Johnson,james johnson,2025,IND,5.0,3.6
Jarace Walker,jarace walker,2025,IND,12.0,9.8
Jaren Jackson Jr.,jaren jackson jr.,2025,MEM,4.0,34.3
Jarred Vanderbilt,jarred vanderbilt,2025,LAL,5.0,12.0
Jarrett Allen,jarrett allen,2025,CLE,9.0,29.0
Javonte Green,javonte green,2025,CLE,6.0,6.5
Jaxson Hayes,jaxson hayes,2025,LAL,4.0,7.8
Jay Huff,jay huff,2025,MEM,2.0,9.0
Jaylen Brown,jaylen brown,2025,BOS,11.0,36.5
Jaylen Clark,jaylen clark,2025,MIN,5.0,5.6
Jaylin Williams,jaylin williams,2025,OKC,17.0,8.3
Jaylon Tyson,jaylon tyson,2025,CLE,4.0,7.8
Jayson Tatum,jayson tatum,2025,BOS,8.0,40.3
JD Davison,jd davison,2025,BOS,4.0,3.3
Jeff Green,jeff green,2025,HOU,3.0,1.7
Jericho Sims,jericho sims,2025,MIL,5.0,11.6
Jett Howard,jett howard,2025,ORL,1.0,4.0
Jimmy Butler,jimmy butler,2025,GSW,11.0,36.1
Jock Landale,jock landale,2025,HOU,1.0,5.0
John Konchar,john konchar,2025,MEM,4.0,17.3
Johnny Furphy,johnny furphy,2025,IND,11.0,3.2
Jonathan Isaac,jonathan isaac,2025,ORL,5.0,13.8
Jonathan Kuminga,jonathan kuminga,2025,GSW,8.0,23.4
Jordan Goodwin,jordan goodwin,2025,LAL,4.0,7.8
Jordan Miller,jordan miller,2025,LAC,3.0,4.3
Jordan Walsh,jordan walsh,2025,BOS,5.0,3.0
Josh Hart,josh hart,2025,NYK,18.0,35.7
Josh Minott,josh minott,2025,MIN,5.0,4.6
Jrue Holiday,jrue holiday,2025,BOS,8.0,33.0
Julian Strawther,julian strawther,2025,DEN,9.0,9.8
Julius Randle,julius randle,2025,MIN,15.0,35.5
Karl-Anthony Towns,karl-anthony towns,2025,NYK,18.0,35.5
Kawhi Leonard,kawhi leonard,2025,LAC,7.0,37.9
Kel'el Ware,kel'el ware,2025,MIA,4.0,18.3
Kenrich Williams,kenrich williams,2025,OKC,16.0,8.6
Kentavious Caldwell-Pope,kentavious caldwell-pope,2025,ORL,5.0,32.6
Keshad Johnson,keshad johnson,2025,MIA,2.0,4.0
Kevin Knox,kevin knox,2025,GSW,5.0,7.6
Kevin Porter Jr.,kevin porter jr.,2025,MIL,5.0,30.2
Kevon Looney,kevon looney,2025,GSW,12.0,10.0
Kobe Brown,kobe brown,2025,LAC,3.0,5.0
Kris Dunn,kris dunn,2025,LAC,7.0,21.9
Kristaps Porziņģis,kristaps porzingis,2025,BOS,11.0,21.0
Kyle Anderson,kyle anderson,2025,MIA,2.0,7.0
Kyle Kuzma,kyle kuzma,2025,MIL,5.0,20.4
Lamar Stevens,lamar stevens,2025,MEM,2.0,6.0
Landry Shamet,landry shamet,2025,NYK,11.0,7.5
LeBron James,lebron james,2025,LAL,5.0,40.8
Leonard Miller,leonard miller,2025,MIN,3.0,4.3
Luguentz Dort,luguentz dort,2025,OKC,23.0,29.0
Luka Dončić,luka doncic,2025,LAL,5.0,41.6
Luka Garza,luka garza,2025,MIN,5.0,3.8
Luke Kennard,luke kennard,2025,MEM,4.0,20.0
Luke Kornet,luke kornet,2025,BOS,11.0,16.4
Malik Beasley,malik beasley,2025,DET,6.0,27.2
Marvin Bagley III,marvin bagley iii,2025,MEM,2.0,14.0
Max Strus,max strus,2025,CLE,9.0,28.1
Maxi Kleber,maxi kleber,2025,LAL,1.0,5.0
Michael Porter Jr.,michael porter jr.,2025,DEN,14.0,31.1
Mikal Bridges,mikal bridges,2025,NYK,18.0,39.2
Mike Conley,mike conley,2025,MIN,15.0,23.7
Miles McBride,miles mcbride,2025,NYK,18.0,18.9
Mitchell Robinson,mitchell robinson,2025,NYK,18.0,20.6
Moses Moody,moses moody,2025,GSW,12.0,16.1
Myles Turner,myles turner,2025,IND,23.0,29.3
Nate Williams,nate williams,2025,HOU,3.0,1.7
Naz Reid,naz reid,2025,MIN,15.0,25.0
Neemias Queta,neemias queta,2025,BOS,4.0,3.3
Nickeil Alexander-Walker,nickeil alexander-walker,2025,MIN,15.0,20.7
Nicolas Batum,nicolas batum,2025,LAC,7.0,24.6
Nikola Jokić,nikola jokic,2025,DEN,14.0,40.2
Nikola Jović,nikola jovic,2025,MIA,4.0,18.8
Norman Powell,norman powell,2025,LAC,7.0,34.0
Obi Toppin,obi toppin,2025,IND,23.0,19.1
OG Anunoby,og anunoby,2025,NYK,18.0,39.2
Ousmane Dieng,ousmane dieng,2025,OKC,9.0,3.6
P.J. Tucker,p.j. tucker,2025,NYK,1.0,4.0
Pacôme Dadiet,pacome dadiet,2025,NYK,2.0,2.0
Paolo Banchero,paolo banchero,2025,ORL,5.0,39.4
Pascal Siakam,pascal siakam,2025,IND,23.0,33.5
Pat Connaughton,pat connaughton,2025,MIL,3.0,4.7
Pat Spencer,pat spencer,2025,GSW,8.0,7.9
Patty Mills,patty mills,2025,LAC,1.0,4.0
Paul Reed,paul reed,2025,DET,5.0,10.6
Payton Pritchard,payton pritchard,2025,BOS,11.0,27.5
Pelle Larsson,pelle larsson,2025,MIA,4.0,13.0
Peyton Watson,peyton watson,2025,DEN,14.0,14.2
Precious Achiuwa,precious achiuwa,2025,NYK,8.0,4.3
Quinten Post,quinten post,2025,GSW,12.0,12.2
Reed Sheppard,reed sheppard,2025,HOU,3.0,3.3
Rob Dillingham,rob dillingham,2025,MIN,3.0,5.3
Ron Holland,ron holland,2025,DET,5.0,6.8
Rudy Gobert,rudy gobert,2025,MIN,15.0,27.4
Rui Hachimura,rui hachimura,2025,LAL,5.0,36.4
Russell Westbrook,russell westbrook,2025,DEN,13.0,24.1
Ryan Rollins,ryan rollins,2025,MIL,3.0,10.0
Sam Hauser,sam hauser,2025,BOS,8.0,13.5
Sam Merrill,sam merrill,2025,CLE,8.0,19.9
Santi Aldama,santi aldama,2025,MEM,4.0,30.5
Scotty Pippen Jr.,scotty pippen jr.,2025,MEM,4.0,32.3
Shai Gilgeous-Alexander,shai gilgeous-alexander,2025,OKC,23.0,37.0
Shake Milton,shake milton,2025,LAL,2.0,2.0
Stephen Curry,stephen curry,2025,GSW,8.0,35.1
Steven Adams,steven adams,2025,HOU,7.0,22.1
T.J. McConnell,t.j. mcconnell,2025,IND,23.0,17.5
Tari Eason,tari eason,2025,HOU,7.0,18.9
Taurean Prince,taurean prince,2025,MIL,5.0,12.2
Terrence Shannon Jr.,terrence shannon jr.,2025,MIN,9.0,6.3
Thomas Bryant,thomas bryant,2025,IND,20.0,8.4
Tim Hardaway Jr.,tim hardaway jr.,2025,DET,6.0,31.3
Tobias Harris,tobias harris,2025,DET,6.0,38.8
Tony Bradley,tony bradley,2025,IND,11.0,7.1
Torrey Craig,torrey craig,2025,BOS,5.0,4.2
Trayce Jackson-Davis,trayce jackson-davis,2025,GSW,9.0,8.9
Tristan Da Silva,tristan da silva,2025,ORL,2.0,2.5
Tristan Thompson,tristan thompson,2025,CLE,3.0,9.7
Ty Jerome,ty jerome,2025,CLE,9.0,21.2
Tyler Herro,tyler herro,2025,MIA,4.0,36.0
Tyler Kolek,tyler kolek,2025,NYK,3.0,2.0
Tyrese Haliburton,tyrese haliburton,2025,IND,23.0,33.6
Vince Williams Jr.,vince williams jr.,2025,MEM,3.0,12.7
Vlatko Čančar,vlatko cancar,2025,DEN,3.0,3.7
Wendell Carter Jr.,wendell carter jr.,2025,ORL,5.0,32.4
Xavier Tillman Sr.,xavier tillman sr.,2025,BOS,1.0,8.0
Zach Edey,zach edey,2025,MEM,4.0,27.0
Zeke Nnaji,zeke nnaji,2025,DEN,6.0,5.7
A.J. Lawson,a.j. lawson,2026,TOR,7.0,7.3
Aaron Gordon,aaron gordon,2026,DEN,3.0,29.7
Aaron Holiday,aaron holiday,2026,HOU,6.0,11.2
Aaron Wiggins,aaron wiggins,2026,OKC,13.0,5.8
Adem Bona,adem bona,2026,PHI,10.0,9.6
Adou Thiero,adou thiero,2026,LAL,6.0,5.7
Ajay Mitchell,ajay mitchell,2026,OKC,11.0,28.8
Alex Caruso,alex caruso,2026,OKC,15.0,23.5
Alperen Şengün,alperen sengun,2026,HOU,6.0,38.7
Amari Williams,amari williams,2026,BOS,1.0,2.0
Amen Thompson,amen thompson,2026,HOU,6.0,44.0
Amir Coffey,amir coffey,2026,PHO,4.0,1.5
Andre Drummond,andre drummond,2026,PHI,11.0,12.9
Anthony Black,anthony black,2026,ORL,7.0,28.0
Anthony Edwards,anthony edwards,2026,MIN,10.0,32.4
Ariel Hukporti,ariel hukporti,2026,NYK,10.0,7.6
Asa Newell,asa newell,2026,ATL,2.0,5.5
Ausar Thompson,ausar thompson,2026,DET,14.0,30.5
Austin Reaves,austin reaves,2026,LAL,6.0,36.8
Ayo Dosunmu,ayo dosunmu,2026,MIN,10.0,29.2
Baylor Scheierman,baylor scheierman,2026,BOS,7.0,14.1
Bismack Biyombo,bismack biyombo,2026,SAS,9.0,2.8
Blake Wesley,blake wesley,2026,POR,4.0,1.3
Bones Hyland,bones hyland,2026,MIN,10.0,11.6
Brandon Ingram,brandon ingram,2026,TOR,5.0,29.6
Bronny James,bronny james,2026,LAL,8.0,5.3
Bruce Brown,bruce brown,2026,DEN,6.0,19.3
Buddy Hield,buddy hield,2026,ATL,2.0,6.5
Cade Cunningham,cade cunningham,2026,DET,14.0,40.9
Cameron Johnson,cameron johnson,2026,DEN,6.0,31.0
Caris LeVert,caris levert,2026,DET,13.0,16.6
Carter Bryant,carter bryant,2026,SAS,22.0,8.5
Cason Wallace,cason wallace,2026,OKC,15.0,24.9
Chaz Lanier,chaz lanier,2026,DET,3.0,2.7
Chet Holmgren,chet holmgren,2026,OKC,15.0,30.6
Christian Braun,christian braun,2026,DEN,6.0,31.2
CJ McCollum,cj mccollum,2026,ATL,6.0,32.0
Clint Capela,clint capela,2026,HOU,4.0,5.5
Collin Gillespie,collin gillespie,2026,PHO,4.0,28.5
Collin Murray-Boyles,collin murray-boyles,2026,TOR,7.0,27.3
Corey Kispert,corey kispert,2026,ATL,5.0,10.8
Craig Porter Jr.,craig porter jr.,2026,CLE,7.0,3.0
Dalano Banton,dalano banton,2026,BOS,2.0,2.0
Dalen Terry,dalen terry,2026,PHI,7.0,5.6
Dalton Knecht,dalton knecht,2026,LAL,5.0,3.6
Daniss Jenkins,daniss jenkins,2026,DET,14.0,22.7
DaRon Holmes,daron holmes,2026,DEN,2.0,2.0
De'Aaron Fox,de'aaron fox,2026,SAS,21.0,33.5
Dean Wade,dean wade,2026,CLE,18.0,22.6
Deandre Ayton,deandre ayton,2026,LAL,10.0,28.5
Deni Avdija,deni avdija,2026,POR,5.0,34.8
Dennis Schröder,dennis schroder,2026,CLE,17.0,15.9
Derrick White,derrick white,2026,BOS,7.0,35.9
Desmond Bane,desmond bane,2026,ORL,7.0,36.1
Devin Booker,devin booker,2026,PHO,4.0,38.3
Devin Vassell,devin vassell,2026,SAS,23.0,34.8
Dillon Brooks,dillon brooks,2026,PHO,4.0,37.3
Dominick Barlow,dominick barlow,2026,PHI,9.0,10.7
Donovan Clingan,donovan clingan,2026,POR,5.0,21.4
Donovan Mitchell,donovan mitchell,2026,CLE,18.0,36.2
Donte DiVincenzo,donte divincenzo,2026,MIN,4.0,24.0
Dorian Finney-Smith,dorian finney-smith,2026,HOU,4.0,12.3
Duncan Robinson,duncan robinson,2026,DET,13.0,29.5
Dylan Harper,dylan harper,2026,SAS,23.0,26.7
Dyson Daniels,dyson daniels,2026,ATL,6.0,27.7
Evan Mobley,evan mobley,2026,CLE,18.0,35.6
Franz Wagner,franz wagner,2026,ORL,4.0,30.5
Gabe Vincent,gabe vincent,2026,ATL,6.0,15.5
Garrett Temple,garrett temple,2026,TOR,2.0,1.0
Goga Bitadze,goga bitadze,2026,ORL,6.0,13.8
Gradey Dick,gradey dick,2026,TOR,3.0,1.3
Grayson Allen,grayson allen,2026,PHO,2.0,19.0
Harrison Barnes,harrison barnes,2026,SAS,20.0,9.2
Haywood Highsmith,haywood highsmith,2026,PHO,2.0,5.5
Hugo González,hugo gonzalez,2026,BOS,4.0,4.8
Isaiah Hartenstein,isaiah hartenstein,2026,OKC,15.0,23.3
Isaiah Joe,isaiah joe,2026,OKC,13.0,11.0
Isaiah Stewart,isaiah stewart,2026,DET,14.0,11.8
Ja'Kobe Walter,ja'kobe walter,2026,TOR,7.0,32.0
Jabari Smith Jr.,jabari smith jr.,2026,HOU,6.0,42.0
Jabari Walker,jabari walker,2026,PHI,6.0,4.8
Jaden McDaniels,jaden mcdaniels,2026,MIN,12.0,33.8
Jae'Sean Tate,jae'sean tate,2026,HOU,5.0,6.0
Jake LaRavia,jake laravia,2026,LAL,8.0,14.3
Jakob Poeltl,jakob poeltl,2026,TOR,7.0,19.1
Jalen Brunson,jalen brunson,2026,NYK,19.0,36.9
Jalen Duren,jalen duren,2026,DET,14.0,30.1
Jalen Green,jalen green,2026,PHO,4.0,37.8
Jalen Johnson,jalen johnson,2026,ATL,6.0,35.7
Jalen Pickett,jalen pickett,2026,DEN,2.0,2.0
Jalen Suggs,jalen suggs,2026,ORL,7.0,35.4
Jalen Williams,jalen williams,2026,OKC,5.0,21.4
Jamal Cain,jamal cain,2026,ORL,7.0,17.6
Jamal Murray,jamal murray,2026,DEN,6.0,39.7
Jamal Shead,jamal shead,2026,TOR,7.0,32.0
Jamaree Bouyea,jamaree bouyea,2026,PHO,4.0,2.5
James Harden,james harden,2026,CLE,18.0,37.3
Jamison Battle,jamison battle,2026,TOR,6.0,11.8
Jared McCain,jared mccain,2026,OKC,15.0,17.2
Jarred Vanderbilt,jarred vanderbilt,2026,LAL,7.0,10.7
Jarrett Allen,jarrett allen,2026,CLE,18.0,29.4
Jase Richardson,jase richardson,2026,ORL,1.0,3.0
Javonte Green,javonte green,2026,DET,11.0,12.0
Jaxson Hayes,jaxson hayes,2026,LAL,10.0,16.3
Jaylen Brown,jaylen brown,2026,BOS,7.0,35.6
Jaylen Clark,jaylen clark,2026,MIN,6.0,9.5
Jaylin Williams,jaylin williams,2026,OKC,15.0,16.0
Jaylon Tyson,jaylon tyson,2026,CLE,17.0,12.7
Jayson Tatum,jayson tatum,2026,BOS,6.0,36.3
JD Davison,jd davison,2026,HOU,2.0,2.5
Jeff Green,jeff green,2026,HOU,2.0,5.5
Jerami Grant,jerami grant,2026,POR,5.0,22.4
Jeremy Sochan,jeremy sochan,2026,NYK,8.0,3.3
Jett Howard,jett howard,2026,ORL,1.0,3.0
Jevon Carter,jevon carter,2026,ORL,3.0,5.7
Joan Beringer,joan beringer,2026,MIN,5.0,4.6
Joe Ingles,joe ingles,2026,MIN,3.0,4.7
Joel Embiid,joel embiid,2026,PHI,7.0,33.3
Johni Broome,johni broome,2026,PHI,2.0,4.0
Jonas Valančiūnas,jonas valanciunas,2026,DEN,4.0,6.3
Jonathan Kuminga,jonathan kuminga,2026,ATL,6.0,26.0
Jonathan Mogbo,jonathan mogbo,2026,TOR,3.0,1.3
Jordan Clarkson,jordan clarkson,2026,NYK,18.0,10.8
Jordan Goodwin,jordan goodwin,2026,PHO,1.0,5.0
Jordan McLaughlin,jordan mclaughlin,2026,SAS,10.0,4.6
Jordan Walsh,jordan walsh,2026,BOS,7.0,12.7
Jose Alvarado,jose alvarado,2026,NYK,18.0,9.4
Josh Hart,josh hart,2026,NYK,19.0,32.3
Josh Okogie,josh okogie,2026,HOU,6.0,17.3
Jrue Holiday,jrue holiday,2026,POR,5.0,38.4
Julian Champagnie,julian champagnie,2026,SAS,23.0,30.7
Julian Phillips,julian phillips,2026,MIN,5.0,5.0
Julian Strawther,julian strawther,2026,DEN,2.0,9.0
Julius Randle,julius randle,2026,MIN,12.0,33.3
Justin Edwards,justin edwards,2026,PHI,9.0,12.1
Karl-Anthony Towns,karl-anthony towns,2026,NYK,19.0,30.4
Keaton Wallace,keaton wallace,2026,ATL,3.0,5.0
Keldon Johnson,keldon johnson,2026,SAS,23.0,17.9
Kelly Olynyk,kelly olynyk,2026,SAS,9.0,3.9
Kelly Oubre Jr.,kelly oubre jr.,2026,PHI,11.0,33.1
Kenrich Williams,kenrich williams,2026,OKC,11.0,6.5
Keon Ellis,keon ellis,2026,CLE,12.0,7.4
Kevin Durant,kevin durant,2026,HOU,1.0,41.0
Kevin Huerter,kevin huerter,2026,DET,5.0,9.2
Khaman Maluach,khaman maluach,2026,PHO,4.0,11.3
Kris Murray,kris murray,2026,POR,5.0,5.0
Kyle Anderson,kyle anderson,2026,MIN,8.0,7.6
Kyle Lowry,kyle lowry,2026,PHI,2.0,1.5
Landry Shamet,landry shamet,2026,NYK,19.0,16.3
Larry Nance Jr.,larry nance jr.,2026,CLE,2.0,2.5
LeBron James,lebron james,2026,LAL,10.0,38.4
Lindy Waters III,lindy waters iii,2026,SAS,9.0,3.8
Luguentz Dort,luguentz dort,2026,OKC,15.0,22.3
Luka Garza,luka garza,2026,BOS,7.0,8.4
Luke Kennard,luke kennard,2026,LAL,10.0,32.6
Luke Kornet,luke kornet,2026,SAS,23.0,12.9
Marcus Sasser,marcus sasser,2026,DET,6.0,10.2
Marcus Smart,marcus smart,2026,LAL,10.0,34.5
Mason Plumlee,mason plumlee,2026,SAS,6.0,3.0
Matisse Thybulle,matisse thybulle,2026,POR,4.0,13.3
Max Shulga,max shulga,2026,BOS,2.0,2.5
Max Strus,max strus,2026,CLE,18.0,26.7
Maxi Kleber,maxi kleber,2026,LAL,3.0,4.7
Mikal Bridges,mikal bridges,2026,NYK,19.0,32.0
Mike Conley,mike conley,2026,MIN,12.0,14.0
Miles McBride,miles mcbride,2026,NYK,19.0,17.6
Mitchell Robinson,mitchell robinson,2026,NYK,18.0,13.9
Mohamed Diawara,mohamed diawara,2026,NYK,6.0,7.2
Moritz Wagner,moritz wagner,2026,ORL,2.0,6.5
Mouhamed Gueye,mouhamed gueye,2026,ATL,6.0,8.3
Nae'Qwan Tomlin,nae'qwan tomlin,2026,CLE,7.0,2.7
Naz Reid,naz reid,2026,MIN,12.0,26.9
Neemias Queta,neemias queta,2026,BOS,7.0,21.7
Nick Smith Jr.,nick smith jr.,2026,LAL,6.0,3.0
Nickeil Alexander-Walker,nickeil alexander-walker,2026,ATL,6.0,35.5
Nikola Jokić,nikola jokic,2026,DEN,6.0,39.5
Nikola Topić,nikola topic,2026,OKC,9.0,2.4
Nikola Vučević,nikola vucevic,2026,BOS,6.0,19.0
Noah Penda,noah penda,2026,ORL,1.0,3.0
OG Anunoby,og anunoby,2026,NYK,17.0,34.5
Onyeka Okongwu,onyeka okongwu,2026,ATL,6.0,33.2
Oso Ighodaro,oso ighodaro,2026,PHO,4.0,32.3
Pacôme Dadiet,pacome dadiet,2026,NYK,7.0,5.7
Paolo Banchero,paolo banchero,2026,ORL,7.0,39.0
Paul George,paul george,2026,PHI,11.0,35.8
Paul Reed,paul reed,2026,DET,9.0,9.6
Payton Pritchard,payton pritchard,2026,BOS,7.0,33.0
Quentin Grimes,quentin grimes,2026,PHI,11.0,22.1
Rasheer Fleming,rasheer fleming,2026,PHO,4.0,4.5
Reed Sheppard,reed sheppard,2026,HOU,6.0,32.0
RJ Barrett,rj barrett,2026,TOR,7.0,38.7
Robert Williams,robert williams,2026,POR,5.0,21.6
Ron Harper Jr.,ron harper jr.,2026,BOS,6.0,4.2
Ron Holland,ron holland,2026,DET,9.0,6.4
Royce O'Neale,royce o'neale,2026,PHO,4.0,24.3
Rudy Gobert,rudy gobert,2026,MIN,12.0,31.0
Rui Hachimura,rui hachimura,2026,LAL,10.0,38.6
Ryan Dunn,ryan dunn,2026,PHO,4.0,8.5
Sam Hauser,sam hauser,2026,BOS,7.0,23.4
Sam Merrill,sam merrill,2026,CLE,17.0,19.9
Sandro Mamukelashvili,sandro mamukelashvili,2026,TOR,7.0,14.9
Scoot Henderson,scoot henderson,2026,POR,5.0,29.0
Scottie Barnes,scottie barnes,2026,TOR,7.0,39.0
Shaedon Sharpe,shaedon sharpe,2026,POR,5.0,13.4
Shai Gilgeous-Alexander,shai gilgeous-alexander,2026,OKC,15.0,36.3
Sidy Cissoko,sidy cissoko,2026,POR,4.0,6.5
Spencer Jones,spencer jones,2026,DEN,6.0,24.2
Stephon Castle,stephon castle,2026,SAS,23.0,33.0
Tari Eason,tari eason,2026,HOU,6.0,32.5
Terrence Shannon Jr.,terrence shannon jr.,2026,MIN,9.0,22.6
Thomas Bryant,thomas bryant,2026,CLE,9.0,4.6
Tim Hardaway Jr.,tim hardaway jr.,2026,DEN,6.0,23.3
Tobias Harris,tobias harris,2026,DET,14.0,34.6
Tolu Smith,tolu smith,2026,DET,3.0,2.3
Tony Bradley,tony bradley,2026,ATL,4.0,10.3
Toumani Camara,toumani camara,2026,POR,5.0,33.0
Trayce Jackson-Davis,trayce jackson-davis,2026,TOR,3.0,1.3
Trendon Watford,trendon watford,2026,PHI,7.0,5.7
Tristan Da Silva,tristan da silva,2026,ORL,7.0,15.3
Tyler Kolek,tyler kolek,2026,NYK,8.0,6.6
Tyrese Maxey,tyrese maxey,2026,PHI,11.0,39.7
Tyrese Proctor,tyrese proctor,2026,CLE,4.0,3.3
Tyus Jones,tyus jones,2026,DEN,3.0,10.0
Victor Wembanyama,victor wembanyama,2026,SAS,22.0,34.1
Vít Krejčí,vit krejci,2026,POR,4.0,4.0
VJ Edgecombe,vj edgecombe,2026,PHI,11.0,37.0
Wendell Carter Jr.,wendell carter jr.,2026,ORL,7.0,33.9
Yang Hansen,yang hansen,2026,POR,4.0,1.3
Zaccharie Risacher,zaccharie risacher,2026,ATL,3.0,7.7
Zeke Nnaji,zeke nnaji,2026,DEN,2.0,9.5
