player_name_norm,season,po_onoff_nrtg,po_on_nrtg,po_on_min
a.j. green,2024,0.0,0.0,67
a.j. lawson,2026,2.211,2.4,50
a.j. lawson,2024,0.0,0.0,30
aaron gordon,2026,0.115,1.176,88
aaron gordon,2024,0.0,0.0,445
aaron gordon,2023,0.0,0.0,713
aaron gordon,2022,0.0,0.0,160
aaron gordon,2021,0.0,0.0,299
aaron gordon,2019,0.0,0.0,164
aaron holiday,2026,-0.125,0.852,67
aaron holiday,2023,0.0,0.0,4
aaron holiday,2022,0.0,0.0,20
aaron holiday,2020,0.0,0.0,72
aaron holiday,2019,0.0,0.0,13
aaron nesmith,2024,0.0,0.0,559
aaron nesmith,2022,0.0,0.0,52
aaron nesmith,2021,0.0,0.0,75
aaron wiggins,2026,6.037,6.313,77
aaron wiggins,2024,0.0,0.0,157
abdel nader,2018,0.0,0.0,33
abdel nader,2019,0.0,0.0,5
abdel nader,2020,0.0,0.0,25
abdel nader,2021,0.0,0.0,29
adem bona,2026,-0.585,0.586,98
adou thiero,2026,4.207,4.71,34
ajay mitchell,2026,-1.253,0.209,315
al horford,2024,0.0,0.0,575
al horford,2023,0.0,0.0,617
al horford,2022,0.0,0.0,815
al horford,2020,0.0,0.0,128
al horford,2019,0.0,0.0,310
al horford,2018,0.0,0.0,679
al horford,2017,0.0,0.0,610
al horford,2016,0.0,0.0,327
al horford,2015,0.0,0.0,522
al horford,2013,0.0,0.0,218
al horford,2012,0.0,0.0,108
al horford,2011,0.0,0.0,468
al horford,2010,0.0,0.0,388
al horford,2009,0.0,0.0,252
al horford,2008,0.0,0.0,277
al-farouq aminu,2015,0.0,0.0,150
al-farouq aminu,2016,0.0,0.0,372
al-farouq aminu,2017,0.0,0.0,113
al-farouq aminu,2018,0.0,0.0,131
al-farouq aminu,2019,0.0,0.0,399
alec burks,2024,0.0,0.0,121
alec burks,2021,0.0,0.0,128
alec burks,2020,0.0,0.0,95
alec burks,2018,0.0,0.0,120
alec burks,2012,0.0,0.0,63
alex caruso,2026,-0.824,0.532,352
alex caruso,2022,0.0,0.0,113
alex caruso,2021,0.0,0.0,121
alex caruso,2020,0.0,0.0,510
alex len,2021,0.0,0.0,42
alex len,2023,0.0,0.0,54
alfonzo mckinnie,2019,0.0,0.0,235
alfonzo mckinnie,2021,0.0,0.0,12
alize johnson,2020,0.0,0.0,
alize johnson,2021,0.0,0.0,23
allen crabbe,2015,0.0,0.0,39
allen crabbe,2016,0.0,0.0,302
allen crabbe,2017,0.0,0.0,92
amen thompson,2026,-2.806,0.639,260
amir coffey,2026,19.481,19.481,6
amir coffey,2024,0.0,0.0,112
amir coffey,2023,0.0,0.0,1
amir coffey,2021,0.0,0.0,16
amir coffey,2020,0.0,0.0,7
andre drummond,2026,-0.252,0.872,142
andre drummond,2022,0.0,0.0,60
andre drummond,2021,0.0,0.0,105
andre drummond,2019,0.0,0.0,127
andre drummond,2016,0.0,0.0,131
andre iguodala,2005,0.0,0.0,194
andre iguodala,2008,0.0,0.0,234
andre iguodala,2009,0.0,0.0,269
andre iguodala,2011,0.0,0.0,182
andre iguodala,2012,0.0,0.0,505
andre iguodala,2013,0.0,0.0,243
andre iguodala,2014,0.0,0.0,248
andre iguodala,2015,0.0,0.0,635
andre iguodala,2016,0.0,0.0,768
andre iguodala,2017,0.0,0.0,419
andre iguodala,2018,0.0,0.0,401
andre iguodala,2019,0.0,0.0,629
andre iguodala,2020,0.0,0.0,410
andre iguodala,2021,0.0,0.0,71
andre iguodala,2022,0.0,0.0,61
andre jackson jr.,2024,0.0,0.0,60
andre roberson,2014,0.0,0.0,9
andre roberson,2016,0.0,0.0,471
andre roberson,2017,0.0,0.0,185
andre roberson,2020,0.0,0.0,3
andrew nembhard,2024,0.0,0.0,554
andrew wiggins,2018,0.0,0.0,164
andrew wiggins,2022,0.0,0.0,767
andrew wiggins,2023,0.0,0.0,442
anfernee simons,2019,0.0,0.0,12
anfernee simons,2020,0.0,0.0,82
anfernee simons,2021,0.0,0.0,107
anthony black,2026,0.218,1.015,196
anthony black,2024,0.0,0.0,11
anthony davis,2024,0.0,0.0,208
anthony davis,2023,0.0,0.0,608
anthony davis,2021,0.0,0.0,144
anthony davis,2020,0.0,0.0,769
anthony davis,2018,0.0,0.0,358
anthony davis,2015,0.0,0.0,172
anthony edwards,2026,-0.765,0.758,328
anthony edwards,2024,0.0,0.0,649
anthony edwards,2023,0.0,0.0,199
anthony edwards,2022,0.0,0.0,227
anthony gill,2021,0.0,0.0,33
anthony lamb,2023,0.0,0.0,31
anthony tolliver,2013,0.0,0.0,68
anthony tolliver,2014,0.0,0.0,21
anthony tolliver,2016,0.0,0.0,26
anthony tolliver,2021,0.0,0.0,2
ariel hukporti,2026,4.673,5.329,74
armoni brooks,2022,0.0,0.0,8
aron baynes,2013,0.0,0.0,23
aron baynes,2014,0.0,0.0,101
aron baynes,2015,0.0,0.0,40
aron baynes,2016,0.0,0.0,44
aron baynes,2018,0.0,0.0,389
aron baynes,2019,0.0,0.0,115
asa newell,2026,10.97,11.529,11
ausar thompson,2026,-1.007,0.542,426
austin reaves,2026,-1.015,0.258,219
austin reaves,2024,0.0,0.0,174
austin reaves,2023,0.0,0.0,579
austin rivers,2015,0.0,0.0,250
austin rivers,2016,0.0,0.0,144
austin rivers,2017,0.0,0.0,90
austin rivers,2019,0.0,0.0,215
austin rivers,2020,0.0,0.0,211
austin rivers,2021,0.0,0.0,305
austin rivers,2022,0.0,0.0,108
austin rivers,2023,0.0,0.0,46
avery bradley,2012,0.0,0.0,248
avery bradley,2013,0.0,0.0,191
avery bradley,2015,0.0,0.0,133
avery bradley,2016,0.0,0.0,33
avery bradley,2017,0.0,0.0,645
ayo dosunmu,2026,-0.711,0.717,290
ayo dosunmu,2022,0.0,0.0,86
bam adebayo,2024,0.0,0.0,192
bam adebayo,2023,0.0,0.0,850
bam adebayo,2022,0.0,0.0,614
bam adebayo,2021,0.0,0.0,136
bam adebayo,2020,0.0,0.0,687
bam adebayo,2018,0.0,0.0,77
baylor scheierman,2026,1.866,2.363,97
ben mclemore,2020,0.0,0.0,130
ben mclemore,2021,0.0,0.0,36
ben sheppard,2024,0.0,0.0,335
ben simmons,2018,0.0,0.0,369
ben simmons,2019,0.0,0.0,421
ben simmons,2021,0.0,0.0,402
bismack biyombo,2026,11.5,12.125,25
bismack biyombo,2023,0.0,0.0,78
bismack biyombo,2022,0.0,0.0,86
bismack biyombo,2016,0.0,0.0,505
bismack biyombo,2014,0.0,0.0,48
blake griffin,2012,0.0,0.0,393
blake griffin,2013,0.0,0.0,158
blake griffin,2014,0.0,0.0,478
blake griffin,2015,0.0,0.0,557
blake griffin,2016,0.0,0.0,127
blake griffin,2017,0.0,0.0,99
blake griffin,2019,0.0,0.0,58
blake griffin,2021,0.0,0.0,318
blake griffin,2022,0.0,0.0,25
blake griffin,2023,0.0,0.0,6
blake wesley,2026,12.857,12.857,4
bobby portis,2024,0.0,0.0,187
bobby portis,2023,0.0,0.0,107
bobby portis,2022,0.0,0.0,298
bobby portis,2021,0.0,0.0,366
bobby portis,2017,0.0,0.0,121
bol bol,2024,0.0,0.0,13
bol bol,2021,0.0,0.0,6
bol bol,2020,0.0,0.0,21
bones hyland,2026,0.284,1.299,116
bones hyland,2024,0.0,0.0,12
bones hyland,2023,0.0,0.0,82
bones hyland,2022,0.0,0.0,87
brad wanamaker,2019,0.0,0.0,17
brad wanamaker,2020,0.0,0.0,273
bradley beal,2024,0.0,0.0,154
bradley beal,2021,0.0,0.0,195
bradley beal,2018,0.0,0.0,216
bradley beal,2017,0.0,0.0,505
bradley beal,2015,0.0,0.0,418
bradley beal,2014,0.0,0.0,458
brandon clarke,2021,0.0,0.0,9
brandon clarke,2022,0.0,0.0,296
brandon ingram,2026,-0.229,0.365,147
brandon ingram,2024,0.0,0.0,145
brandon ingram,2022,0.0,0.0,236
bronny james,2026,5.475,5.855,43
brook lopez,2024,0.0,0.0,200
brook lopez,2023,0.0,0.0,182
brook lopez,2022,0.0,0.0,332
brook lopez,2021,0.0,0.0,667
brook lopez,2020,0.0,0.0,328
brook lopez,2019,0.0,0.0,438
brook lopez,2015,0.0,0.0,234
brook lopez,2013,0.0,0.0,263
bruce brown,2026,-0.267,0.934,114
bruce brown,2023,0.0,0.0,532
bruce brown,2022,0.0,0.0,139
bruce brown,2021,0.0,0.0,277
bruce brown,2019,0.0,0.0,57
bruno caboclo,2020,0.0,0.0,7
buddy hield,2026,2.189,2.956,14
buddy hield,2024,0.0,0.0,51
cade cunningham,2026,-0.791,0.798,575
caleb houstan,2024,0.0,0.0,14
caleb martin,2024,0.0,0.0,176
caleb martin,2023,0.0,0.0,694
caleb martin,2022,0.0,0.0,209
cam thomas,2022,0.0,0.0,
cam thomas,2023,0.0,0.0,16
cameron johnson,2026,-0.712,0.846,185
cameron johnson,2023,0.0,0.0,152
cameron johnson,2022,0.0,0.0,320
cameron johnson,2021,0.0,0.0,443
cameron payne,2024,0.0,0.0,61
cameron payne,2023,0.0,0.0,152
cameron payne,2022,0.0,0.0,172
cameron payne,2021,0.0,0.0,418
cameron payne,2017,0.0,0.0,4
cameron payne,2016,0.0,0.0,64
caris levert,2026,-0.941,0.272,218
caris levert,2024,0.0,0.0,278
caris levert,2023,0.0,0.0,170
caris levert,2020,0.0,0.0,140
caris levert,2019,0.0,0.0,144
carter bryant,2026,1.385,2.168,188
cason wallace,2026,-1.364,0.317,376
cason wallace,2024,0.0,0.0,198
charles bassey,2022,0.0,0.0,12
chaz lanier,2026,10.998,11.765,7
chet holmgren,2026,-2.15,0.134,460
chet holmgren,2024,0.0,0.0,345
chris boucher,2019,0.0,0.0,4
chris boucher,2020,0.0,0.0,43
chris boucher,2022,0.0,0.0,130
chris paul,2008,0.0,0.0,486
chris paul,2009,0.0,0.0,201
chris paul,2011,0.0,0.0,250
chris paul,2012,0.0,0.0,423
chris paul,2013,0.0,0.0,224
chris paul,2014,0.0,0.0,472
chris paul,2015,0.0,0.0,445
chris paul,2016,0.0,0.0,125
chris paul,2017,0.0,0.0,260
chris paul,2018,0.0,0.0,517
chris paul,2019,0.0,0.0,397
chris paul,2020,0.0,0.0,261
chris paul,2021,0.0,0.0,683
chris paul,2022,0.0,0.0,448
chris paul,2023,0.0,0.0,250
christian braun,2026,-0.782,0.831,187
christian braun,2024,0.0,0.0,204
christian braun,2023,0.0,0.0,247
cj mccollum,2026,-1.08,0.542,193
cj mccollum,2024,0.0,0.0,148
cj mccollum,2022,0.0,0.0,234
cj mccollum,2021,0.0,0.0,240
cj mccollum,2020,0.0,0.0,196
cj mccollum,2019,0.0,0.0,635
cj mccollum,2018,0.0,0.0,155
cj mccollum,2017,0.0,0.0,140
cj mccollum,2016,0.0,0.0,442
cj mccollum,2015,0.0,0.0,166
cj mccollum,2014,0.0,0.0,24
clint capela,2026,1.795,2.613,21
clint capela,2023,0.0,0.0,151
clint capela,2022,0.0,0.0,40
clint capela,2021,0.0,0.0,569
clint capela,2019,0.0,0.0,331
clint capela,2018,0.0,0.0,520
clint capela,2017,0.0,0.0,286
clint capela,2016,0.0,0.0,43
clint capela,2015,0.0,0.0,127
coby white,2022,0.0,0.0,98
cole anthony,2024,0.0,0.0,103
collin gillespie,2026,-2.366,0.0,110
collin murray-boyles,2026,-1.051,0.0,188
corey kispert,2026,2.767,3.201,54
craig porter jr.,2026,8.719,9.119,21
d'angelo russell,2024,0.0,0.0,185
d'angelo russell,2023,0.0,0.0,473
d'angelo russell,2022,0.0,0.0,196
d'angelo russell,2019,0.0,0.0,148
dalano banton,2026,37.39,38.095,4
dalano banton,2022,0.0,0.0,8
dalen terry,2026,5.597,6.07,42
dalton knecht,2026,10.71,11.074,18
damian lillard,2024,0.0,0.0,156
damian lillard,2021,0.0,0.0,248
damian lillard,2020,0.0,0.0,143
damian lillard,2019,0.0,0.0,650
damian lillard,2018,0.0,0.0,162
damian lillard,2017,0.0,0.0,151
damian lillard,2016,0.0,0.0,438
damian lillard,2015,0.0,0.0,201
damian lillard,2014,0.0,0.0,466
daniel gafford,2024,0.0,0.0,445
daniel gafford,2021,0.0,0.0,117
daniel oturu,2021,0.0,0.0,15
daniel theis,2024,0.0,0.0,4
daniel theis,2022,0.0,0.0,200
daniel theis,2020,0.0,0.0,482
daniel theis,2019,0.0,0.0,42
danilo gallinari,2024,0.0,0.0,37
danilo gallinari,2022,0.0,0.0,112
danilo gallinari,2021,0.0,0.0,442
danilo gallinari,2020,0.0,0.0,212
danilo gallinari,2019,0.0,0.0,201
danilo gallinari,2012,0.0,0.0,222
danilo gallinari,2011,0.0,0.0,148
daniss jenkins,2026,0.572,1.219,312
danny green,2011,0.0,0.0,7
danny green,2012,0.0,0.0,289
danny green,2013,0.0,0.0,673
danny green,2014,0.0,0.0,529
danny green,2015,0.0,0.0,204
danny green,2016,0.0,0.0,267
danny green,2017,0.0,0.0,436
danny green,2018,0.0,0.0,103
danny green,2019,0.0,0.0,684
danny green,2020,0.0,0.0,525
danny green,2021,0.0,0.0,198
danny green,2022,0.0,0.0,319
danny green,2023,0.0,0.0,40
darius bazley,2020,0.0,0.0,126
darius garland,2024,0.0,0.0,432
darius garland,2023,0.0,0.0,188
darius miller,2018,0.0,0.0,162
david roddy,2024,0.0,0.0,3
david roddy,2023,0.0,0.0,76
davion mitchell,2023,0.0,0.0,140
day'ron sharpe,2022,0.0,0.0,
day'ron sharpe,2023,0.0,0.0,20
de'aaron fox,2026,-0.962,0.647,707
de'aaron fox,2023,0.0,0.0,270
de'andre hunter,2021,0.0,0.0,152
de'andre hunter,2022,0.0,0.0,175
de'andre hunter,2023,0.0,0.0,224
de'anthony melton,2024,0.0,0.0,7
de'anthony melton,2023,0.0,0.0,274
de'anthony melton,2022,0.0,0.0,170
de'anthony melton,2021,0.0,0.0,83
dean wade,2026,-0.186,0.6,407
dean wade,2024,0.0,0.0,63
dean wade,2023,0.0,0.0,11
deandre ayton,2026,-1.388,0.207,283
deandre ayton,2023,0.0,0.0,319
deandre ayton,2022,0.0,0.0,397
deandre ayton,2021,0.0,0.0,801
deandre jordan,2024,0.0,0.0,13
deandre jordan,2023,0.0,0.0,14
deandre jordan,2022,0.0,0.0,31
deandre jordan,2017,0.0,0.0,264
deandre jordan,2016,0.0,0.0,198
deandre jordan,2015,0.0,0.0,483
deandre jordan,2014,0.0,0.0,442
deandre jordan,2013,0.0,0.0,144
deandre jordan,2012,0.0,0.0,249
dejounte murray,2017,0.0,0.0,168
dejounte murray,2018,0.0,0.0,96
dejounte murray,2023,0.0,0.0,190
delon wright,2024,0.0,0.0,107
delon wright,2022,0.0,0.0,137
delon wright,2020,0.0,0.0,53
delon wright,2018,0.0,0.0,215
delon wright,2017,0.0,0.0,92
delon wright,2016,0.0,0.0,41
demar derozan,2014,0.0,0.0,282
demar derozan,2015,0.0,0.0,159
demar derozan,2016,0.0,0.0,746
demar derozan,2017,0.0,0.0,373
demar derozan,2018,0.0,0.0,354
demar derozan,2019,0.0,0.0,251
demar derozan,2022,0.0,0.0,203
demarcus cousins,2019,0.0,0.0,133
demarcus cousins,2021,0.0,0.0,58
demarcus cousins,2022,0.0,0.0,57
demarre carroll,2012,0.0,0.0,73
demarre carroll,2014,0.0,0.0,246
demarre carroll,2015,0.0,0.0,558
demarre carroll,2016,0.0,0.0,596
demarre carroll,2017,0.0,0.0,155
demarre carroll,2019,0.0,0.0,119
demarre carroll,2020,0.0,0.0,6
deni avdija,2026,-2.513,0.0,173
denzel valentine,2017,0.0,0.0,22
deonte burton,2019,0.0,0.0,4
deonte burton,2020,0.0,0.0,2
dereck lively ii,2024,0.0,0.0,462
derrick favors,2012,0.0,0.0,116
derrick favors,2017,0.0,0.0,225
derrick favors,2018,0.0,0.0,286
derrick favors,2019,0.0,0.0,103
derrick favors,2021,0.0,0.0,145
derrick jones jr.,2024,0.0,0.0,647
derrick jones jr.,2022,0.0,0.0,59
derrick jones jr.,2021,0.0,0.0,10
derrick jones jr.,2020,0.0,0.0,97
derrick rose,2009,0.0,0.0,313
derrick rose,2010,0.0,0.0,212
derrick rose,2011,0.0,0.0,650
derrick rose,2012,0.0,0.0,37
derrick rose,2015,0.0,0.0,454
derrick rose,2018,0.0,0.0,119
derrick rose,2021,0.0,0.0,175
derrick rose,2023,0.0,0.0,2
derrick white,2026,-2.707,0.447,250
derrick white,2024,0.0,0.0,676
derrick white,2023,0.0,0.0,593
derrick white,2022,0.0,0.0,585
derrick white,2019,0.0,0.0,191
derrick white,2018,0.0,0.0,18
desmond bane,2026,0.404,1.033,252
desmond bane,2023,0.0,0.0,231
desmond bane,2022,0.0,0.0,428
desmond bane,2021,0.0,0.0,99
devin booker,2026,-4.212,0.0,152
devin booker,2024,0.0,0.0,166
devin booker,2023,0.0,0.0,459
devin booker,2022,0.0,0.0,366
devin booker,2021,0.0,0.0,889
devin vassell,2026,-0.635,0.834,804
devonte' graham,2022,0.0,0.0,60
dewayne dedmon,2017,0.0,0.0,97
dewayne dedmon,2021,0.0,0.0,57
dewayne dedmon,2022,0.0,0.0,138
dewayne dedmon,2023,0.0,0.0,5
dillon brooks,2026,-2.956,0.0,148
dillon brooks,2023,0.0,0.0,167
dillon brooks,2022,0.0,0.0,335
dillon brooks,2021,0.0,0.0,175
dion waiters,2016,0.0,0.0,491
dion waiters,2020,0.0,0.0,38
domantas sabonis,2017,0.0,0.0,6
domantas sabonis,2018,0.0,0.0,166
domantas sabonis,2019,0.0,0.0,96
domantas sabonis,2023,0.0,0.0,243
dominick barlow,2026,1.204,2.009,97
donovan clingan,2026,-1.204,0.0,107
donovan mitchell,2026,-1.168,0.424,651
donovan mitchell,2024,0.0,0.0,382
donovan mitchell,2023,0.0,0.0,207
donovan mitchell,2022,0.0,0.0,229
donovan mitchell,2021,0.0,0.0,346
donovan mitchell,2020,0.0,0.0,264
donovan mitchell,2019,0.0,0.0,193
donovan mitchell,2018,0.0,0.0,411
donta hall,2020,0.0,0.0,20
donte divincenzo,2026,0.091,1.148,97
donte divincenzo,2024,0.0,0.0,466
donte divincenzo,2023,0.0,0.0,235
donte divincenzo,2021,0.0,0.0,70
donte divincenzo,2020,0.0,0.0,165
dorian finney-smith,2026,0.046,0.982,48
dorian finney-smith,2023,0.0,0.0,101
dorian finney-smith,2022,0.0,0.0,688
dorian finney-smith,2021,0.0,0.0,271
dorian finney-smith,2020,0.0,0.0,191
doug mcdermott,2024,0.0,0.0,64
doug mcdermott,2020,0.0,0.0,54
doug mcdermott,2019,0.0,0.0,29
doug mcdermott,2017,0.0,0.0,66
doug mcdermott,2015,0.0,0.0,10
draymond green,2013,0.0,0.0,223
draymond green,2014,0.0,0.0,228
draymond green,2015,0.0,0.0,784
draymond green,2016,0.0,0.0,879
draymond green,2017,0.0,0.0,593
draymond green,2018,0.0,0.0,818
draymond green,2019,0.0,0.0,851
draymond green,2022,0.0,0.0,703
draymond green,2023,0.0,0.0,367
drew eubanks,2024,0.0,0.0,37
duncan robinson,2026,-0.442,0.735,385
duncan robinson,2024,0.0,0.0,60
duncan robinson,2023,0.0,0.0,418
duncan robinson,2022,0.0,0.0,159
duncan robinson,2021,0.0,0.0,100
duncan robinson,2020,0.0,0.0,600
dwight howard,2007,0.0,0.0,167
dwight howard,2008,0.0,0.0,421
dwight howard,2009,0.0,0.0,903
dwight howard,2010,0.0,0.0,497
dwight howard,2011,0.0,0.0,258
dwight howard,2013,0.0,0.0,126
dwight howard,2014,0.0,0.0,231
dwight howard,2015,0.0,0.0,574
dwight howard,2016,0.0,0.0,180
dwight howard,2017,0.0,0.0,157
dwight howard,2020,0.0,0.0,282
dwight howard,2021,0.0,0.0,149
dwight powell,2024,0.0,0.0,44
dwight powell,2022,0.0,0.0,249
dwight powell,2021,0.0,0.0,52
dwight powell,2016,0.0,0.0,64
dwight powell,2015,0.0,0.0,3
dylan harper,2026,-0.802,0.645,621
dyson daniels,2026,-0.659,0.624,165
dyson daniels,2024,0.0,0.0,17
e'twaun moore,2012,0.0,0.0,21
e'twaun moore,2015,0.0,0.0,9
e'twaun moore,2018,0.0,0.0,284
e'twaun moore,2021,0.0,0.0,46
e.j. liddell,2024,0.0,0.0,3
ed davis,2013,0.0,0.0,48
ed davis,2014,0.0,0.0,25
ed davis,2016,0.0,0.0,205
ed davis,2018,0.0,0.0,71
ed davis,2019,0.0,0.0,41
edmond sumner,2019,0.0,0.0,2
edmond sumner,2020,0.0,0.0,40
edmond sumner,2023,0.0,0.0,4
elfrid payton,2021,0.0,0.0,13
elfrid payton,2022,0.0,0.0,8
emmanuel mudiay,2020,0.0,0.0,34
enes freedom,2012,0.0,0.0,43
enes freedom,2016,0.0,0.0,323
enes freedom,2017,0.0,0.0,45
enes freedom,2019,0.0,0.0,461
enes freedom,2020,0.0,0.0,102
enes freedom,2021,0.0,0.0,56
eric bledsoe,2012,0.0,0.0,189
eric bledsoe,2013,0.0,0.0,97
eric bledsoe,2018,0.0,0.0,225
eric bledsoe,2019,0.0,0.0,423
eric bledsoe,2020,0.0,0.0,267
eric gordon,2024,0.0,0.0,118
eric gordon,2023,0.0,0.0,149
eric gordon,2020,0.0,0.0,410
eric gordon,2019,0.0,0.0,410
eric gordon,2018,0.0,0.0,549
eric gordon,2017,0.0,0.0,358
eric gordon,2015,0.0,0.0,143
eric paschall,2022,0.0,0.0,24
evan fournier,2013,0.0,0.0,53
evan fournier,2019,0.0,0.0,175
evan fournier,2020,0.0,0.0,171
evan fournier,2021,0.0,0.0,167
evan mobley,2026,-0.813,0.509,639
evan mobley,2024,0.0,0.0,422
evan mobley,2023,0.0,0.0,188
evan turner,2011,0.0,0.0,97
evan turner,2012,0.0,0.0,449
evan turner,2014,0.0,0.0,149
evan turner,2015,0.0,0.0,118
evan turner,2016,0.0,0.0,214
evan turner,2017,0.0,0.0,124
evan turner,2018,0.0,0.0,87
evan turner,2019,0.0,0.0,245
facundo campazzo,2021,0.0,0.0,270
facundo campazzo,2022,0.0,0.0,13
frank kaminsky,2016,0.0,0.0,190
frank kaminsky,2021,0.0,0.0,68
frank ntilikina,2021,0.0,0.0,4
frank ntilikina,2022,0.0,0.0,125
franz wagner,2026,-0.046,0.902,122
franz wagner,2024,0.0,0.0,259
fred vanvleet,2017,0.0,0.0,29
fred vanvleet,2018,0.0,0.0,114
fred vanvleet,2019,0.0,0.0,592
fred vanvleet,2020,0.0,0.0,430
fred vanvleet,2022,0.0,0.0,140
furkan korkmaz,2018,0.0,0.0,2
furkan korkmaz,2019,0.0,0.0,36
furkan korkmaz,2020,0.0,0.0,40
furkan korkmaz,2021,0.0,0.0,195
furkan korkmaz,2022,0.0,0.0,61
furkan korkmaz,2023,0.0,0.0,11
gabe vincent,2026,-1.376,0.0,92
gabe vincent,2024,0.0,0.0,69
gabe vincent,2023,0.0,0.0,672
gabe vincent,2022,0.0,0.0,423
gabe vincent,2021,0.0,0.0,14
gabe vincent,2020,0.0,0.0,
garrett temple,2026,16.337,16.667,2
garrett temple,2022,0.0,0.0,2
garrett temple,2020,0.0,0.0,137
garrett temple,2019,0.0,0.0,63
garrett temple,2015,0.0,0.0,26
garrett temple,2014,0.0,0.0,8
garrett temple,2010,0.0,0.0,15
garrison mathews,2021,0.0,0.0,17
gary clark,2019,0.0,0.0,4
gary clark,2020,0.0,0.0,144
gary harris,2024,0.0,0.0,159
gary harris,2020,0.0,0.0,379
gary harris,2019,0.0,0.0,517
gary payton ii,2022,0.0,0.0,203
gary payton ii,2023,0.0,0.0,191
gary trent jr.,2020,0.0,0.0,153
gary trent jr.,2022,0.0,0.0,199
george hill,2009,0.0,0.0,76
george hill,2010,0.0,0.0,344
george hill,2011,0.0,0.0,189
george hill,2012,0.0,0.0,346
george hill,2013,0.0,0.0,686
george hill,2014,0.0,0.0,687
george hill,2016,0.0,0.0,235
george hill,2017,0.0,0.0,281
george hill,2018,0.0,0.0,557
george hill,2019,0.0,0.0,395
george hill,2020,0.0,0.0,268
george hill,2021,0.0,0.0,205
george hill,2022,0.0,0.0,76
georges niang,2024,0.0,0.0,121
georges niang,2023,0.0,0.0,157
georges niang,2022,0.0,0.0,198
georges niang,2021,0.0,0.0,129
georges niang,2020,0.0,0.0,114
georges niang,2019,0.0,0.0,55
gerald green,2009,0.0,0.0,26
gerald green,2013,0.0,0.0,105
gerald green,2016,0.0,0.0,110
gerald green,2017,0.0,0.0,192
gerald green,2018,0.0,0.0,272
gerald green,2019,0.0,0.0,97
giannis antetokounmpo,2015,0.0,0.0,201
giannis antetokounmpo,2017,0.0,0.0,243
giannis antetokounmpo,2018,0.0,0.0,280
giannis antetokounmpo,2019,0.0,0.0,514
giannis antetokounmpo,2020,0.0,0.0,277
giannis antetokounmpo,2021,0.0,0.0,800
giannis antetokounmpo,2022,0.0,0.0,448
giannis antetokounmpo,2023,0.0,0.0,91
goga bitadze,2026,-1.308,0.0,82
goga bitadze,2024,0.0,0.0,10
gordon hayward,2024,0.0,0.0,46
gordon hayward,2020,0.0,0.0,157
gordon hayward,2019,0.0,0.0,267
gordon hayward,2017,0.0,0.0,411
gordon hayward,2012,0.0,0.0,123
gorgui dieng,2018,0.0,0.0,70
gorgui dieng,2022,0.0,0.0,10
gradey dick,2026,18.881,19.048,4
grant williams,2020,0.0,0.0,170
grant williams,2021,0.0,0.0,57
grant williams,2022,0.0,0.0,654
grant williams,2023,0.0,0.0,265
grayson allen,2026,-1.057,0.0,37
grayson allen,2024,0.0,0.0,43
grayson allen,2023,0.0,0.0,149
grayson allen,2022,0.0,0.0,305
grayson allen,2021,0.0,0.0,116
grayson allen,2019,0.0,0.0,14
guerschon yabusele,2018,0.0,0.0,48
guerschon yabusele,2019,0.0,0.0,14
hamidou diallo,2020,0.0,0.0,25
harrison barnes,2026,-1.192,0.0,186
harrison barnes,2023,0.0,0.0,196
harrison barnes,2016,0.0,0.0,743
harrison barnes,2015,0.0,0.0,681
harrison barnes,2014,0.0,0.0,156
harrison barnes,2013,0.0,0.0,461
hassan whiteside,2016,0.0,0.0,291
hassan whiteside,2018,0.0,0.0,77
hassan whiteside,2020,0.0,0.0,106
hassan whiteside,2022,0.0,0.0,65
haywood highsmith,2026,-0.939,0.0,11
haywood highsmith,2024,0.0,0.0,126
haywood highsmith,2023,0.0,0.0,161
haywood highsmith,2022,0.0,0.0,31
herbert jones,2024,0.0,0.0,141
herbert jones,2022,0.0,0.0,226
hugo gonzalez,2026,6.712,7.446,19
hunter tyson,2024,0.0,0.0,14
ian mahinmi,2010,0.0,0.0,19
ian mahinmi,2011,0.0,0.0,33
ian mahinmi,2012,0.0,0.0,70
ian mahinmi,2013,0.0,0.0,150
ian mahinmi,2014,0.0,0.0,241
ian mahinmi,2016,0.0,0.0,172
ian mahinmi,2017,0.0,0.0,63
ian mahinmi,2018,0.0,0.0,52
iman shumpert,2012,0.0,0.0,19
iman shumpert,2013,0.0,0.0,337
iman shumpert,2015,0.0,0.0,695
iman shumpert,2016,0.0,0.0,367
iman shumpert,2017,0.0,0.0,275
iman shumpert,2019,0.0,0.0,109
immanuel quickley,2021,0.0,0.0,77
immanuel quickley,2023,0.0,0.0,175
isaac bonga,2021,0.0,0.0,10
isaac bonga,2022,0.0,0.0,3
isaac okoro,2024,0.0,0.0,263
isaac okoro,2023,0.0,0.0,75
isaiah hartenstein,2026,-1.506,0.175,348
isaiah hartenstein,2024,0.0,0.0,388
isaiah hartenstein,2023,0.0,0.0,220
isaiah hartenstein,2019,0.0,0.0,2
isaiah jackson,2024,0.0,0.0,154
isaiah joe,2026,2.457,2.878,140
isaiah joe,2024,0.0,0.0,173
isaiah joe,2022,0.0,0.0,15
isaiah joe,2021,0.0,0.0,9
isaiah stewart,2026,0.002,0.923,166
isaiah thomas,2024,0.0,0.0,4
isaiah thomas,2017,0.0,0.0,521
isaiah thomas,2016,0.0,0.0,220
isaiah thomas,2015,0.0,0.0,119
ish smith,2011,0.0,0.0,10
ish smith,2012,0.0,0.0,5
ish smith,2013,0.0,0.0,11
ish smith,2019,0.0,0.0,81
ish smith,2021,0.0,0.0,111
ish smith,2023,0.0,0.0,12
ish wainright,2022,0.0,0.0,26
ish wainright,2023,0.0,0.0,21
ivica zubac,2024,0.0,0.0,192
ivica zubac,2023,0.0,0.0,130
ivica zubac,2021,0.0,0.0,301
ivica zubac,2020,0.0,0.0,320
ivica zubac,2019,0.0,0.0,39
j.j. barea,2007,0.0,0.0,4
j.j. barea,2008,0.0,0.0,5
j.j. barea,2009,0.0,0.0,221
j.j. barea,2010,0.0,0.0,105
j.j. barea,2011,0.0,0.0,390
j.j. barea,2015,0.0,0.0,154
j.j. barea,2016,0.0,0.0,100
j.j. barea,2020,0.0,0.0,5
ja morant,2021,0.0,0.0,203
ja morant,2022,0.0,0.0,338
ja morant,2023,0.0,0.0,187
ja'kobe walter,2026,-1.697,0.0,221
jabari parker,2018,0.0,0.0,167
jabari parker,2021,0.0,0.0,59
jabari smith jr.,2026,-1.882,0.669,249
jabari walker,2026,7.25,7.821,31
jacob evans,2019,0.0,0.0,18
jaden hardy,2024,0.0,0.0,129
jaden mcdaniels,2026,-1.115,0.752,406
jaden mcdaniels,2024,0.0,0.0,537
jaden mcdaniels,2022,0.0,0.0,130
jaden springer,2024,0.0,0.0,22
jaden springer,2023,0.0,0.0,17
jaden springer,2022,0.0,0.0,13
jae crowder,2024,0.0,0.0,42
jae crowder,2023,0.0,0.0,41
jae crowder,2022,0.0,0.0,383
jae crowder,2021,0.0,0.0,729
jae crowder,2020,0.0,0.0,660
jae crowder,2019,0.0,0.0,130
jae crowder,2018,0.0,0.0,323
jae crowder,2017,0.0,0.0,596
jae crowder,2016,0.0,0.0,197
jae crowder,2015,0.0,0.0,100
jae crowder,2014,0.0,0.0,81
jae'sean tate,2026,2.251,2.903,28
jaime jaquez jr.,2024,0.0,0.0,122
jakarr sampson,2020,0.0,0.0,50
jake laravia,2026,0.704,1.333,112
jake layman,2017,0.0,0.0,16
jake layman,2018,0.0,0.0,8
jake layman,2019,0.0,0.0,20
jakob poeltl,2026,-0.836,0.0,132
jakob poeltl,2019,0.0,0.0,177
jakob poeltl,2018,0.0,0.0,140
jakob poeltl,2017,0.0,0.0,26
jalen brunson,2026,-2.264,0.524,702
jalen brunson,2024,0.0,0.0,518
jalen brunson,2023,0.0,0.0,443
jalen brunson,2022,0.0,0.0,629
jalen brunson,2021,0.0,0.0,114
jalen duren,2026,-0.918,0.557,421
jalen green,2026,-3.284,0.0,149
jalen johnson,2026,-1.581,0.489,216
jalen johnson,2023,0.0,0.0,56
jalen johnson,2022,0.0,0.0,9
jalen mcdaniels,2023,0.0,0.0,102
jalen pickett,2026,24.258,25.0,4
jalen pickett,2024,0.0,0.0,11
jalen smith,2024,0.0,0.0,42
jalen smith,2021,0.0,0.0,18
jalen suggs,2026,0.503,1.069,248
jalen suggs,2024,0.0,0.0,232
jalen williams,2026,-0.559,0.51,109
jalen williams,2024,0.0,0.0,377
jamal crawford,2010,0.0,0.0,351
jamal crawford,2011,0.0,0.0,358
jamal crawford,2013,0.0,0.0,161
jamal crawford,2014,0.0,0.0,312
jamal crawford,2015,0.0,0.0,379
jamal crawford,2016,0.0,0.0,199
jamal crawford,2017,0.0,0.0,196
jamal crawford,2018,0.0,0.0,123
jamal murray,2026,-4.213,0.432,238
jamal murray,2024,0.0,0.0,462
jamal murray,2023,0.0,0.0,799
jamal murray,2020,0.0,0.0,753
jamal murray,2019,0.0,0.0,508
jamal shead,2026,-0.681,0.252,222
jamaree bouyea,2026,17.763,17.763,9
james harden,2026,-0.714,0.52,669
james harden,2024,0.0,0.0,242
james harden,2023,0.0,0.0,427
james harden,2022,0.0,0.0,479
james harden,2021,0.0,0.0,322
james harden,2020,0.0,0.0,448
james harden,2019,0.0,0.0,424
james harden,2018,0.0,0.0,621
james harden,2017,0.0,0.0,407
james harden,2016,0.0,0.0,193
james harden,2015,0.0,0.0,636
james harden,2014,0.0,0.0,263
james harden,2013,0.0,0.0,243
james harden,2012,0.0,0.0,630
james harden,2011,0.0,0.0,537
james harden,2010,0.0,0.0,120
james johnson,2024,0.0,0.0,1
james johnson,2018,0.0,0.0,161
james johnson,2016,0.0,0.0,98
james johnson,2015,0.0,0.0,12
james johnson,2014,0.0,0.0,28
james johnson,2010,0.0,0.0,20
jamison battle,2026,0.405,0.814,69
jamychal green,2015,0.0,0.0,8
jamychal green,2016,0.0,0.0,72
jamychal green,2017,0.0,0.0,118
jamychal green,2019,0.0,0.0,141
jamychal green,2020,0.0,0.0,222
jamychal green,2021,0.0,0.0,190
jamychal green,2022,0.0,0.0,69
jamychal green,2023,0.0,0.0,49
jarace walker,2024,0.0,0.0,31
jared butler,2022,0.0,0.0,5
jared dudley,2010,0.0,0.0,377
jared dudley,2014,0.0,0.0,44
jared dudley,2015,0.0,0.0,110
jared dudley,2019,0.0,0.0,82
jared dudley,2020,0.0,0.0,31
jared dudley,2021,0.0,0.0,5
jared mccain,2026,0.941,1.581,260
jaren jackson jr.,2021,0.0,0.0,137
jaren jackson jr.,2022,0.0,0.0,332
jaren jackson jr.,2023,0.0,0.0,220
jarred vanderbilt,2026,-0.005,0.812,74
jarred vanderbilt,2023,0.0,0.0,247
jarred vanderbilt,2022,0.0,0.0,129
jarred vanderbilt,2019,0.0,0.0,5
jarrell brantley,2020,0.0,0.0,13
jarrell brantley,2021,0.0,0.0,3
jarrett allen,2026,-1.365,0.114,527
jarrett allen,2024,0.0,0.0,127
jarrett allen,2023,0.0,0.0,191
jarrett allen,2020,0.0,0.0,132
jarrett allen,2019,0.0,0.0,110
jarrett culver,2022,0.0,0.0,22
jase richardson,2026,-0.942,0.0,3
jason preston,2023,0.0,0.0,1
javale mcgee,2012,0.0,0.0,181
javale mcgee,2013,0.0,0.0,112
javale mcgee,2016,0.0,0.0,14
javale mcgee,2017,0.0,0.0,149
javale mcgee,2018,0.0,0.0,158
javale mcgee,2020,0.0,0.0,135
javale mcgee,2021,0.0,0.0,34
javale mcgee,2022,0.0,0.0,133
javonte green,2026,0.856,1.599,132
javonte green,2022,0.0,0.0,72
javonte green,2020,0.0,0.0,6
jaxson hayes,2026,-0.766,0.324,163
jaxson hayes,2024,0.0,0.0,24
jaxson hayes,2022,0.0,0.0,83
jaylen adams,2020,0.0,0.0,21
jaylen brown,2026,-2.827,0.439,247
jaylen brown,2024,0.0,0.0,707
jaylen brown,2023,0.0,0.0,751
jaylen brown,2022,0.0,0.0,920
jaylen brown,2020,0.0,0.0,672
jaylen brown,2019,0.0,0.0,274
jaylen brown,2018,0.0,0.0,583
jaylen brown,2017,0.0,0.0,215
jaylen clark,2026,3.062,3.851,56
jaylen hoard,2020,0.0,0.0,41
jaylen nowell,2022,0.0,0.0,12
jaylen nowell,2023,0.0,0.0,62
jaylin williams,2026,-0.034,0.957,243
jaylin williams,2024,0.0,0.0,127
jaylon tyson,2026,-0.254,0.517,214
jayson tatum,2026,-1.956,0.284,217
jayson tatum,2024,0.0,0.0,768
jayson tatum,2023,0.0,0.0,799
jayson tatum,2022,0.0,0.0,983
jayson tatum,2021,0.0,0.0,185
jayson tatum,2020,0.0,0.0,690
jayson tatum,2019,0.0,0.0,295
jayson tatum,2018,0.0,0.0,683
jd davison,2026,21.087,21.667,5
jeff green,2026,2.161,2.964,10
jeff green,2023,0.0,0.0,343
jeff green,2022,0.0,0.0,113
jeff green,2021,0.0,0.0,148
jeff green,2020,0.0,0.0,341
jeff green,2018,0.0,0.0,523
jeff green,2016,0.0,0.0,159
jeff green,2015,0.0,0.0,298
jeff green,2013,0.0,0.0,258
jeff green,2011,0.0,0.0,173
jeff green,2010,0.0,0.0,224
jeff teague,2010,0.0,0.0,58
jeff teague,2011,0.0,0.0,238
jeff teague,2012,0.0,0.0,224
jeff teague,2013,0.0,0.0,213
jeff teague,2014,0.0,0.0,242
jeff teague,2015,0.0,0.0,529
jeff teague,2016,0.0,0.0,279
jeff teague,2017,0.0,0.0,142
jeff teague,2018,0.0,0.0,153
jeff teague,2021,0.0,0.0,119
jerami grant,2026,-1.252,0.0,112
jerami grant,2020,0.0,0.0,653
jerami grant,2019,0.0,0.0,176
jerami grant,2018,0.0,0.0,133
jerami grant,2017,0.0,0.0,111
jeremiah robinson-earl,2024,0.0,0.0,5
jeremy lamb,2014,0.0,0.0,100
jeremy lamb,2016,0.0,0.0,12
jeremy sochan,2026,4.66,5.556,25
jerian grant,2017,0.0,0.0,52
jerian grant,2019,0.0,0.0,14
jericho sims,2024,0.0,0.0,27
jerome robinson,2019,0.0,0.0,46
jett howard,2026,-0.942,0.0,3
jett howard,2024,0.0,0.0,10
jevon carter,2026,-0.969,0.0,17
jevon carter,2023,0.0,0.0,49
jevon carter,2022,0.0,0.0,126
jevon carter,2021,0.0,0.0,22
jimmy butler,2012,0.0,0.0,4
jimmy butler,2013,0.0,0.0,490
jimmy butler,2014,0.0,0.0,218
jimmy butler,2015,0.0,0.0,506
jimmy butler,2017,0.0,0.0,239
jimmy butler,2018,0.0,0.0,170
jimmy butler,2019,0.0,0.0,421
jimmy butler,2020,0.0,0.0,806
jimmy butler,2021,0.0,0.0,154
jimmy butler,2022,0.0,0.0,629
jimmy butler,2023,0.0,0.0,874
joakim noah,2009,0.0,0.0,271
joakim noah,2010,0.0,0.0,188
joakim noah,2011,0.0,0.0,530
joakim noah,2012,0.0,0.0,99
joakim noah,2013,0.0,0.0,409
joakim noah,2014,0.0,0.0,210
joakim noah,2015,0.0,0.0,395
joakim noah,2020,0.0,0.0,2
joan beringer,2026,9.368,10.024,23
jock landale,2023,0.0,0.0,113
joe harris,2015,0.0,0.0,16
joe harris,2019,0.0,0.0,149
joe harris,2020,0.0,0.0,72
joe harris,2021,0.0,0.0,434
joe harris,2023,0.0,0.0,44
joe ingles,2026,12.312,13.134,14
joe ingles,2024,0.0,0.0,68
joe ingles,2023,0.0,0.0,89
joe ingles,2021,0.0,0.0,306
joe ingles,2020,0.0,0.0,234
joe ingles,2019,0.0,0.0,151
joe ingles,2018,0.0,0.0,382
joe ingles,2017,0.0,0.0,333
joel embiid,2026,-1.894,0.0,232
joel embiid,2024,0.0,0.0,248
joel embiid,2023,0.0,0.0,336
joel embiid,2022,0.0,0.0,385
joel embiid,2021,0.0,0.0,357
joel embiid,2020,0.0,0.0,145
joel embiid,2019,0.0,0.0,334
joel embiid,2018,0.0,0.0,278
john collins,2021,0.0,0.0,576
john collins,2022,0.0,0.0,122
john collins,2023,0.0,0.0,164
john henson,2013,0.0,0.0,33
john henson,2015,0.0,0.0,152
john henson,2017,0.0,0.0,12
john henson,2018,0.0,0.0,74
john konchar,2021,0.0,0.0,3
john konchar,2022,0.0,0.0,56
john konchar,2023,0.0,0.0,49
john wall,2014,0.0,0.0,420
john wall,2015,0.0,0.0,273
john wall,2017,0.0,0.0,506
john wall,2018,0.0,0.0,234
johni broome,2026,13.024,13.889,8
jon leuer,2013,0.0,0.0,11
jon leuer,2014,0.0,0.0,23
jon leuer,2015,0.0,0.0,9
jon leuer,2019,0.0,0.0,5
jonah bolden,2019,0.0,0.0,79
jonathan isaac,2024,0.0,0.0,147
jonathan isaac,2019,0.0,0.0,137
jonathan kuminga,2026,-1.317,0.322,157
jonathan kuminga,2023,0.0,0.0,61
jonathan kuminga,2022,0.0,0.0,138
jonathan mogbo,2026,18.881,19.048,4
jonathon simmons,2016,0.0,0.0,26
jonathon simmons,2017,0.0,0.0,306
jonathon simmons,2019,0.0,0.0,52
jordan bell,2018,0.0,0.0,173
jordan bell,2019,0.0,0.0,106
jordan clarkson,2026,-0.937,0.321,196
jordan clarkson,2022,0.0,0.0,170
jordan clarkson,2021,0.0,0.0,298
jordan clarkson,2020,0.0,0.0,200
jordan clarkson,2018,0.0,0.0,285
jordan goodwin,2026,-0.898,0.0,5
jordan hawkins,2024,0.0,0.0,12
jordan mclaughlin,2026,7.681,8.317,46
jordan mclaughlin,2024,0.0,0.0,30
jordan mclaughlin,2023,0.0,0.0,14
jordan mclaughlin,2022,0.0,0.0,83
jordan mcrae,2016,0.0,0.0,4
jordan nwora,2021,0.0,0.0,31
jordan nwora,2022,0.0,0.0,20
jordan poole,2022,0.0,0.0,606
jordan poole,2023,0.0,0.0,284
jordan walsh,2026,1.495,2.183,87
jordan walsh,2024,0.0,0.0,11
jose alvarado,2026,-0.367,0.762,170
jose alvarado,2024,0.0,0.0,62
jose alvarado,2022,0.0,0.0,117
josh giddey,2024,0.0,0.0,181
josh green,2024,0.0,0.0,399
josh green,2022,0.0,0.0,121
josh green,2021,0.0,0.0,4
josh hart,2026,-0.772,0.803,615
josh hart,2024,0.0,0.0,548
josh hart,2023,0.0,0.0,353
josh minott,2024,0.0,0.0,18
josh minott,2023,0.0,0.0,6
josh okogie,2026,1.138,1.707,103
josh okogie,2024,0.0,0.0,29
josh okogie,2023,0.0,0.0,175
josh okogie,2022,0.0,0.0,2
josh richardson,2016,0.0,0.0,387
josh richardson,2018,0.0,0.0,130
josh richardson,2020,0.0,0.0,144
josh richardson,2021,0.0,0.0,94
jrue holiday,2026,-2.836,0.0,190
jrue holiday,2024,0.0,0.0,720
jrue holiday,2023,0.0,0.0,191
jrue holiday,2022,0.0,0.0,463
jrue holiday,2021,0.0,0.0,912
jrue holiday,2018,0.0,0.0,348
jrue holiday,2015,0.0,0.0,55
jrue holiday,2012,0.0,0.0,494
jrue holiday,2011,0.0,0.0,188
juan toscano-anderson,2022,0.0,0.0,49
julian champagnie,2026,-1.365,0.489,707
julian phillips,2026,9.266,9.922,26
julian strawther,2026,4.547,5.332,17
julian strawther,2024,0.0,0.0,16
julius randle,2026,-1.581,0.622,402
julius randle,2023,0.0,0.0,330
julius randle,2021,0.0,0.0,180
justin anderson,2016,0.0,0.0,95
justin anderson,2018,0.0,0.0,33
justin anderson,2020,0.0,0.0,28
justin champagnie,2023,0.0,0.0,10
justin edwards,2026,1.479,2.179,111
justin holiday,2024,0.0,0.0,150
justin holiday,2020,0.0,0.0,131
justin holiday,2015,0.0,0.0,11
justin jackson,2020,0.0,0.0,16
justin jackson,2021,0.0,0.0,15
justise winslow,2016,0.0,0.0,330
justise winslow,2018,0.0,0.0,125
justise winslow,2021,0.0,0.0,3
juwan morgan,2020,0.0,0.0,86
juwan morgan,2021,0.0,0.0,6
juwan morgan,2022,0.0,0.0,15
karl-anthony towns,2026,-1.931,0.323,579
karl-anthony towns,2024,0.0,0.0,522
karl-anthony towns,2023,0.0,0.0,180
karl-anthony towns,2022,0.0,0.0,222
karl-anthony towns,2018,0.0,0.0,170
kawhi leonard,2024,0.0,0.0,59
kawhi leonard,2023,0.0,0.0,80
kawhi leonard,2021,0.0,0.0,432
kawhi leonard,2020,0.0,0.0,511
kawhi leonard,2019,0.0,0.0,939
kawhi leonard,2017,0.0,0.0,429
kawhi leonard,2016,0.0,0.0,339
kawhi leonard,2015,0.0,0.0,250
kawhi leonard,2014,0.0,0.0,736
kawhi leonard,2013,0.0,0.0,775
kawhi leonard,2012,0.0,0.0,379
keaton wallace,2026,10.612,10.991,16
keegan murray,2023,0.0,0.0,194
keita bates-diop,2020,0.0,0.0,24
keldon johnson,2026,-1.163,0.274,412
kelly olynyk,2026,9.265,9.896,36
kelly olynyk,2020,0.0,0.0,258
kelly olynyk,2018,0.0,0.0,146
kelly olynyk,2017,0.0,0.0,346
kelly olynyk,2016,0.0,0.0,32
kelly olynyk,2015,0.0,0.0,53
kelly oubre jr.,2026,-1.349,0.628,365
kelly oubre jr.,2024,0.0,0.0,224
kelly oubre jr.,2018,0.0,0.0,148
kelly oubre jr.,2017,0.0,0.0,184
kemba walker,2014,0.0,0.0,153
kemba walker,2016,0.0,0.0,260
kemba walker,2020,0.0,0.0,628
kemba walker,2021,0.0,0.0,91
kendall brown,2024,0.0,0.0,25
kendrick nunn,2020,0.0,0.0,239
kendrick nunn,2021,0.0,0.0,93
kenrich williams,2026,5.93,6.207,71
kenrich williams,2024,0.0,0.0,32
kent bazemore,2013,0.0,0.0,16
kent bazemore,2015,0.0,0.0,303
kent bazemore,2016,0.0,0.0,325
kent bazemore,2017,0.0,0.0,150
kentavious caldwell-pope,2024,0.0,0.0,420
kentavious caldwell-pope,2023,0.0,0.0,671
kentavious caldwell-pope,2021,0.0,0.0,146
kentavious caldwell-pope,2020,0.0,0.0,608
kentavious caldwell-pope,2016,0.0,0.0,161
keon ellis,2026,1.847,2.352,88
kessler edwards,2022,0.0,0.0,7
kessler edwards,2023,0.0,0.0,7
kevin durant,2026,0.636,1.504,40
kevin durant,2024,0.0,0.0,168
kevin durant,2023,0.0,0.0,466
kevin durant,2022,0.0,0.0,176
kevin durant,2021,0.0,0.0,485
kevin durant,2019,0.0,0.0,442
kevin durant,2018,0.0,0.0,807
kevin durant,2017,0.0,0.0,533
kevin durant,2016,0.0,0.0,726
kevin durant,2014,0.0,0.0,815
kevin durant,2013,0.0,0.0,485
kevin durant,2012,0.0,0.0,837
kevin durant,2011,0.0,0.0,722
kevin durant,2010,0.0,0.0,231
kevin huerter,2026,-1.002,0.0,47
kevin huerter,2023,0.0,0.0,183
kevin huerter,2022,0.0,0.0,154
kevin huerter,2021,0.0,0.0,558
kevin knox,2021,0.0,0.0,4
kevin knox,2022,0.0,0.0,9
kevin love,2024,0.0,0.0,32
kevin love,2023,0.0,0.0,359
kevin love,2018,0.0,0.0,660
kevin love,2017,0.0,0.0,578
kevin love,2016,0.0,0.0,613
kevin love,2015,0.0,0.0,107
kevon looney,2018,0.0,0.0,387
kevon looney,2019,0.0,0.0,432
kevon looney,2022,0.0,0.0,448
kevon looney,2023,0.0,0.0,325
khaman maluach,2026,3.484,3.484,44
khem birch,2019,0.0,0.0,92
khem birch,2020,0.0,0.0,89
khem birch,2022,0.0,0.0,63
khris middleton,2024,0.0,0.0,230
khris middleton,2023,0.0,0.0,173
khris middleton,2022,0.0,0.0,72
khris middleton,2021,0.0,0.0,922
khris middleton,2020,0.0,0.0,355
khris middleton,2019,0.0,0.0,515
khris middleton,2018,0.0,0.0,275
khris middleton,2017,0.0,0.0,231
khris middleton,2015,0.0,0.0,232
khyri thomas,2019,0.0,0.0,15
klay thompson,2013,0.0,0.0,495
klay thompson,2014,0.0,0.0,257
klay thompson,2015,0.0,0.0,761
klay thompson,2016,0.0,0.0,849
klay thompson,2017,0.0,0.0,596
klay thompson,2018,0.0,0.0,794
klay thompson,2019,0.0,0.0,818
klay thompson,2022,0.0,0.0,792
klay thompson,2023,0.0,0.0,468
kobe brown,2024,0.0,0.0,10
kris dunn,2021,0.0,0.0,33
kris murray,2026,5.278,5.278,24
kyle anderson,2026,3.212,3.919,59
kyle anderson,2024,0.0,0.0,231
kyle anderson,2023,0.0,0.0,104
kyle anderson,2022,0.0,0.0,221
kyle anderson,2021,0.0,0.0,142
kyle anderson,2018,0.0,0.0,74
kyle anderson,2017,0.0,0.0,195
kyle anderson,2016,0.0,0.0,129
kyle korver,2005,0.0,0.0,144
kyle korver,2008,0.0,0.0,259
kyle korver,2009,0.0,0.0,136
kyle korver,2010,0.0,0.0,210
kyle korver,2011,0.0,0.0,276
kyle korver,2012,0.0,0.0,94
kyle korver,2013,0.0,0.0,178
kyle korver,2014,0.0,0.0,250
kyle korver,2015,0.0,0.0,526
kyle korver,2016,0.0,0.0,316
kyle korver,2017,0.0,0.0,326
kyle korver,2018,0.0,0.0,504
kyle korver,2019,0.0,0.0,30
kyle korver,2020,0.0,0.0,119
kyle kuzma,2020,0.0,0.0,484
kyle kuzma,2021,0.0,0.0,129
kyle lowry,2026,5.7,6.667,3
kyle lowry,2024,0.0,0.0,175
kyle lowry,2023,0.0,0.0,599
kyle lowry,2022,0.0,0.0,295
kyle lowry,2020,0.0,0.0,413
kyle lowry,2019,0.0,0.0,901
kyle lowry,2018,0.0,0.0,361
kyle lowry,2017,0.0,0.0,300
kyle lowry,2016,0.0,0.0,766
kyle lowry,2015,0.0,0.0,131
kyle lowry,2014,0.0,0.0,271
kyle lowry,2009,0.0,0.0,253
kyle o'quinn,2019,0.0,0.0,2
kyle o'quinn,2020,0.0,0.0,6
kyrie irving,2024,0.0,0.0,879
kyrie irving,2022,0.0,0.0,170
kyrie irving,2021,0.0,0.0,325
kyrie irving,2019,0.0,0.0,330
kyrie irving,2017,0.0,0.0,653
kyrie irving,2016,0.0,0.0,774
kyrie irving,2015,0.0,0.0,464
kz okpala,2021,0.0,0.0,6
lamar stevens,2023,0.0,0.0,9
lamarcus aldridge,2009,0.0,0.0,237
lamarcus aldridge,2010,0.0,0.0,229
lamarcus aldridge,2011,0.0,0.0,258
lamarcus aldridge,2014,0.0,0.0,441
lamarcus aldridge,2015,0.0,0.0,208
lamarcus aldridge,2016,0.0,0.0,337
lamarcus aldridge,2017,0.0,0.0,537
lamarcus aldridge,2018,0.0,0.0,176
lamarcus aldridge,2019,0.0,0.0,244
lance thomas,2020,0.0,0.0,17
landry shamet,2026,1.288,1.901,307
landry shamet,2023,0.0,0.0,184
landry shamet,2022,0.0,0.0,192
landry shamet,2021,0.0,0.0,206
landry shamet,2020,0.0,0.0,243
landry shamet,2019,0.0,0.0,174
langston galloway,2019,0.0,0.0,110
langston galloway,2021,0.0,0.0,15
larry nance jr.,2026,16.917,17.5,5
larry nance jr.,2024,0.0,0.0,84
larry nance jr.,2022,0.0,0.0,130
larry nance jr.,2018,0.0,0.0,307
lebron james,2026,-1.697,0.447,381
lebron james,2024,0.0,0.0,204
lebron james,2023,0.0,0.0,619
lebron james,2021,0.0,0.0,224
lebron james,2020,0.0,0.0,762
lebron james,2018,0.0,0.0,922
lebron james,2017,0.0,0.0,744
lebron james,2016,0.0,0.0,822
lebron james,2015,0.0,0.0,845
lebron james,2014,0.0,0.0,763
lebron james,2013,0.0,0.0,960
lebron james,2012,0.0,0.0,983
lebron james,2011,0.0,0.0,922
lebron james,2010,0.0,0.0,460
lebron james,2009,0.0,0.0,580
lebron james,2008,0.0,0.0,552
lebron james,2007,0.0,0.0,893
lebron james,2006,0.0,0.0,605
leonard miller,2024,0.0,0.0,7
lindy waters iii,2026,9.231,9.861,35
lindy waters iii,2024,0.0,0.0,9
lou williams,2008,0.0,0.0,135
lou williams,2009,0.0,0.0,149
lou williams,2011,0.0,0.0,130
lou williams,2012,0.0,0.0,358
lou williams,2014,0.0,0.0,133
lou williams,2015,0.0,0.0,102
lou williams,2017,0.0,0.0,272
lou williams,2019,0.0,0.0,176
lou williams,2020,0.0,0.0,341
lou williams,2021,0.0,0.0,277
luc mbah a moute,2010,0.0,0.0,178
luc mbah a moute,2013,0.0,0.0,136
luc mbah a moute,2016,0.0,0.0,78
luc mbah a moute,2017,0.0,0.0,224
luc mbah a moute,2018,0.0,0.0,149
luca vildoza,2022,0.0,0.0,17
luguentz dort,2026,-1.119,0.364,332
luguentz dort,2024,0.0,0.0,350
luguentz dort,2020,0.0,0.0,175
luka doncic,2024,0.0,0.0,900
luka doncic,2022,0.0,0.0,552
luka doncic,2021,0.0,0.0,281
luka doncic,2020,0.0,0.0,215
luka garza,2026,3.73,4.151,58
luka garza,2024,0.0,0.0,26
luke kennard,2026,-0.949,0.513,324
luke kennard,2023,0.0,0.0,107
luke kennard,2021,0.0,0.0,219
luke kennard,2019,0.0,0.0,133
luke kornet,2026,-0.921,0.351,299
luke kornet,2024,0.0,0.0,133
luke kornet,2023,0.0,0.0,32
luke kornet,2022,0.0,0.0,20
luke kornet,2021,0.0,0.0,5
luol deng,2006,0.0,0.0,180
luol deng,2007,0.0,0.0,410
luol deng,2010,0.0,0.0,203
luol deng,2011,0.0,0.0,687
luol deng,2012,0.0,0.0,228
luol deng,2013,0.0,0.0,224
luol deng,2016,0.0,0.0,495
malachi flynn,2022,0.0,0.0,36
malcolm brogdon,2017,0.0,0.0,183
malcolm brogdon,2018,0.0,0.0,186
malcolm brogdon,2019,0.0,0.0,198
malcolm brogdon,2020,0.0,0.0,160
malcolm brogdon,2023,0.0,0.0,473
malcolm miller,2019,0.0,0.0,28
malcolm miller,2020,0.0,0.0,5
malik beasley,2024,0.0,0.0,131
malik beasley,2023,0.0,0.0,91
malik beasley,2022,0.0,0.0,119
malik beasley,2019,0.0,0.0,281
malik fitts,2022,0.0,0.0,17
malik monk,2023,0.0,0.0,205
mamadi diakite,2024,0.0,0.0,15
mamadi diakite,2021,0.0,0.0,35
marc gasol,2011,0.0,0.0,519
marc gasol,2012,0.0,0.0,261
marc gasol,2013,0.0,0.0,609
marc gasol,2014,0.0,0.0,300
marc gasol,2015,0.0,0.0,416
marc gasol,2017,0.0,0.0,240
marc gasol,2019,0.0,0.0,735
marc gasol,2020,0.0,0.0,228
marc gasol,2021,0.0,0.0,87
marco belinelli,2011,0.0,0.0,173
marco belinelli,2013,0.0,0.0,325
marco belinelli,2014,0.0,0.0,356
marco belinelli,2015,0.0,0.0,116
marco belinelli,2018,0.0,0.0,273
marco belinelli,2019,0.0,0.0,131
marcus morris,2024,0.0,0.0,138
marcus morris,2023,0.0,0.0,68
marcus morris,2021,0.0,0.0,604
marcus morris,2020,0.0,0.0,388
marcus morris,2019,0.0,0.0,254
marcus morris,2018,0.0,0.0,562
marcus morris,2016,0.0,0.0,144
marcus sasser,2026,2.338,3.069,60
marcus smart,2026,-1.056,0.499,344
marcus smart,2023,0.0,0.0,679
marcus smart,2022,0.0,0.0,760
marcus smart,2021,0.0,0.0,183
marcus smart,2020,0.0,0.0,648
marcus smart,2019,0.0,0.0,32
marcus smart,2018,0.0,0.0,449
marcus smart,2017,0.0,0.0,538
marcus smart,2016,0.0,0.0,193
marcus smart,2015,0.0,0.0,90
mario hezonja,2020,0.0,0.0,68
marjon beauchamp,2024,0.0,0.0,10
marjon beauchamp,2023,0.0,0.0,5
markelle fultz,2024,0.0,0.0,106
markelle fultz,2020,0.0,0.0,147
markelle fultz,2018,0.0,0.0,23
markieff morris,2024,0.0,0.0,12
markieff morris,2022,0.0,0.0,3
markieff morris,2021,0.0,0.0,38
markieff morris,2020,0.0,0.0,385
markieff morris,2019,0.0,0.0,59
markieff morris,2018,0.0,0.0,181
markieff morris,2017,0.0,0.0,373
marquese chriss,2022,0.0,0.0,30
marvin williams,2008,0.0,0.0,199
marvin williams,2009,0.0,0.0,97
marvin williams,2010,0.0,0.0,345
marvin williams,2011,0.0,0.0,216
marvin williams,2012,0.0,0.0,145
marvin williams,2016,0.0,0.0,228
marvin williams,2020,0.0,0.0,179
mason plumlee,2026,12.611,13.333,19
mason plumlee,2024,0.0,0.0,66
mason plumlee,2023,0.0,0.0,91
mason plumlee,2020,0.0,0.0,206
mason plumlee,2019,0.0,0.0,218
mason plumlee,2016,0.0,0.0,306
mason plumlee,2015,0.0,0.0,49
mason plumlee,2014,0.0,0.0,114
matisse thybulle,2026,-0.843,0.0,53
matisse thybulle,2022,0.0,0.0,137
matisse thybulle,2021,0.0,0.0,220
matisse thybulle,2020,0.0,0.0,75
matt ryan,2024,0.0,0.0,3
matt thomas,2020,0.0,0.0,84
matt thomas,2021,0.0,0.0,7
matthew dellavedova,2015,0.0,0.0,497
matthew dellavedova,2016,0.0,0.0,241
matthew dellavedova,2017,0.0,0.0,159
matthew dellavedova,2018,0.0,0.0,78
maurice harkless,2016,0.0,0.0,272
maurice harkless,2017,0.0,0.0,99
maurice harkless,2018,0.0,0.0,53
maurice harkless,2019,0.0,0.0,388
max christie,2023,0.0,0.0,33
max strus,2026,-0.565,0.459,478
max strus,2024,0.0,0.0,434
max strus,2023,0.0,0.0,647
max strus,2022,0.0,0.0,523
max strus,2021,0.0,0.0,6
maxi kleber,2026,7.734,8.333,14
maxi kleber,2024,0.0,0.0,219
maxi kleber,2022,0.0,0.0,457
maxi kleber,2021,0.0,0.0,187
maxi kleber,2020,0.0,0.0,203
meyers leonard,2014,0.0,0.0,9
meyers leonard,2015,0.0,0.0,106
meyers leonard,2017,0.0,0.0,31
meyers leonard,2018,0.0,0.0,8
meyers leonard,2019,0.0,0.0,170
meyers leonard,2020,0.0,0.0,31
meyers leonard,2023,0.0,0.0,5
michael carter-williams,2015,0.0,0.0,191
michael carter-williams,2017,0.0,0.0,53
michael carter-williams,2019,0.0,0.0,92
michael kidd-gilchrist,2014,0.0,0.0,91
michael kidd-gilchrist,2020,0.0,0.0,55
michael porter jr.,2024,0.0,0.0,443
michael porter jr.,2023,0.0,0.0,653
michael porter jr.,2021,0.0,0.0,332
michael porter jr.,2020,0.0,0.0,451
mikal bridges,2026,-0.711,0.816,606
mikal bridges,2023,0.0,0.0,157
mikal bridges,2022,0.0,0.0,500
mikal bridges,2021,0.0,0.0,707
mike conley,2026,-0.592,0.645,166
mike conley,2024,0.0,0.0,474
mike conley,2023,0.0,0.0,183
mike conley,2022,0.0,0.0,174
mike conley,2021,0.0,0.0,176
mike conley,2020,0.0,0.0,165
mike conley,2017,0.0,0.0,224
mike conley,2015,0.0,0.0,243
mike conley,2014,0.0,0.0,267
mike conley,2013,0.0,0.0,575
mike conley,2012,0.0,0.0,277
mike conley,2011,0.0,0.0,507
mike muscala,2014,0.0,0.0,5
mike muscala,2015,0.0,0.0,102
mike muscala,2016,0.0,0.0,67
mike muscala,2017,0.0,0.0,81
mike muscala,2020,0.0,0.0,20
mike muscala,2023,0.0,0.0,21
mike scott,2013,0.0,0.0,20
mike scott,2014,0.0,0.0,146
mike scott,2015,0.0,0.0,172
mike scott,2016,0.0,0.0,161
mike scott,2018,0.0,0.0,126
mike scott,2019,0.0,0.0,193
mike scott,2020,0.0,0.0,20
mike scott,2021,0.0,0.0,34
miles mcbride,2026,-1.046,0.382,334
miles mcbride,2024,0.0,0.0,347
miles mcbride,2023,0.0,0.0,20
miles plumlee,2015,0.0,0.0,16
mitchell robinson,2026,-0.784,0.492,250
mitchell robinson,2024,0.0,0.0,115
mitchell robinson,2023,0.0,0.0,298
miye oni,2020,0.0,0.0,14
miye oni,2021,0.0,0.0,41
mo bamba,2023,0.0,0.0,10
mohamed diawara,2026,5.815,6.522,43
monte morris,2024,0.0,0.0,67
monte morris,2022,0.0,0.0,156
monte morris,2021,0.0,0.0,286
monte morris,2020,0.0,0.0,406
monte morris,2019,0.0,0.0,224
montrezl harrell,2016,0.0,0.0,12
montrezl harrell,2017,0.0,0.0,21
montrezl harrell,2019,0.0,0.0,158
montrezl harrell,2020,0.0,0.0,243
montrezl harrell,2021,0.0,0.0,39
montrezl harrell,2023,0.0,0.0,7
moritz wagner,2026,-0.97,0.0,14
moritz wagner,2024,0.0,0.0,105
moses moody,2022,0.0,0.0,105
moses moody,2023,0.0,0.0,161
mouhamed gueye,2026,0.05,0.942,50
myles turner,2024,0.0,0.0,550
myles turner,2020,0.0,0.0,146
myles turner,2019,0.0,0.0,126
myles turner,2018,0.0,0.0,196
myles turner,2017,0.0,0.0,133
myles turner,2016,0.0,0.0,197
nae'qwan tomlin,2026,10.092,10.49,19
naji marshall,2024,0.0,0.0,84
naji marshall,2022,0.0,0.0,56
nassir little,2024,0.0,0.0,14
nassir little,2021,0.0,0.0,9
nathan knight,2021,0.0,0.0,14
nathan knight,2023,0.0,0.0,5
naz reid,2026,-0.838,0.674,322
naz reid,2024,0.0,0.0,361
naz reid,2022,0.0,0.0,54
neemias queta,2026,-1.219,0.384,151
neemias queta,2024,0.0,0.0,13
nemanja bjelica,2018,0.0,0.0,47
nemanja bjelica,2021,0.0,0.0,30
nemanja bjelica,2022,0.0,0.0,150
nerlens noel,2019,0.0,0.0,60
nerlens noel,2020,0.0,0.0,97
nerlens noel,2021,0.0,0.0,92
nic claxton,2021,0.0,0.0,130
nic claxton,2022,0.0,0.0,98
nic claxton,2023,0.0,0.0,117
nick smith jr.,2026,10.71,11.074,18
nickeil alexander-walker,2026,-1.475,0.498,213
nickeil alexander-walker,2024,0.0,0.0,378
nickeil alexander-walker,2023,0.0,0.0,148
nickeil alexander-walker,2022,0.0,0.0,5
nicolas batum,2024,0.0,0.0,170
nicolas batum,2023,0.0,0.0,92
nicolas batum,2021,0.0,0.0,555
nicolas batum,2016,0.0,0.0,144
nicolas batum,2015,0.0,0.0,209
nicolas batum,2014,0.0,0.0,459
nicolas batum,2011,0.0,0.0,151
nicolas batum,2010,0.0,0.0,139
nicolas batum,2009,0.0,0.0,63
nik stauskas,2022,0.0,0.0,25
nikola jokic,2026,-1.28,0.88,236
nikola jokic,2024,0.0,0.0,482
nikola jokic,2023,0.0,0.0,789
nikola jokic,2022,0.0,0.0,171
nikola jokic,2021,0.0,0.0,345
nikola jokic,2020,0.0,0.0,694
nikola jokic,2019,0.0,0.0,557
noah penda,2026,-0.942,0.0,3
noah vonleh,2016,0.0,0.0,12
noah vonleh,2017,0.0,0.0,100
noah vonleh,2020,0.0,0.0,3
norman powell,2024,0.0,0.0,179
norman powell,2023,0.0,0.0,167
norman powell,2021,0.0,0.0,216
norman powell,2020,0.0,0.0,273
norman powell,2019,0.0,0.0,366
norman powell,2018,0.0,0.0,40
norman powell,2017,0.0,0.0,227
norman powell,2016,0.0,0.0,206
norvel pelle,2020,0.0,0.0,7
obi toppin,2024,0.0,0.0,343
obi toppin,2023,0.0,0.0,175
obi toppin,2021,0.0,0.0,65
og anunoby,2026,-0.977,0.72,586
og anunoby,2024,0.0,0.0,324
og anunoby,2022,0.0,0.0,216
og anunoby,2020,0.0,0.0,393
og anunoby,2018,0.0,0.0,238
olivier-maxence prosper,2024,0.0,0.0,9
omer yurtseven,2022,0.0,0.0,38
omer yurtseven,2023,0.0,0.0,16
onyeka okongwu,2026,-1.916,0.269,200
onyeka okongwu,2023,0.0,0.0,131
onyeka okongwu,2022,0.0,0.0,108
onyeka okongwu,2021,0.0,0.0,166
orlando robinson,2024,0.0,0.0,2
oshae brissett,2024,0.0,0.0,55
oso ighodaro,2026,-2.341,0.0,127
ousmane dieng,2024,0.0,0.0,7
p.j. tucker,2024,0.0,0.0,31
p.j. tucker,2023,0.0,0.0,294
p.j. tucker,2022,0.0,0.0,509
p.j. tucker,2021,0.0,0.0,681
p.j. tucker,2020,0.0,0.0,414
p.j. tucker,2019,0.0,0.0,426
p.j. tucker,2018,0.0,0.0,570
p.j. tucker,2017,0.0,0.0,251
p.j. washington,2024,0.0,0.0,785
paolo banchero,2026,1.166,1.166,273
paolo banchero,2024,0.0,0.0,262
pascal siakam,2024,0.0,0.0,603
pascal siakam,2022,0.0,0.0,260
pascal siakam,2020,0.0,0.0,418
pascal siakam,2019,0.0,0.0,891
pascal siakam,2018,0.0,0.0,179
pascal siakam,2017,0.0,0.0,10
pat connaughton,2024,0.0,0.0,124
pat connaughton,2023,0.0,0.0,88
pat connaughton,2022,0.0,0.0,318
pat connaughton,2021,0.0,0.0,546
pat connaughton,2020,0.0,0.0,171
pat connaughton,2019,0.0,0.0,324
pat connaughton,2018,0.0,0.0,59
pat connaughton,2017,0.0,0.0,24
pat connaughton,2016,0.0,0.0,8
patrick baldwin jr.,2023,0.0,0.0,11
patrick beverley,2024,0.0,0.0,210
patrick beverley,2022,0.0,0.0,194
patrick beverley,2021,0.0,0.0,323
patrick beverley,2020,0.0,0.0,166
patrick beverley,2019,0.0,0.0,195
patrick beverley,2017,0.0,0.0,325
patrick beverley,2016,0.0,0.0,129
patrick beverley,2014,0.0,0.0,202
patrick beverley,2013,0.0,0.0,200
patrick mccaw,2017,0.0,0.0,181
patrick mccaw,2018,0.0,0.0,16
patrick mccaw,2019,0.0,0.0,48
patrick patterson,2014,0.0,0.0,199
patrick patterson,2015,0.0,0.0,106
patrick patterson,2016,0.0,0.0,583
patrick patterson,2017,0.0,0.0,185
patrick patterson,2018,0.0,0.0,58
patrick patterson,2020,0.0,0.0,10
patrick williams,2022,0.0,0.0,153
patty mills,2024,0.0,0.0,52
patty mills,2023,0.0,0.0,5
patty mills,2022,0.0,0.0,72
patty mills,2019,0.0,0.0,152
patty mills,2018,0.0,0.0,165
patty mills,2017,0.0,0.0,416
patty mills,2016,0.0,0.0,167
patty mills,2015,0.0,0.0,112
patty mills,2014,0.0,0.0,351
patty mills,2013,0.0,0.0,31
patty mills,2012,0.0,0.0,31
patty mills,2011,0.0,0.0,5
patty mills,2010,0.0,0.0,12
pau gasol,2004,0.0,0.0,134
pau gasol,2005,0.0,0.0,132
pau gasol,2006,0.0,0.0,158
pau gasol,2008,0.0,0.0,836
pau gasol,2009,0.0,0.0,931
pau gasol,2010,0.0,0.0,913
pau gasol,2011,0.0,0.0,358
pau gasol,2012,0.0,0.0,444
pau gasol,2013,0.0,0.0,146
pau gasol,2015,0.0,0.0,317
pau gasol,2017,0.0,0.0,365
pau gasol,2018,0.0,0.0,90
paul george,2026,-1.71,0.588,392
paul george,2024,0.0,0.0,222
paul george,2021,0.0,0.0,776
paul george,2020,0.0,0.0,479
paul george,2019,0.0,0.0,204
paul george,2018,0.0,0.0,251
paul george,2017,0.0,0.0,172
paul george,2016,0.0,0.0,275
paul george,2014,0.0,0.0,781
paul george,2013,0.0,0.0,780
paul george,2012,0.0,0.0,371
paul george,2011,0.0,0.0,133
paul millsap,2007,0.0,0.0,263
paul millsap,2008,0.0,0.0,210
paul millsap,2009,0.0,0.0,155
paul millsap,2010,0.0,0.0,323
paul millsap,2012,0.0,0.0,139
paul millsap,2014,0.0,0.0,267
paul millsap,2015,0.0,0.0,566
paul millsap,2016,0.0,0.0,365
paul millsap,2017,0.0,0.0,219
paul millsap,2019,0.0,0.0,469
paul millsap,2020,0.0,0.0,459
paul millsap,2021,0.0,0.0,109
paul millsap,2022,0.0,0.0,6
paul reed,2026,-0.242,0.71,87
paul reed,2024,0.0,0.0,43
paul reed,2023,0.0,0.0,157
paul reed,2022,0.0,0.0,140
paul reed,2021,0.0,0.0,10
paul watson,2020,0.0,0.0,9
payton pritchard,2026,-1.318,0.549,228
payton pritchard,2024,0.0,0.0,355
payton pritchard,2023,0.0,0.0,57
payton pritchard,2022,0.0,0.0,309
payton pritchard,2021,0.0,0.0,67
peyton watson,2024,0.0,0.0,90
peyton watson,2023,0.0,0.0,14
pj dozier,2020,0.0,0.0,125
pj dozier,2023,0.0,0.0,6
precious achiuwa,2024,0.0,0.0,184
precious achiuwa,2022,0.0,0.0,167
precious achiuwa,2021,0.0,0.0,12
quentin grimes,2026,-1.102,0.466,243
quentin grimes,2023,0.0,0.0,242
quinn cook,2018,0.0,0.0,175
quinn cook,2019,0.0,0.0,193
quinn cook,2020,0.0,0.0,24
rajon rondo,2008,0.0,0.0,831
rajon rondo,2009,0.0,0.0,577
rajon rondo,2010,0.0,0.0,975
rajon rondo,2011,0.0,0.0,345
rajon rondo,2012,0.0,0.0,810
rajon rondo,2015,0.0,0.0,37
rajon rondo,2017,0.0,0.0,67
rajon rondo,2018,0.0,0.0,302
rajon rondo,2020,0.0,0.0,395
rajon rondo,2021,0.0,0.0,220
rasheer fleming,2026,9.375,9.375,18
raul neto,2017,0.0,0.0,60
raul neto,2018,0.0,0.0,72
raul neto,2019,0.0,0.0,20
raul neto,2020,0.0,0.0,26
raul neto,2021,0.0,0.0,112
raul neto,2023,0.0,0.0,7
rayjon tucker,2020,0.0,0.0,11
rayjon tucker,2021,0.0,0.0,2
rayjon tucker,2022,0.0,0.0,19
reed sheppard,2026,-0.268,0.859,190
reggie bullock,2014,0.0,0.0,5
reggie bullock,2016,0.0,0.0,22
reggie bullock,2021,0.0,0.0,162
reggie bullock,2022,0.0,0.0,707
reggie jackson,2024,0.0,0.0,117
reggie jackson,2023,0.0,0.0,18
reggie jackson,2021,0.0,0.0,622
reggie jackson,2020,0.0,0.0,170
reggie jackson,2019,0.0,0.0,108
reggie jackson,2016,0.0,0.0,147
reggie jackson,2014,0.0,0.0,531
reggie jackson,2013,0.0,0.0,368
reggie perry,2021,0.0,0.0,22
richaun holmes,2018,0.0,0.0,11
ricky rubio,2018,0.0,0.0,181
ricky rubio,2019,0.0,0.0,168
ricky rubio,2023,0.0,0.0,17
rj barrett,2026,-1.117,0.215,267
rj barrett,2023,0.0,0.0,377
rj barrett,2021,0.0,0.0,162
robert covington,2018,0.0,0.0,281
robert covington,2020,0.0,0.0,379
robert covington,2021,0.0,0.0,228
robert covington,2023,0.0,0.0,12
robin lopez,2010,0.0,0.0,104
robin lopez,2014,0.0,0.0,367
robin lopez,2015,0.0,0.0,117
robin lopez,2017,0.0,0.0,162
robin lopez,2020,0.0,0.0,21
robin lopez,2021,0.0,0.0,73
robin lopez,2023,0.0,0.0,6
rodions kurucs,2019,0.0,0.0,68
rodions kurucs,2020,0.0,0.0,58
rodney hood,2017,0.0,0.0,277
rodney hood,2018,0.0,0.0,260
rodney hood,2019,0.0,0.0,373
rodney mcgruder,2018,0.0,0.0,16
rodney mcgruder,2020,0.0,0.0,16
romeo langford,2020,0.0,0.0,46
romeo langford,2021,0.0,0.0,109
rondae hollis-jefferson,2019,0.0,0.0,62
rondae hollis-jefferson,2020,0.0,0.0,39
rondae hollis-jefferson,2021,0.0,0.0,36
royce o'neale,2026,-1.86,0.0,96
royce o'neale,2024,0.0,0.0,104
royce o'neale,2023,0.0,0.0,118
royce o'neale,2022,0.0,0.0,188
royce o'neale,2021,0.0,0.0,404
royce o'neale,2020,0.0,0.0,249
royce o'neale,2019,0.0,0.0,137
royce o'neale,2018,0.0,0.0,259
rudy gay,2012,0.0,0.0,279
rudy gay,2018,0.0,0.0,160
rudy gay,2019,0.0,0.0,178
rudy gobert,2026,-2.251,0.277,371
rudy gobert,2024,0.0,0.0,512
rudy gobert,2023,0.0,0.0,177
rudy gobert,2022,0.0,0.0,197
rudy gobert,2021,0.0,0.0,376
rudy gobert,2020,0.0,0.0,270
rudy gobert,2019,0.0,0.0,152
rudy gobert,2018,0.0,0.0,383
rudy gobert,2017,0.0,0.0,246
rui hachimura,2026,-2.541,0.293,383
rui hachimura,2024,0.0,0.0,152
rui hachimura,2023,0.0,0.0,388
rui hachimura,2021,0.0,0.0,173
russell westbrook,2024,0.0,0.0,114
russell westbrook,2023,0.0,0.0,192
russell westbrook,2021,0.0,0.0,186
russell westbrook,2020,0.0,0.0,262
russell westbrook,2019,0.0,0.0,197
russell westbrook,2018,0.0,0.0,235
russell westbrook,2017,0.0,0.0,194
russell westbrook,2016,0.0,0.0,674
russell westbrook,2014,0.0,0.0,735
russell westbrook,2013,0.0,0.0,68
russell westbrook,2012,0.0,0.0,767
russell westbrook,2011,0.0,0.0,638
russell westbrook,2010,0.0,0.0,212
ryan anderson,2010,0.0,0.0,89
ryan anderson,2011,0.0,0.0,147
ryan anderson,2012,0.0,0.0,172
ryan anderson,2015,0.0,0.0,95
ryan anderson,2017,0.0,0.0,336
ryan anderson,2018,0.0,0.0,95
ryan dunn,2026,4.14,4.14,33
saddiq bey,2023,0.0,0.0,133
sam hauser,2026,-1.548,0.324,165
sam hauser,2024,0.0,0.0,283
sam hauser,2023,0.0,0.0,104
sam hauser,2022,0.0,0.0,15
sam merrill,2026,-0.594,0.339,338
sam merrill,2024,0.0,0.0,125
sam merrill,2021,0.0,0.0,30
sandro mamukelashvili,2026,0.077,0.545,104
santi aldama,2023,0.0,0.0,101
scoot henderson,2026,-1.657,0.0,143
scottie barnes,2026,-1.344,0.207,271
scottie barnes,2022,0.0,0.0,133
semi ojeleye,2018,0.0,0.0,230
semi ojeleye,2019,0.0,0.0,34
semi ojeleye,2020,0.0,0.0,122
semi ojeleye,2021,0.0,0.0,12
serge ibaka,2010,0.0,0.0,153
serge ibaka,2011,0.0,0.0,490
serge ibaka,2012,0.0,0.0,569
serge ibaka,2013,0.0,0.0,366
serge ibaka,2014,0.0,0.0,581
serge ibaka,2016,0.0,0.0,602
serge ibaka,2017,0.0,0.0,307
serge ibaka,2018,0.0,0.0,260
serge ibaka,2019,0.0,0.0,500
serge ibaka,2020,0.0,0.0,251
serge ibaka,2021,0.0,0.0,18
serge ibaka,2022,0.0,0.0,22
seth curry,2019,0.0,0.0,326
seth curry,2020,0.0,0.0,173
seth curry,2021,0.0,0.0,381
seth curry,2022,0.0,0.0,132
seth curry,2023,0.0,0.0,58
shabazz napier,2017,0.0,0.0,47
shabazz napier,2018,0.0,0.0,35
shabazz napier,2019,0.0,0.0,28
shaedon sharpe,2026,-0.872,0.0,68
shai gilgeous-alexander,2026,-2.249,0.432,545
shai gilgeous-alexander,2024,0.0,0.0,399
shai gilgeous-alexander,2020,0.0,0.0,279
shai gilgeous-alexander,2019,0.0,0.0,173
shake milton,2024,0.0,0.0,22
shake milton,2023,0.0,0.0,21
shake milton,2022,0.0,0.0,158
shake milton,2021,0.0,0.0,121
shake milton,2020,0.0,0.0,126
shaquille harrison,2021,0.0,0.0,40
shaquille harrison,2023,0.0,0.0,28
shaun livingston,2006,0.0,0.0,332
shaun livingston,2014,0.0,0.0,325
shaun livingston,2015,0.0,0.0,375
shaun livingston,2016,0.0,0.0,514
shaun livingston,2017,0.0,0.0,220
shaun livingston,2018,0.0,0.0,362
shaun livingston,2019,0.0,0.0,322
sidy cissoko,2026,6.113,6.113,24
sindarius thornwell,2019,0.0,0.0,12
skylar mays,2021,0.0,0.0,17
skylar mays,2022,0.0,0.0,9
solomon hill,2014,0.0,0.0,1
solomon hill,2016,0.0,0.0,198
solomon hill,2018,0.0,0.0,114
solomon hill,2020,0.0,0.0,42
solomon hill,2021,0.0,0.0,145
spencer dinwiddie,2024,0.0,0.0,73
spencer dinwiddie,2023,0.0,0.0,159
spencer dinwiddie,2022,0.0,0.0,501
spencer dinwiddie,2019,0.0,0.0,131
spencer dinwiddie,2016,0.0,0.0,2
spencer jones,2026,0.153,1.178,144
stanley johnson,2016,0.0,0.0,81
stanley johnson,2020,0.0,0.0,20
stephen curry,2013,0.0,0.0,496
stephen curry,2014,0.0,0.0,296
stephen curry,2015,0.0,0.0,826
stephen curry,2016,0.0,0.0,614
stephen curry,2017,0.0,0.0,601
stephen curry,2018,0.0,0.0,555
stephen curry,2019,0.0,0.0,846
stephen curry,2022,0.0,0.0,764
stephen curry,2023,0.0,0.0,493
stephon castle,2026,-1.084,0.665,759
sterling brown,2018,0.0,0.0,12
sterling brown,2019,0.0,0.0,162
sterling brown,2020,0.0,0.0,4
sterling brown,2022,0.0,0.0,26
steven adams,2014,0.0,0.0,331
steven adams,2016,0.0,0.0,553
steven adams,2017,0.0,0.0,157
steven adams,2018,0.0,0.0,200
steven adams,2019,0.0,0.0,159
steven adams,2020,0.0,0.0,210
steven adams,2022,0.0,0.0,114
svi mykhailiuk,2024,0.0,0.0,32
svi mykhailiuk,2022,0.0,0.0,5
t.j. mcconnell,2024,0.0,0.0,348
t.j. mcconnell,2020,0.0,0.0,28
t.j. mcconnell,2019,0.0,0.0,75
t.j. mcconnell,2018,0.0,0.0,155
t.j. warren,2024,0.0,0.0,11
t.j. warren,2023,0.0,0.0,81
t.j. warren,2020,0.0,0.0,156
taj gibson,2010,0.0,0.0,145
taj gibson,2011,0.0,0.0,284
taj gibson,2012,0.0,0.0,137
taj gibson,2013,0.0,0.0,206
taj gibson,2014,0.0,0.0,154
taj gibson,2015,0.0,0.0,276
taj gibson,2017,0.0,0.0,118
taj gibson,2018,0.0,0.0,123
taj gibson,2021,0.0,0.0,138
talen horton-tucker,2020,0.0,0.0,17
talen horton-tucker,2021,0.0,0.0,48
tari eason,2026,-0.215,0.872,193
taurean prince,2024,0.0,0.0,111
taurean prince,2023,0.0,0.0,100
taurean prince,2022,0.0,0.0,65
taurean prince,2017,0.0,0.0,187
terance mann,2024,0.0,0.0,187
terance mann,2023,0.0,0.0,133
terance mann,2021,0.0,0.0,378
terance mann,2020,0.0,0.0,27
terence davis,2020,0.0,0.0,84
terence davis,2023,0.0,0.0,58
terrance ferguson,2018,0.0,0.0,6
terrance ferguson,2019,0.0,0.0,128
terrance ferguson,2020,0.0,0.0,42
terrence ross,2014,0.0,0.0,158
terrence ross,2015,0.0,0.0,107
terrence ross,2016,0.0,0.0,335
terrence ross,2019,0.0,0.0,146
terrence ross,2020,0.0,0.0,135
terrence ross,2023,0.0,0.0,69
terrence shannon jr.,2026,0.313,1.277,204
terry rozier,2016,0.0,0.0,99
terry rozier,2017,0.0,0.0,277
terry rozier,2018,0.0,0.0,696
terry rozier,2019,0.0,0.0,162
thabo sefolosha,2007,0.0,0.0,99
thabo sefolosha,2010,0.0,0.0,127
thabo sefolosha,2011,0.0,0.0,344
thabo sefolosha,2012,0.0,0.0,446
thabo sefolosha,2013,0.0,0.0,300
thabo sefolosha,2014,0.0,0.0,236
thabo sefolosha,2016,0.0,0.0,203
thabo sefolosha,2017,0.0,0.0,9
thabo sefolosha,2019,0.0,0.0,42
thaddeus young,2024,0.0,0.0,4
thaddeus young,2022,0.0,0.0,87
thaddeus young,2019,0.0,0.0,130
thaddeus young,2018,0.0,0.0,237
thaddeus young,2017,0.0,0.0,140
thaddeus young,2015,0.0,0.0,191
thaddeus young,2012,0.0,0.0,277
thaddeus young,2011,0.0,0.0,127
thaddeus young,2009,0.0,0.0,229
thaddeus young,2008,0.0,0.0,160
thanasis antetokounmpo,2024,0.0,0.0,5
thanasis antetokounmpo,2023,0.0,0.0,5
thanasis antetokounmpo,2022,0.0,0.0,20
thanasis antetokounmpo,2021,0.0,0.0,45
theo pinson,2019,0.0,0.0,22
thomas bryant,2026,4.344,4.819,41
thomas bryant,2024,0.0,0.0,18
thomas bryant,2023,0.0,0.0,
thon maker,2017,0.0,0.0,116
thon maker,2018,0.0,0.0,130
thon maker,2019,0.0,0.0,69
tim frazier,2015,0.0,0.0,3
tim frazier,2018,0.0,0.0,6
tim frazier,2019,0.0,0.0,40
tim hardaway jr.,2026,0.028,1.111,137
tim hardaway jr.,2024,0.0,0.0,178
tim hardaway jr.,2021,0.0,0.0,262
tim hardaway jr.,2020,0.0,0.0,204
tim hardaway jr.,2017,0.0,0.0,200
tim hardaway jr.,2016,0.0,0.0,87
timofey mozgov,2012,0.0,0.0,99
timofey mozgov,2015,0.0,0.0,529
timofey mozgov,2016,0.0,0.0,76
tobias harris,2026,0.118,0.958,482
tobias harris,2024,0.0,0.0,218
tobias harris,2023,0.0,0.0,392
tobias harris,2022,0.0,0.0,466
tobias harris,2021,0.0,0.0,438
tobias harris,2020,0.0,0.0,149
tobias harris,2019,0.0,0.0,443
tobias harris,2016,0.0,0.0,156
tony bradley,2026,3.281,3.704,41
tony bradley,2022,0.0,0.0,8
tony bradley,2020,0.0,0.0,48
tony bradley,2018,0.0,0.0,2
tony snell,2014,0.0,0.0,46
tony snell,2015,0.0,0.0,140
tony snell,2017,0.0,0.0,185
tony snell,2018,0.0,0.0,134
tony snell,2019,0.0,0.0,28
tony snell,2021,0.0,0.0,66
torrey craig,2019,0.0,0.0,330
torrey craig,2020,0.0,0.0,375
torrey craig,2021,0.0,0.0,266
torrey craig,2022,0.0,0.0,69
torrey craig,2023,0.0,0.0,183
toumani camara,2026,-2.184,0.0,165
trae young,2021,0.0,0.0,603
trae young,2022,0.0,0.0,186
trae young,2023,0.0,0.0,230
trayce jackson-davis,2026,18.881,19.048,4
tremont waters,2020,0.0,0.0,2
tremont waters,2021,0.0,0.0,6
trendon watford,2026,6.257,6.726,42
trent forrest,2021,0.0,0.0,10
treveon graham,2019,0.0,0.0,79
trevor ariza,2007,0.0,0.0,47
trevor ariza,2008,0.0,0.0,45
trevor ariza,2009,0.0,0.0,722
trevor ariza,2011,0.0,0.0,241
trevor ariza,2014,0.0,0.0,407
trevor ariza,2015,0.0,0.0,655
trevor ariza,2016,0.0,0.0,181
trevor ariza,2017,0.0,0.0,413
trevor ariza,2018,0.0,0.0,582
trevor ariza,2021,0.0,0.0,96
trey burke,2017,0.0,0.0,20
trey burke,2020,0.0,0.0,156
trey burke,2021,0.0,0.0,17
trey burke,2022,0.0,0.0,37
trey lyles,2017,0.0,0.0,10
trey lyles,2019,0.0,0.0,8
trey lyles,2023,0.0,0.0,118
trey murphy iii,2024,0.0,0.0,168
trey murphy iii,2022,0.0,0.0,120
tristan da silva,2026,0.009,0.939,107
tristan thompson,2024,0.0,0.0,87
tristan thompson,2023,0.0,0.0,32
tristan thompson,2022,0.0,0.0,38
tristan thompson,2021,0.0,0.0,132
tristan thompson,2018,0.0,0.0,416
tristan thompson,2017,0.0,0.0,562
tristan thompson,2016,0.0,0.0,622
tristan thompson,2015,0.0,0.0,727
troy daniels,2014,0.0,0.0,68
troy daniels,2016,0.0,0.0,18
troy daniels,2017,0.0,0.0,68
troy daniels,2020,0.0,0.0,30
troy williams,2017,0.0,0.0,19
tyler cook,2020,0.0,0.0,4
tyler herro,2024,0.0,0.0,185
tyler herro,2023,0.0,0.0,19
tyler herro,2022,0.0,0.0,381
tyler herro,2021,0.0,0.0,93
tyler herro,2020,0.0,0.0,706
tyler johnson,2016,0.0,0.0,61
tyler johnson,2018,0.0,0.0,81
tyler johnson,2020,0.0,0.0,93
tyler johnson,2021,0.0,0.0,69
tyler kolek,2026,6.452,7.026,53
tyler zeller,2015,0.0,0.0,90
tyler zeller,2016,0.0,0.0,38
tyler zeller,2017,0.0,0.0,78
tyler zeller,2018,0.0,0.0,66
tyrese haliburton,2024,0.0,0.0,522
tyrese maxey,2026,-2.752,0.528,438
tyrese maxey,2024,0.0,0.0,267
tyrese maxey,2023,0.0,0.0,423
tyrese maxey,2022,0.0,0.0,485
tyrese maxey,2021,0.0,0.0,156
tyrese proctor,2026,9.761,10.286,13
tyrone wallace,2019,0.0,0.0,11
tyson chandler,2005,0.0,0.0,174
tyson chandler,2006,0.0,0.0,104
tyson chandler,2008,0.0,0.0,412
tyson chandler,2009,0.0,0.0,94
tyson chandler,2010,0.0,0.0,60
tyson chandler,2011,0.0,0.0,680
tyson chandler,2012,0.0,0.0,167
tyson chandler,2013,0.0,0.0,350
tyson chandler,2015,0.0,0.0,160
tyson chandler,2020,0.0,0.0,
tyus jones,2026,0.786,1.803,29
tyus jones,2023,0.0,0.0,120
tyus jones,2022,0.0,0.0,262
tyus jones,2021,0.0,0.0,47
tyus jones,2018,0.0,0.0,55
udoka azubuike,2021,0.0,0.0,1
udonis haslem,2004,0.0,0.0,199
udonis haslem,2005,0.0,0.0,546
udonis haslem,2006,0.0,0.0,650
udonis haslem,2007,0.0,0.0,103
udonis haslem,2009,0.0,0.0,204
udonis haslem,2010,0.0,0.0,142
udonis haslem,2011,0.0,0.0,290
udonis haslem,2012,0.0,0.0,452
udonis haslem,2013,0.0,0.0,357
udonis haslem,2014,0.0,0.0,169
udonis haslem,2016,0.0,0.0,85
udonis haslem,2023,0.0,0.0,3
victor oladipo,2017,0.0,0.0,181
victor oladipo,2018,0.0,0.0,261
victor oladipo,2020,0.0,0.0,123
victor oladipo,2022,0.0,0.0,368
victor oladipo,2023,0.0,0.0,45
victor wembanyama,2026,-0.88,0.699,751
vince carter,2000,0.0,0.0,119
vince carter,2001,0.0,0.0,541
vince carter,2005,0.0,0.0,181
vince carter,2006,0.0,0.0,450
vince carter,2007,0.0,0.0,487
vince carter,2010,0.0,0.0,480
vince carter,2012,0.0,0.0,107
vince carter,2014,0.0,0.0,190
vince carter,2015,0.0,0.0,196
vince carter,2016,0.0,0.0,91
vince carter,2017,0.0,0.0,195
vincent poirier,2020,0.0,0.0,2
vj edgecombe,2026,-1.875,0.574,406
wayne ellington,2014,0.0,0.0,14
wayne ellington,2018,0.0,0.0,101
wayne ellington,2019,0.0,0.0,131
wendell carter jr.,2026,0.737,1.177,237
wendell carter jr.,2024,0.0,0.0,185
wenyen gabriel,2020,0.0,0.0,53
wenyen gabriel,2023,0.0,0.0,37
wes iwundu,2019,0.0,0.0,60
wes iwundu,2020,0.0,0.0,76
wesley matthews,2010,0.0,0.0,371
wesley matthews,2011,0.0,0.0,202
wesley matthews,2014,0.0,0.0,426
wesley matthews,2016,0.0,0.0,173
wesley matthews,2019,0.0,0.0,119
wesley matthews,2020,0.0,0.0,246
wesley matthews,2021,0.0,0.0,110
wesley matthews,2022,0.0,0.0,345
wesley matthews,2023,0.0,0.0,41
will barton,2014,0.0,0.0,81
will barton,2019,0.0,0.0,328
will barton,2021,0.0,0.0,83
will barton,2022,0.0,0.0,172
willie cauley-stein,2021,0.0,0.0,63
wilson chandler,2011,0.0,0.0,115
wilson chandler,2013,0.0,0.0,205
wilson chandler,2019,0.0,0.0,52
yang hansen,2026,12.857,12.857,4
yogi ferrell,2021,0.0,0.0,14
yuta watanabe,2022,0.0,0.0,10
yuta watanabe,2023,0.0,0.0,5
zaccharie risacher,2026,4.377,4.961,23
zach collins,2018,0.0,0.0,70
zach collins,2019,0.0,0.0,275
zach lavine,2022,0.0,0.0,153
zeke nnaji,2026,1.777,2.756,17
zeke nnaji,2024,0.0,0.0,14
zeke nnaji,2023,0.0,0.0,12
zeke nnaji,2022,0.0,0.0,9
zeke nnaji,2021,0.0,0.0,18
zhaire smith,2019,0.0,0.0,5
ziaire williams,2022,0.0,0.0,168
ziaire williams,2023,0.0,0.0,12
