player_name,player_name_norm,season,rs_rapm,po_rapm,playoff_rapm_diff,po_games
A.J. Lawson,a.j. lawson,2026,0.358,-10.318,-10.676,7
A.J. Lawson,a.j. lawson,2024,-2.605,-4.365,-1.76,10
Aaron Gordon,aaron gordon,2026,3.25,-3.946,-7.196,3
Aaron Gordon,aaron gordon,2025,1.229,0.273,-0.956,14
Aaron Gordon,aaron gordon,2024,1.864,1.585,-0.279,12
Aaron Gordon,aaron gordon,2023,4.088,1.947,-2.141,20
Aaron Gordon,aaron gordon,2022,0.553,-2.103,-2.656,5
Aaron Gordon,aaron gordon,2021,0.283,-4.127,-4.41,10
Aaron Gordon,aaron gordon,2019,0.813,-1.537,-2.35,5
Aaron Holiday,aaron holiday,2026,-1.941,-9.305,-7.364,6
Aaron Holiday,aaron holiday,2025,-1.383,-7.243,-5.86,3
Aaron Holiday,aaron holiday,2023,-2.962,-18.06,-15.098,1
Aaron Holiday,aaron holiday,2022,-3.111,34.037,37.148,6
Aaron Holiday,aaron holiday,2020,-1.13,-2.028,-0.898,4
Aaron Holiday,aaron holiday,2019,-1.448,-13.056,-11.608,3
Aaron Nesmith,aaron nesmith,2025,1.886,2.089,0.203,23
Aaron Nesmith,aaron nesmith,2024,0.874,-1.381,-2.255,17
Aaron Nesmith,aaron nesmith,2022,-3.058,-3.904,-0.846,15
Aaron Nesmith,aaron nesmith,2021,-2.63,-8.709,-6.079,5
Aaron Wiggins,aaron wiggins,2026,-0.669,-9.987,-9.318,13
Aaron Wiggins,aaron wiggins,2025,2.392,-1.56,-3.952,22
Aaron Wiggins,aaron wiggins,2024,1.65,0.867,-0.783,10
Abdel Nader,abdel nader,2021,-1.001,-10.325,-9.324,5
Abdel Nader,abdel nader,2020,-2.548,-5.537,-2.989,3
Abdel Nader,abdel nader,2019,-4.729,-3.69,1.039,3
Adem Bona,adem bona,2026,-3.016,-9.899,-6.883,10
Adou Thiero,adou thiero,2026,-3.984,-9.465,-5.481,6
Ajay Mitchell,ajay mitchell,2026,4.022,5.296,1.274,11
Ajay Mitchell,ajay mitchell,2025,-0.147,-3.899,-3.752,12
Al-Farouq Aminu,al-farouq aminu,2019,2.081,-2.899,-4.98,16
Alec Burks,alec burks,2025,0.383,0.563,0.18,1
Alec Burks,alec burks,2024,-7.419,4.413,11.832,6
Alec Burks,alec burks,2021,2.016,2.445,0.429,5
Alec Burks,alec burks,2020,2.881,-5.514,-8.395,4
Alex Caruso,alex caruso,2026,3.593,5.357,1.764,15
Alex Caruso,alex caruso,2025,5.458,4.671,-0.787,23
Alex Caruso,alex caruso,2022,2.28,1.541,-0.739,4
Alex Caruso,alex caruso,2021,-0.046,-9.208,-9.162,6
Alex Caruso,alex caruso,2020,0.682,-1.641,-2.323,21
Alex Len,alex len,2025,-10.355,-0.36,9.995,2
Alex Len,alex len,2023,-4.595,-5.498,-0.903,7
Alex Len,alex len,2021,-10.283,-3.986,6.297,5
Alfonzo McKinnie,alfonzo mckinnie,2021,0.395,-16.987,-17.382,2
Alfonzo McKinnie,alfonzo mckinnie,2019,-2.866,-6.222,-3.356,22
Alize Johnson,alize johnson,2021,2.642,4.843,2.201,5
Al Horford,al horford,2025,0.489,-0.185,-0.674,11
Al Horford,al horford,2024,1.181,1.425,0.244,19
Al Horford,al horford,2023,0.949,0.243,-0.706,20
Al Horford,al horford,2022,1.916,3.147,1.231,23
Al Horford,al horford,2020,0.352,-4.112,-4.464,4
Al Horford,al horford,2019,1.842,0.567,-1.275,9
Amari Williams,amari williams,2026,-5.428,-9.665,-4.237,1
Amen Thompson,amen thompson,2026,2.946,3.034,0.088,6
Amen Thompson,amen thompson,2025,4.41,3.484,-0.926,7
Amir Coffey,amir coffey,2026,-4.721,-28.557,-23.836,4
Amir Coffey,amir coffey,2024,-1.851,-7.832,-5.981,6
Amir Coffey,amir coffey,2023,-5.639,-9.479,-3.84,1
Amir Coffey,amir coffey,2021,-2.53,3.216,5.746,10
Amir Coffey,amir coffey,2020,-2.525,11.013,13.538,3
Andrew Nembhard,andrew nembhard,2025,0.361,1.391,1.03,23
Andrew Nembhard,andrew nembhard,2024,-1.991,0.241,2.232,17
Andrew Wiggins,andrew wiggins,2025,0.402,-11.079,-11.481,4
Andrew Wiggins,andrew wiggins,2023,2.176,0.787,-1.389,13
Andrew Wiggins,andrew wiggins,2022,1.746,1.227,-0.519,22
Andre Drummond,andre drummond,2026,-2.063,-3.583,-1.52,11
Andre Drummond,andre drummond,2022,0.57,-3.619,-4.189,4
Andre Drummond,andre drummond,2021,0.119,-0.716,-0.835,5
Andre Drummond,andre drummond,2019,3.324,-6.407,-9.731,4
Andre Iguodala,andre iguodala,2022,2.031,-6.202,-8.233,7
Andre Iguodala,andre iguodala,2021,-1.583,-2.418,-0.835,4
Andre Iguodala,andre iguodala,2020,-1.741,-1.047,0.694,21
Andre Iguodala,andre iguodala,2019,1.617,1.26,-0.357,21
Andre Jackson Jr.,andre jackson jr.,2025,-3.084,-16.493,-13.409,2
Andre Jackson Jr.,andre jackson jr.,2024,-4.352,3.815,8.167,5
Andre Roberson,andre roberson,2020,-5.812,-19.459,-13.647,1
Anfernee Simons,anfernee simons,2021,-1.33,-0.777,0.553,6
Anfernee Simons,anfernee simons,2020,-4.596,1.082,5.678,4
Anfernee Simons,anfernee simons,2019,-5.264,-12.693,-7.429,5
Anthony Black,anthony black,2026,-0.256,-0.571,-0.315,7
Anthony Black,anthony black,2025,-1.592,-3.306,-1.714,5
Anthony Black,anthony black,2024,-3.792,0.989,4.781,2
Anthony Davis,anthony davis,2024,3.986,3.302,-0.684,5
Anthony Davis,anthony davis,2023,5.315,3.986,-1.329,16
Anthony Davis,anthony davis,2021,4.395,2.176,-2.219,5
Anthony Davis,anthony davis,2020,6.208,7.975,1.767,21
Anthony Edwards,anthony edwards,2026,3.955,-2.339,-6.294,10
Anthony Edwards,anthony edwards,2025,3.24,3.506,0.266,15
Anthony Edwards,anthony edwards,2024,3.7,4.637,0.937,16
Anthony Edwards,anthony edwards,2023,2.11,7.085,4.975,5
Anthony Edwards,anthony edwards,2022,2.263,1.871,-0.392,6
Anthony Gill,anthony gill,2021,0.156,-16.487,-16.643,4
Anthony Tolliver,anthony tolliver,2021,-4.958,-11.797,-6.839,1
Ariel Hukporti,ariel hukporti,2026,-3.877,-3.081,0.796,10
Ariel Hukporti,ariel hukporti,2025,-9.798,3.8,13.598,3
Armoni Brooks,armoni brooks,2022,-3.311,-26.934,-23.623,4
Aron Baynes,aron baynes,2019,-2.608,-4.32,-1.712,9
Asa Newell,asa newell,2026,-1.881,1.456,3.337,2
Ausar Thompson,ausar thompson,2026,4.636,4.521,-0.115,14
Ausar Thompson,ausar thompson,2025,4.23,2.458,-1.772,6
Austin Reaves,austin reaves,2026,3.43,-5.263,-8.693,6
Austin Reaves,austin reaves,2025,3.202,-4.759,-7.961,5
Austin Reaves,austin reaves,2024,0.592,3.043,2.451,5
Austin Reaves,austin reaves,2023,1.964,1.88,-0.084,16
Austin Rivers,austin rivers,2023,-3.172,-6.088,-2.916,4
Austin Rivers,austin rivers,2022,-1.651,-1.747,-0.096,5
Austin Rivers,austin rivers,2021,0.901,-4.075,-4.976,10
Austin Rivers,austin rivers,2020,-0.961,-3.648,-2.687,12
Austin Rivers,austin rivers,2019,-3.774,-1.002,2.772,10
Ayo Dosunmu,ayo dosunmu,2026,1.475,2.224,0.749,10
Ayo Dosunmu,ayo dosunmu,2022,-1.483,-6.282,-4.799,5
Bam Adebayo,bam adebayo,2025,0.822,-4.97,-5.792,4
Bam Adebayo,bam adebayo,2024,0.953,-2.299,-3.252,5
Bam Adebayo,bam adebayo,2023,1.23,-1.331,-2.561,23
Bam Adebayo,bam adebayo,2022,3.309,2.427,-0.882,18
Bam Adebayo,bam adebayo,2021,2.562,-2.836,-5.398,4
Bam Adebayo,bam adebayo,2020,3.264,3.173,-0.091,19
Baylor Scheierman,baylor scheierman,2026,0.501,3.272,2.771,7
Baylor Scheierman,baylor scheierman,2025,-0.683,-10.065,-9.382,4
Bennedict Mathurin,bennedict mathurin,2025,-1.006,-0.934,0.072,22
Ben McLemore,ben mclemore,2021,-3.626,-6.391,-2.765,4
Ben McLemore,ben mclemore,2020,0.061,-1.407,-1.468,11
Ben Sheppard,ben sheppard,2025,-2.47,-4.929,-2.459,21
Ben Sheppard,ben sheppard,2024,-1.863,-2.797,-0.934,17
Ben Simmons,ben simmons,2025,-1.549,-6.678,-5.129,5
Ben Simmons,ben simmons,2021,2.693,3.316,0.623,12
Ben Simmons,ben simmons,2019,2.204,2.902,0.698,12
Bismack Biyombo,bismack biyombo,2026,-9.398,-12.461,-3.063,9
Bismack Biyombo,bismack biyombo,2023,-2.072,-5.436,-3.364,8
Bismack Biyombo,bismack biyombo,2022,-1.631,-4.838,-3.207,9
Blake Griffin,blake griffin,2022,-2.679,-1.107,1.572,2
Blake Griffin,blake griffin,2021,2.402,2.35,-0.052,12
Blake Griffin,blake griffin,2019,2.402,1.246,-1.156,2
Blake Wesley,blake wesley,2026,-2.518,-18.522,-16.004,4
Bobby Portis,bobby portis,2025,0.897,-2.385,-3.282,5
Bobby Portis,bobby portis,2024,0.219,-0.865,-1.084,6
Bobby Portis,bobby portis,2023,0.823,-0.026,-0.849,5
Bobby Portis,bobby portis,2022,0.541,-1.228,-1.769,12
Bobby Portis,bobby portis,2021,1.309,0.779,-0.53,20
Bol Bol,bol bol,2024,0.564,-5.452,-6.016,3
Bol Bol,bol bol,2021,-7.353,-6.473,0.88,3
Bol Bol,bol bol,2020,-3.631,15.222,18.853,4
Bones Hyland,bones hyland,2026,-0.055,-4.95,-4.895,10
Bones Hyland,bones hyland,2024,-4.352,4.96,9.312,3
Bones Hyland,bones hyland,2023,0.407,-4.959,-5.366,5
Bones Hyland,bones hyland,2022,0.291,-2.72,-3.011,5
Bradley Beal,bradley beal,2024,1.457,-5.912,-7.369,4
Bradley Beal,bradley beal,2021,3.819,-0.657,-4.476,5
Brad Wanamaker,brad wanamaker,2020,-0.14,-1.657,-1.517,17
Brad Wanamaker,brad wanamaker,2019,0.053,4.61,4.557,4
Brandin Podziemski,brandin podziemski,2025,2.168,-1.292,-3.46,12
Brandon Clarke,brandon clarke,2022,4.23,3.237,-0.993,12
Brandon Clarke,brandon clarke,2021,1.702,-6.201,-7.903,2
Brandon Ingram,brandon ingram,2026,-0.381,-6.021,-5.64,5
Brandon Ingram,brandon ingram,2024,2.234,-3.246,-5.48,4
Brandon Ingram,brandon ingram,2022,1.774,1.353,-0.421,6
Braxton Key,braxton key,2025,-4.883,-7.999,-3.116,5
Bronny James,bronny james,2026,-3.343,-4.053,-0.71,8
Bronny James,bronny james,2025,-6.443,-25.914,-19.471,2
Brook Lopez,brook lopez,2025,-0.5,-7.172,-6.672,5
Brook Lopez,brook lopez,2024,-0.318,-2.93,-2.612,6
Brook Lopez,brook lopez,2023,1.935,-0.635,-2.57,5
Brook Lopez,brook lopez,2022,-1.941,-0.348,1.593,12
Brook Lopez,brook lopez,2021,-0.391,0.53,0.921,23
Brook Lopez,brook lopez,2020,1.718,1.66,-0.058,10
Brook Lopez,brook lopez,2019,0.534,0.949,0.415,15
Bruce Brown,bruce brown,2026,-1.345,-1.157,0.188,6
Bruce Brown,bruce brown,2023,0.156,2.216,2.06,20
Bruce Brown,bruce brown,2022,1.814,-1.144,-2.958,4
Bruce Brown,bruce brown,2021,0.364,-0.977,-1.341,12
Bruce Brown,bruce brown,2019,-1.48,-6.959,-5.479,4
Buddy Hield,buddy hield,2026,-1.427,-2.16,-0.733,2
Buddy Hield,buddy hield,2025,-0.767,0.96,1.727,12
Buddy Hield,buddy hield,2024,0.409,-4.276,-4.685,4
Cade Cunningham,cade cunningham,2026,4.266,0.618,-3.648,14
Cade Cunningham,cade cunningham,2025,1.748,0.633,-1.115,6
Caleb Houstan,caleb houstan,2025,-1.671,-15.123,-13.452,5
Caleb Houstan,caleb houstan,2024,-2.308,-1.163,1.145,3
Caleb Martin,caleb martin,2024,-0.669,-1.66,-0.991,5
Caleb Martin,caleb martin,2023,-0.268,2.991,3.259,23
Caleb Martin,caleb martin,2022,2.579,-3.848,-6.427,17
Cameron Johnson,cameron johnson,2026,0.934,0.693,-0.241,6
Cameron Johnson,cameron johnson,2023,3.036,0.618,-2.418,4
Cameron Johnson,cameron johnson,2022,1.589,-1.716,-3.305,13
Cameron Johnson,cameron johnson,2021,-0.196,1.277,1.473,21
Cameron Payne,cameron payne,2025,-0.075,-7.783,-7.708,14
Cameron Payne,cameron payne,2024,-2.192,-3.629,-1.437,5
Cameron Payne,cameron payne,2022,-1.151,-9.0,-7.849,13
Cameron Payne,cameron payne,2021,1.62,-0.147,-1.767,22
Cam Christie,cam christie,2025,-2.051,1.454,3.505,3
Cam Thomas,cam thomas,2023,-1.99,-12.67,-10.68,2
Cam Whitmore,cam whitmore,2025,0.253,-21.879,-22.132,3
Caris LeVert,caris levert,2026,-1.29,0.032,1.322,13
Caris LeVert,caris levert,2024,1.179,-2.452,-3.631,11
Caris LeVert,caris levert,2023,0.741,-1.428,-2.169,5
Caris LeVert,caris levert,2020,1.222,-0.791,-2.013,4
Caris LeVert,caris levert,2019,1.141,1.72,0.579,5
Carter Bryant,carter bryant,2026,-3.079,-3.793,-0.714,22
Cason Wallace,cason wallace,2026,3.585,6.105,2.52,15
Cason Wallace,cason wallace,2025,2.433,2.15,-0.283,23
Cason Wallace,cason wallace,2024,0.662,-0.685,-1.347,10
Charles Bassey,charles bassey,2022,-0.569,-2.78,-2.211,3
Chaz Lanier,chaz lanier,2026,-4.624,-8.148,-3.524,3
Chet Holmgren,chet holmgren,2026,4.794,2.731,-2.063,15
Chet Holmgren,chet holmgren,2025,1.617,1.581,-0.036,23
Chet Holmgren,chet holmgren,2024,1.904,0.453,-1.451,10
Christian Braun,christian braun,2026,0.888,-1.355,-2.243,6
Christian Braun,christian braun,2025,2.918,0.239,-2.679,14
Christian Braun,christian braun,2024,-1.511,-3.299,-1.788,12
Christian Braun,christian braun,2023,-2.479,-2.43,0.049,19
Chris Boucher,chris boucher,2022,1.832,1.977,0.145,6
Chris Boucher,chris boucher,2020,1.341,-8.032,-9.373,7
Chris Boucher,chris boucher,2019,2.248,0.266,-1.982,2
Chris Paul,chris paul,2023,3.255,2.266,-0.989,7
Chris Paul,chris paul,2022,6.191,4.254,-1.937,13
Chris Paul,chris paul,2021,4.567,3.264,-1.303,20
Chris Paul,chris paul,2020,4.996,2.054,-2.942,7
Chris Paul,chris paul,2019,4.39,1.839,-2.551,11
CJ McCollum,cj mccollum,2026,0.814,-5.529,-6.343,6
CJ McCollum,cj mccollum,2024,1.222,-5.702,-6.924,4
CJ McCollum,cj mccollum,2022,0.351,-2.545,-2.896,6
CJ McCollum,cj mccollum,2021,4.209,-2.211,-6.42,6
CJ McCollum,cj mccollum,2020,1.183,-1.529,-2.712,5
CJ McCollum,cj mccollum,2019,2.902,2.145,-0.757,16
Clint Capela,clint capela,2026,0.752,-8.828,-9.58,4
Clint Capela,clint capela,2023,1.296,-1.853,-3.149,6
Clint Capela,clint capela,2022,1.514,-5.092,-6.606,2
Clint Capela,clint capela,2021,3.21,0.001,-3.209,18
Clint Capela,clint capela,2019,2.072,-2.022,-4.094,11
Coby White,coby white,2022,-2.33,-9.439,-7.109,5
Cole Anthony,cole anthony,2025,-1.712,-18.413,-16.701,5
Cole Anthony,cole anthony,2024,-0.732,-4.425,-3.693,7
Collin Gillespie,collin gillespie,2026,1.419,-1.88,-3.299,4
Collin Murray-Boyles,collin murray-boyles,2026,1.491,3.563,2.072,7
Corey Kispert,corey kispert,2026,-3.936,-11.058,-7.122,5
Craig Porter Jr.,craig porter jr.,2026,0.058,-15.539,-15.597,7
Craig Porter Jr.,craig porter jr.,2025,-3.179,6.637,9.816,6
D'Angelo Russell,d'angelo russell,2024,0.596,-3.11,-3.706,5
D'Angelo Russell,d'angelo russell,2023,1.969,-2.567,-4.536,16
D'Angelo Russell,d'angelo russell,2022,0.798,-3.498,-4.296,6
D'Angelo Russell,d'angelo russell,2019,1.896,-6.383,-8.279,5
Dalano Banton,dalano banton,2026,8.672,2.585,-6.087,2
Dalano Banton,dalano banton,2022,-3.806,15.433,19.239,4
Dalen Terry,dalen terry,2026,-1.215,2.99,4.205,7
Dalton Knecht,dalton knecht,2026,-5.241,-1.214,4.027,5
Dalton Knecht,dalton knecht,2025,-1.739,9.803,11.542,2
Damian Lillard,damian lillard,2025,2.843,-6.037,-8.88,3
Damian Lillard,damian lillard,2024,2.576,2.419,-0.157,4
Damian Lillard,damian lillard,2021,3.966,7.693,3.727,6
Damian Lillard,damian lillard,2020,4.687,-2.286,-6.973,4
Damian Lillard,damian lillard,2019,5.259,1.831,-3.428,16
Daniel Gafford,daniel gafford,2024,0.412,0.431,0.019,22
Daniel Gafford,daniel gafford,2021,-0.107,5.521,5.628,5
Daniel Oturu,daniel oturu,2021,-4.81,-7.803,-2.993,8
Daniel Theis,daniel theis,2024,-18.584,10.952,29.536,1
Daniel Theis,daniel theis,2022,1.419,-2.24,-3.659,16
Daniel Theis,daniel theis,2020,1.328,-0.451,-1.779,17
Daniel Theis,daniel theis,2019,-0.503,-5.231,-4.728,7
Danilo Gallinari,danilo gallinari,2024,7.399,-3.651,-11.05,3
Danilo Gallinari,danilo gallinari,2022,-0.685,-4.565,-3.88,5
Danilo Gallinari,danilo gallinari,2021,1.272,-1.507,-2.779,18
Danilo Gallinari,danilo gallinari,2020,3.01,-1.937,-4.947,7
Danilo Gallinari,danilo gallinari,2019,3.276,-4.235,-7.511,6
Daniss Jenkins,daniss jenkins,2026,-0.746,-2.311,-1.565,14
Danny Green,danny green,2023,1.345,-5.932,-7.277,4
Danny Green,danny green,2022,-0.394,-0.697,-0.303,12
Danny Green,danny green,2021,1.731,2.041,0.31,8
Danny Green,danny green,2020,1.362,0.759,-0.603,21
Danny Green,danny green,2019,3.542,1.125,-2.417,24
Danuel House Jr.,danuel house jr.,2023,-2.986,-7.318,-4.332,7
Danuel House Jr.,danuel house jr.,2022,1.138,-5.894,-7.032,6
Danuel House Jr.,danuel house jr.,2020,0.046,-0.032,-0.078,9
Danuel House Jr.,danuel house jr.,2019,0.218,-6.807,-7.025,7
Darius Bazley,darius bazley,2020,-3.14,-0.411,2.729,7
Darius Garland,darius garland,2025,3.389,-3.391,-6.78,5
Darius Garland,darius garland,2024,-0.707,-3.048,-2.341,12
Darius Garland,darius garland,2023,2.576,-0.604,-3.18,5
Darren Collison,darren collison,2019,2.536,-4.602,-7.138,4
David Roddy,david roddy,2024,-6.166,-11.96,-5.794,2
David Roddy,david roddy,2023,-3.735,-6.792,-3.057,6
Davion Mitchell,davion mitchell,2025,0.796,-3.776,-4.572,4
Davion Mitchell,davion mitchell,2023,-3.131,-1.979,1.152,7
Day'Ron Sharpe,day'ron sharpe,2023,-3.7,-2.012,1.688,2
De'Aaron Fox,de'aaron fox,2026,2.838,1.212,-1.626,21
De'Aaron Fox,de'aaron fox,2023,2.309,2.277,-0.032,7
De'Andre Hunter,de'andre hunter,2025,2.579,0.835,-1.744,8
De'Andre Hunter,de'andre hunter,2022,-2.105,-1.294,0.811,5
De'Andre Hunter,de'andre hunter,2021,1.511,-4.411,-5.922,5
De'Anthony Melton,de'anthony melton,2024,3.194,-15.131,-18.325,1
De'Anthony Melton,de'anthony melton,2023,1.527,0.614,-0.913,11
De'Anthony Melton,de'anthony melton,2022,2.449,-2.66,-5.109,10
De'Anthony Melton,de'anthony melton,2021,0.878,-6.905,-7.783,5
Deandre Ayton,deandre ayton,2026,-0.74,-3.382,-2.642,10
Deandre Ayton,deandre ayton,2023,-0.124,-3.889,-3.765,10
Deandre Ayton,deandre ayton,2022,2.165,1.632,-0.533,13
Deandre Ayton,deandre ayton,2021,1.269,1.903,0.634,22
DeAndre Jordan,deandre jordan,2025,-3.692,-9.562,-5.87,7
DeAndre Jordan,deandre jordan,2024,-4.384,2.188,6.572,2
DeAndre Jordan,deandre jordan,2023,-4.567,-10.165,-5.598,4
DeAndre Jordan,deandre jordan,2022,-4.568,-3.464,1.104,3
Dean Wade,dean wade,2026,0.235,-1.269,-1.504,18
Dean Wade,dean wade,2025,0.101,-3.613,-3.714,9
Dean Wade,dean wade,2024,0.19,-6.148,-6.338,3
Dejounte Murray,dejounte murray,2023,2.046,2.425,0.379,5
Delon Wright,delon wright,2025,-2.882,-2.382,0.5,6
Delon Wright,delon wright,2024,0.754,0.574,-0.18,4
Delon Wright,delon wright,2022,2.703,3.572,0.869,5
Delon Wright,delon wright,2020,1.482,-1.336,-2.818,4
DeMarcus Cousins,demarcus cousins,2022,1.571,6.146,4.575,5
DeMarcus Cousins,demarcus cousins,2021,-0.211,-1.042,-0.831,7
DeMarcus Cousins,demarcus cousins,2019,1.39,-6.354,-7.744,8
DeMarre Carroll,demarre carroll,2020,-6.62,-2.379,4.241,2
DeMarre Carroll,demarre carroll,2019,-0.191,-5.457,-5.266,5
DeMar DeRozan,demar derozan,2022,2.672,-1.606,-4.278,5
DeMar DeRozan,demar derozan,2019,2.45,3.529,1.079,7
Deni Avdija,deni avdija,2026,1.864,-2.75,-4.614,5
Deonte Burton,deonte burton,2020,-7.834,-7.697,0.137,1
Deonte Burton,deonte burton,2019,-3.394,-20.574,-17.18,3
Dereck Lively II,dereck lively ii,2024,1.071,1.201,0.13,21
Derrick Favors,derrick favors,2021,0.859,-3.676,-4.535,11
Derrick Favors,derrick favors,2019,1.891,5.01,3.119,5
Derrick Jones Jr.,derrick jones jr.,2025,1.5,-1.955,-3.455,7
Derrick Jones Jr.,derrick jones jr.,2024,-0.227,0.482,0.709,22
Derrick Jones Jr.,derrick jones jr.,2022,-1.203,-7.136,-5.933,5
Derrick Jones Jr.,derrick jones jr.,2021,-1.402,-4.533,-3.131,2
Derrick Jones Jr.,derrick jones jr.,2020,1.423,0.61,-0.813,15
Derrick Rose,derrick rose,2023,-5.773,-44.604,-38.831,1
Derrick Rose,derrick rose,2021,3.058,-0.739,-3.797,5
Derrick White,derrick white,2026,3.938,-2.418,-6.356,7
Derrick White,derrick white,2025,3.718,3.521,-0.197,11
Derrick White,derrick white,2024,4.469,3.854,-0.615,19
Derrick White,derrick white,2023,3.458,1.094,-2.364,20
Derrick White,derrick white,2022,1.574,-0.282,-1.856,23
Derrick White,derrick white,2019,1.044,-0.47,-1.514,7
Desmond Bane,desmond bane,2026,2.486,0.846,-1.64,7
Desmond Bane,desmond bane,2025,2.609,-7.853,-10.462,4
Desmond Bane,desmond bane,2023,4.125,-1.514,-5.639,6
Desmond Bane,desmond bane,2022,3.435,3.914,0.479,12
Desmond Bane,desmond bane,2021,-0.573,1.132,1.705,5
Devin Booker,devin booker,2026,2.793,-5.931,-8.724,4
Devin Booker,devin booker,2024,3.109,1.742,-1.367,4
Devin Booker,devin booker,2023,4.8,6.651,1.851,11
Devin Booker,devin booker,2022,4.628,-0.507,-5.135,10
Devin Booker,devin booker,2021,2.404,2.156,-0.248,22
Devin Vassell,devin vassell,2026,2.189,2.518,0.329,23
Devonte' Graham,devonte' graham,2022,-1.08,-4.944,-3.864,6
Dewayne Dedmon,dewayne dedmon,2023,-3.907,-28.631,-24.724,1
Dewayne Dedmon,dewayne dedmon,2022,-1.776,-4.834,-3.058,14
Dewayne Dedmon,dewayne dedmon,2021,4.305,-6.98,-11.285,4
Dillon Brooks,dillon brooks,2026,-1.04,-1.116,-0.076,4
Dillon Brooks,dillon brooks,2025,0.179,-1.135,-1.314,7
Dillon Brooks,dillon brooks,2022,1.596,-4.32,-5.916,11
Dillon Brooks,dillon brooks,2021,-0.467,1.494,1.961,5
Dillon Jones,dillon jones,2025,-3.48,0.389,3.869,10
Dion Waiters,dion waiters,2020,-3.009,-6.645,-3.636,5
Domantas Sabonis,domantas sabonis,2023,3.028,-1.7,-4.728,7
Domantas Sabonis,domantas sabonis,2019,0.99,-1.414,-2.404,4
Dominick Barlow,dominick barlow,2026,-0.187,-4.613,-4.426,9
Donovan Clingan,donovan clingan,2026,1.746,-7.191,-8.937,5
Donovan Mitchell,donovan mitchell,2026,5.589,0.494,-5.095,18
Donovan Mitchell,donovan mitchell,2025,4.936,7.093,2.157,9
Donovan Mitchell,donovan mitchell,2024,6.232,3.608,-2.624,10
Donovan Mitchell,donovan mitchell,2023,5.502,1.995,-3.507,5
Donovan Mitchell,donovan mitchell,2022,4.529,0.034,-4.495,6
Donovan Mitchell,donovan mitchell,2021,2.374,4.004,1.63,10
Donovan Mitchell,donovan mitchell,2020,2.034,7.606,5.572,7
Donovan Mitchell,donovan mitchell,2019,2.996,-4.892,-7.888,5
Donta Hall,donta hall,2020,0.382,-7.184,-7.566,3
Donte DiVincenzo,donte divincenzo,2026,1.72,8.036,6.316,4
Donte DiVincenzo,donte divincenzo,2025,2.241,-1.845,-4.086,15
Donte DiVincenzo,donte divincenzo,2024,2.784,0.069,-2.715,13
Donte DiVincenzo,donte divincenzo,2023,1.798,-2.231,-4.029,13
Donte DiVincenzo,donte divincenzo,2021,1.589,-4.373,-5.962,3
Donte DiVincenzo,donte divincenzo,2020,3.892,-0.645,-4.537,10
Dorian Finney-Smith,dorian finney-smith,2026,-4.261,-12.866,-8.605,4
Dorian Finney-Smith,dorian finney-smith,2025,0.507,-3.91,-4.417,5
Dorian Finney-Smith,dorian finney-smith,2023,-3.304,-3.372,-0.068,4
Dorian Finney-Smith,dorian finney-smith,2022,1.25,0.94,-0.31,18
Dorian Finney-Smith,dorian finney-smith,2021,1.262,0.085,-1.177,7
Dorian Finney-Smith,dorian finney-smith,2020,0.788,-1.49,-2.278,6
Doug McDermott,doug mcdermott,2024,-3.487,-4.424,-0.937,10
Doug McDermott,doug mcdermott,2020,-0.236,-11.838,-11.602,4
Doug McDermott,doug mcdermott,2019,-1.177,-8.301,-7.124,3
Draymond Green,draymond green,2025,0.81,-3.299,-4.109,12
Draymond Green,draymond green,2023,1.52,1.709,0.189,12
Draymond Green,draymond green,2022,1.47,1.051,-0.419,22
Draymond Green,draymond green,2019,2.47,2.421,-0.049,22
Drew Eubanks,drew eubanks,2025,-4.566,-10.763,-6.197,3
Drew Eubanks,drew eubanks,2024,-3.749,-5.068,-1.319,3
Duncan Robinson,duncan robinson,2026,1.551,1.957,0.406,13
Duncan Robinson,duncan robinson,2025,-0.857,-15.457,-14.6,4
Duncan Robinson,duncan robinson,2023,-4.088,0.743,4.831,23
Duncan Robinson,duncan robinson,2022,-0.468,0.264,0.732,13
Duncan Robinson,duncan robinson,2021,-0.423,-3.561,-3.138,4
Duncan Robinson,duncan robinson,2020,1.674,0.073,-1.601,21
Dwight Powell,dwight powell,2024,-1.458,-7.603,-6.145,13
Dwight Powell,dwight powell,2022,0.325,-4.497,-4.822,18
Dwight Powell,dwight powell,2021,0.872,3.28,2.408,7
Dylan Harper,dylan harper,2026,2.692,3.526,0.834,23
Dyson Daniels,dyson daniels,2026,3.657,-0.138,-3.795,6
Dyson Daniels,dyson daniels,2024,0.214,-5.75,-5.964,3
E'Twaun Moore,e'twaun moore,2021,-1.917,-1.78,0.137,7
E.J. Liddell,e.j. liddell,2024,-6.392,-8.305,-1.913,1
Edmond Sumner,edmond sumner,2023,-0.023,-4.287,-4.264,1
Edmond Sumner,edmond sumner,2020,-2.047,-12.251,-10.204,3
Edmond Sumner,edmond sumner,2019,-4.349,-3.3,1.049,1
Ed Davis,ed davis,2019,0.262,1.54,1.278,3
Elfrid Payton,elfrid payton,2022,-5.357,4.991,10.348,2
Elfrid Payton,elfrid payton,2021,-3.496,-12.722,-9.226,2
Emmanuel Mudiay,emmanuel mudiay,2020,-3.371,-8.455,-5.084,3
Enes Freedom,enes freedom,2021,0.848,-11.553,-12.401,5
Enes Freedom,enes freedom,2020,1.687,-0.762,-2.449,11
Enes Freedom,enes freedom,2019,0.869,-0.737,-1.606,16
Eric Bledsoe,eric bledsoe,2020,2.455,-1.133,-3.588,9
Eric Bledsoe,eric bledsoe,2019,4.098,0.284,-3.814,15
Eric Gordon,eric gordon,2023,0.194,-3.551,-3.745,5
Eric Gordon,eric gordon,2020,-2.719,-2.231,0.488,12
Eric Gordon,eric gordon,2019,0.259,-0.319,-0.578,11
Eric Paschall,eric paschall,2022,-2.604,1.539,4.143,4
Evan Fournier,evan fournier,2021,1.909,-2.98,-4.889,5
Evan Fournier,evan fournier,2020,0.982,-2.981,-3.963,5
Evan Fournier,evan fournier,2019,0.4,-5.0,-5.4,5
Evan Mobley,evan mobley,2026,2.769,0.878,-1.891,18
Evan Mobley,evan mobley,2025,4.403,4.347,-0.056,8
Evan Mobley,evan mobley,2024,2.27,1.724,-0.546,12
Evan Mobley,evan mobley,2023,2.291,-2.54,-4.831,5
Evan Turner,evan turner,2019,-2.304,-4.728,-2.424,16
Facundo Campazzo,facundo campazzo,2022,-2.064,-20.355,-18.291,4
Facundo Campazzo,facundo campazzo,2021,-0.362,-1.594,-1.232,10
Frank Kaminsky,frank kaminsky,2021,-0.938,-2.733,-1.795,10
Frank Ntilikina,frank ntilikina,2022,-0.576,-2.878,-2.302,12
Frank Ntilikina,frank ntilikina,2021,-2.554,-17.416,-14.862,3
Franz Wagner,franz wagner,2026,2.467,6.785,4.318,4
Franz Wagner,franz wagner,2025,4.706,0.81,-3.896,5
Franz Wagner,franz wagner,2024,3.535,5.266,1.731,7
Fred VanVleet,fred vanvleet,2025,1.705,1.082,-0.623,7
Fred VanVleet,fred vanvleet,2022,2.361,-0.445,-2.806,4
Fred VanVleet,fred vanvleet,2020,3.726,3.252,-0.474,11
Fred VanVleet,fred vanvleet,2019,1.013,-2.025,-3.038,24
Furkan Korkmaz,furkan korkmaz,2023,-4.156,-13.749,-9.593,3
Furkan Korkmaz,furkan korkmaz,2022,-1.938,-0.897,1.041,9
Furkan Korkmaz,furkan korkmaz,2021,1.184,-0.062,-1.246,12
Furkan Korkmaz,furkan korkmaz,2020,-0.504,-10.352,-9.848,4
Furkan Korkmaz,furkan korkmaz,2019,0.031,-2.45,-2.481,4
Gabe Vincent,gabe vincent,2026,-5.625,-7.127,-1.502,6
Gabe Vincent,gabe vincent,2025,-3.578,-6.252,-2.674,5
Gabe Vincent,gabe vincent,2024,-5.569,-10.155,-4.586,5
Gabe Vincent,gabe vincent,2023,-3.298,-1.559,1.739,22
Gabe Vincent,gabe vincent,2022,-1.09,-1.29,-0.2,18
Gabe Vincent,gabe vincent,2021,-5.406,-5.104,0.302,3
Garrett Temple,garrett temple,2026,-5.204,-14.105,-8.901,2
Garrett Temple,garrett temple,2022,-3.861,-5.392,-1.531,1
Garrett Temple,garrett temple,2020,-0.375,-5.951,-5.576,4
Garrett Temple,garrett temple,2019,0.148,-3.942,-4.09,6
Garrison Mathews,garrison mathews,2021,-1.199,-11.008,-9.809,3
Gary Clark,gary clark,2020,-3.813,-1.364,2.449,5
Gary Clark,gary clark,2019,-2.214,-7.611,-5.397,2
Gary Harris,gary harris,2025,-1.533,-4.918,-3.385,5
Gary Harris,gary harris,2024,0.307,-0.619,-0.926,6
Gary Harris,gary harris,2020,0.067,-1.987,-2.054,14
Gary Harris,gary harris,2019,1.103,2.448,1.345,14
Gary Payton II,gary payton ii,2025,2.981,-0.868,-3.849,11
Gary Payton II,gary payton ii,2023,1.255,0.681,-0.574,12
Gary Payton II,gary payton ii,2022,6.011,6.955,0.944,12
Georges Niang,georges niang,2024,-3.153,-10.793,-7.64,10
Georges Niang,georges niang,2023,-1.941,-6.067,-4.126,11
Georges Niang,georges niang,2022,-2.36,-2.931,-0.571,12
Georges Niang,georges niang,2021,0.657,-9.397,-10.054,11
Georges Niang,georges niang,2020,-1.93,-1.279,0.651,7
Georges Niang,georges niang,2019,-1.844,-3.296,-1.452,5
George Hill,george hill,2022,-0.337,-8.106,-7.769,5
George Hill,george hill,2021,0.954,-3.674,-4.628,12
George Hill,george hill,2020,3.272,-2.718,-5.99,10
George Hill,george hill,2019,0.246,4.088,3.842,15
Gerald Green,gerald green,2019,-1.164,-3.766,-2.602,11
Giannis Antetokounmpo,giannis antetokounmpo,2025,7.06,5.518,-1.542,5
Giannis Antetokounmpo,giannis antetokounmpo,2023,6.268,-3.538,-9.806,3
Giannis Antetokounmpo,giannis antetokounmpo,2022,7.581,5.588,-1.993,12
Giannis Antetokounmpo,giannis antetokounmpo,2021,6.976,6.186,-0.79,21
Giannis Antetokounmpo,giannis antetokounmpo,2020,8.924,6.173,-2.751,9
Giannis Antetokounmpo,giannis antetokounmpo,2019,8.502,5.653,-2.849,15
Goga Bitadze,goga bitadze,2026,2.016,-4.033,-6.049,6
Goga Bitadze,goga bitadze,2025,1.764,-3.737,-5.501,3
Goga Bitadze,goga bitadze,2024,0.416,-12.824,-13.24,2
Gordon Hayward,gordon hayward,2024,-1.943,-2.983,-1.04,7
Gordon Hayward,gordon hayward,2020,2.984,0.304,-2.68,5
Gordon Hayward,gordon hayward,2019,1.439,-1.414,-2.853,9
Gorgui Dieng,gorgui dieng,2022,-2.284,-2.776,-0.492,2
Gradey Dick,gradey dick,2026,-1.315,-8.282,-6.967,3
Grant Williams,grant williams,2022,-0.86,-1.613,-0.753,24
Grant Williams,grant williams,2021,-3.234,-1.274,1.96,5
Grant Williams,grant williams,2020,-2.147,-1.236,0.911,17
Grayson Allen,grayson allen,2026,2.109,0.16,-1.949,2
Grayson Allen,grayson allen,2024,1.786,-7.944,-9.73,2
Grayson Allen,grayson allen,2023,1.759,-2.527,-4.286,5
Grayson Allen,grayson allen,2022,1.212,-0.305,-1.517,12
Grayson Allen,grayson allen,2021,0.476,-6.135,-6.611,5
Grayson Allen,grayson allen,2019,-6.329,-6.873,-0.544,2
Greg Monroe,greg monroe,2022,1.107,11.106,9.999,2
Greg Monroe,greg monroe,2019,6.545,-1.307,-7.852,10
Guerschon Yabusele,guerschon yabusele,2019,-2.789,-2.503,0.286,4
Gui Santos,gui santos,2025,-0.848,-1.615,-0.767,10
Hamidou Diallo,hamidou diallo,2020,-2.385,-5.835,-3.45,3
Harrison Barnes,harrison barnes,2026,0.4,-4.948,-5.348,20
Harrison Barnes,harrison barnes,2023,0.85,-0.641,-1.491,7
Hassan Whiteside,hassan whiteside,2022,2.153,0.452,-1.701,6
Hassan Whiteside,hassan whiteside,2020,2.211,-3.865,-6.076,5
Haywood Highsmith,haywood highsmith,2026,3.734,-21.57,-25.304,2
Haywood Highsmith,haywood highsmith,2025,-0.266,-3.649,-3.383,4
Haywood Highsmith,haywood highsmith,2024,-0.67,-9.274,-8.604,5
Haywood Highsmith,haywood highsmith,2023,-3.08,3.569,6.649,18
Haywood Highsmith,haywood highsmith,2022,-5.168,-6.046,-0.878,8
Herbert Jones,herbert jones,2024,2.564,-2.118,-4.682,4
Herbert Jones,herbert jones,2022,1.08,0.996,-0.084,6
Hugo González,hugo gonzalez,2026,-0.124,-11.558,-11.434,4
Hunter Tyson,hunter tyson,2025,-6.451,1.24,7.691,5
Hunter Tyson,hunter tyson,2024,-7.121,-18.485,-11.364,3
Iman Shumpert,iman shumpert,2019,-3.351,-3.992,-0.641,8
Immanuel Quickley,immanuel quickley,2023,3.48,-3.535,-7.015,8
Immanuel Quickley,immanuel quickley,2021,0.182,-8.049,-8.231,5
Isaac Bonga,isaac bonga,2022,0.847,5.285,4.438,1
Isaac Bonga,isaac bonga,2021,-5.217,-22.726,-17.509,4
Isaac Okoro,isaac okoro,2025,0.473,0.695,0.222,9
Isaac Okoro,isaac okoro,2024,0.498,-3.01,-3.508,12
Isaac Okoro,isaac okoro,2023,0.362,-0.365,-0.727,5
Isaiah Hartenstein,isaiah hartenstein,2026,3.11,0.769,-2.341,15
Isaiah Hartenstein,isaiah hartenstein,2025,1.539,1.091,-0.448,23
Isaiah Hartenstein,isaiah hartenstein,2024,3.392,-3.239,-6.631,13
Isaiah Hartenstein,isaiah hartenstein,2019,-2.135,39.974,42.109,2
Isaiah Jackson,isaiah jackson,2024,1.43,-2.044,-3.474,15
Isaiah Joe,isaiah joe,2026,2.592,-0.206,-2.798,13
Isaiah Joe,isaiah joe,2025,2.103,1.706,-0.397,21
Isaiah Joe,isaiah joe,2024,0.815,-1.02,-1.835,10
Isaiah Joe,isaiah joe,2022,-3.497,-16.411,-12.914,7
Isaiah Joe,isaiah joe,2021,-2.238,-9.232,-6.994,4
Isaiah Stewart,isaiah stewart,2026,-2.019,-3.436,-1.417,14
Isaiah Stewart,isaiah stewart,2025,-1.548,-2.731,-1.183,1
Isaiah Thomas,isaiah thomas,2024,-8.798,-42.408,-33.61,1
Ish Smith,ish smith,2023,-8.38,-8.139,0.241,4
Ish Smith,ish smith,2021,-1.045,-3.377,-2.332,5
Ish Smith,ish smith,2019,-1.354,-10.715,-9.361,4
Ish Wainright,ish wainright,2023,-0.262,-9.377,-9.115,6
Ish Wainright,ish wainright,2022,-1.95,-0.113,1.837,7
Ivica Zubac,ivica zubac,2025,3.222,1.025,-2.197,7
Ivica Zubac,ivica zubac,2021,-0.016,-3.772,-3.756,17
Ivica Zubac,ivica zubac,2020,2.284,0.935,-1.349,13
Ivica Zubac,ivica zubac,2019,-1.582,-0.843,0.739,4
J.J. Barea,j.j. barea,2020,-2.726,-15.69,-12.964,1
Ja'Kobe Walter,ja'kobe walter,2026,0.571,-0.176,-0.747,7
Jabari Parker,jabari parker,2021,-10.215,-2.999,7.216,4
Jabari Walker,jabari walker,2026,-1.902,-17.152,-15.25,6
Jacob Evans,jacob evans,2019,-6.78,-10.512,-3.732,7
Jaden Hardy,jaden hardy,2024,-3.932,-1.889,2.043,19
Jaden McDaniels,jaden mcdaniels,2026,0.719,-2.149,-2.868,12
Jaden McDaniels,jaden mcdaniels,2025,0.933,3.17,2.237,15
Jaden McDaniels,jaden mcdaniels,2024,-0.537,2.256,2.793,16
Jaden McDaniels,jaden mcdaniels,2022,-2.276,0.618,2.894,6
Jaden Springer,jaden springer,2024,1.496,-8.321,-9.817,4
Jaden Springer,jaden springer,2023,3.199,2.612,-0.587,4
Jaden Springer,jaden springer,2022,0.574,-0.724,-1.298,5
Jae'Sean Tate,jae'sean tate,2026,-3.359,-3.978,-0.619,5
Jae Crowder,jae crowder,2024,-2.704,-8.917,-6.213,4
Jae Crowder,jae crowder,2023,1.799,-9.191,-10.99,4
Jae Crowder,jae crowder,2022,1.554,-2.022,-3.576,13
Jae Crowder,jae crowder,2021,0.773,1.489,0.716,22
Jae Crowder,jae crowder,2020,3.173,-1.004,-4.177,21
Jae Crowder,jae crowder,2019,-0.115,-1.924,-1.809,5
Jaime Jaquez Jr.,jaime jaquez jr.,2025,-0.97,-14.921,-13.951,3
Jaime Jaquez Jr.,jaime jaquez jr.,2024,0.925,-3.846,-4.771,4
JaKarr Sampson,jakarr sampson,2020,-0.497,-1.653,-1.156,4
Jake LaRavia,jake laravia,2026,-0.366,-7.091,-6.725,8
Jake Layman,jake layman,2019,-0.465,-13.631,-13.166,6
Jakob Poeltl,jakob poeltl,2026,0.901,1.013,0.112,7
Jakob Poeltl,jakob poeltl,2019,0.128,0.637,0.509,7
Jalen Brunson,jalen brunson,2026,2.199,4.744,2.545,19
Jalen Brunson,jalen brunson,2025,2.122,0.682,-1.44,18
Jalen Brunson,jalen brunson,2024,4.55,1.308,-3.242,13
Jalen Brunson,jalen brunson,2023,2.319,5.891,3.572,11
Jalen Brunson,jalen brunson,2022,2.919,2.035,-0.884,18
Jalen Brunson,jalen brunson,2021,0.865,-6.199,-7.064,7
Jalen Duren,jalen duren,2026,4.948,-2.884,-7.832,14
Jalen Duren,jalen duren,2025,1.885,1.629,-0.256,6
Jalen Green,jalen green,2026,-0.677,-2.892,-2.215,4
Jalen Green,jalen green,2025,-0.044,-2.451,-2.407,7
Jalen Johnson,jalen johnson,2026,2.638,-1.755,-4.393,6
Jalen Johnson,jalen johnson,2023,-0.147,-1.712,-1.565,6
Jalen Johnson,jalen johnson,2022,-5.613,-24.54,-18.927,2
Jalen McDaniels,jalen mcdaniels,2023,-0.022,-5.25,-5.228,8
Jalen Pickett,jalen pickett,2026,-2.96,-1.929,1.031,2
Jalen Pickett,jalen pickett,2025,-1.768,-13.456,-11.688,8
Jalen Pickett,jalen pickett,2024,-3.45,-0.615,2.835,3
Jalen Smith,jalen smith,2024,-0.295,-5.877,-5.582,7
Jalen Smith,jalen smith,2021,-6.194,-4.542,1.652,6
Jalen Suggs,jalen suggs,2026,2.371,-4.071,-6.442,7
Jalen Suggs,jalen suggs,2024,2.149,1.642,-0.507,7
Jalen Williams,jalen williams,2026,3.878,3.996,0.118,5
Jalen Williams,jalen williams,2025,4.151,2.994,-1.157,23
Jalen Williams,jalen williams,2024,3.352,4.454,1.102,10
Jamal Murray,jamal murray,2026,3.693,-2.335,-6.028,6
Jamal Murray,jamal murray,2025,2.051,-0.114,-2.165,14
Jamal Murray,jamal murray,2024,3.031,-4.004,-7.035,12
Jamal Murray,jamal murray,2023,1.242,4.38,3.138,20
Jamal Murray,jamal murray,2020,1.195,3.065,1.87,19
Jamal Murray,jamal murray,2019,0.562,1.893,1.331,14
Jamal Shead,jamal shead,2026,-0.768,-2.232,-1.464,7
Jamaree Bouyea,jamaree bouyea,2026,-1.165,5.774,6.939,4
James Harden,james harden,2026,1.587,0.079,-1.508,18
James Harden,james harden,2025,2.517,0.36,-2.157,7
James Harden,james harden,2024,2.489,1.904,-0.585,6
James Harden,james harden,2023,3.475,0.813,-2.662,11
James Harden,james harden,2022,1.905,0.06,-1.845,12
James Harden,james harden,2021,1.519,6.538,5.019,9
James Harden,james harden,2020,7.327,6.814,-0.513,12
James Harden,james harden,2019,6.509,4.141,-2.368,11
James Johnson,james johnson,2025,-13.865,4.433,18.298,5
James Johnson,james johnson,2024,-3.439,-55.027,-51.588,1
Jamison Battle,jamison battle,2026,-2.768,-1.81,0.958,6
JaMychal Green,jamychal green,2022,-1.423,-7.503,-6.08,5
JaMychal Green,jamychal green,2021,-1.005,-2.031,-1.026,10
JaMychal Green,jamychal green,2020,-0.449,-1.664,-1.215,13
JaMychal Green,jamychal green,2019,-0.096,-2.929,-2.833,6
Jarace Walker,jarace walker,2025,-2.679,-6.539,-3.86,12
Jarace Walker,jarace walker,2024,-1.677,-12.637,-10.96,9
Jared Butler,jared butler,2022,-1.175,-19.303,-18.128,1
Jared Dudley,jared dudley,2021,-5.423,-8.961,-3.538,2
Jared Dudley,jared dudley,2020,-1.158,-5.234,-4.076,9
Jared Dudley,jared dudley,2019,-0.914,-3.241,-2.327,4
Jared McCain,jared mccain,2026,-2.102,-2.752,-0.65,15
Jarred Vanderbilt,jarred vanderbilt,2026,-1.231,-4.53,-3.299,7
Jarred Vanderbilt,jarred vanderbilt,2025,0.205,-2.044,-2.249,5
Jarred Vanderbilt,jarred vanderbilt,2023,0.98,-2.227,-3.207,15
Jarred Vanderbilt,jarred vanderbilt,2022,2.109,-0.576,-2.685,6
Jarred Vanderbilt,jarred vanderbilt,2019,-0.333,-3.724,-3.391,3
Jarrell Brantley,jarrell brantley,2021,1.451,-32.21,-33.661,2
Jarrell Brantley,jarrell brantley,2020,-5.058,-16.589,-11.531,2
Jarrett Allen,jarrett allen,2026,3.015,2.228,-0.787,18
Jarrett Allen,jarrett allen,2025,3.912,5.643,1.731,9
Jarrett Allen,jarrett allen,2024,2.262,4.857,2.595,4
Jarrett Allen,jarrett allen,2023,2.361,-0.399,-2.76,5
Jarrett Allen,jarrett allen,2020,2.122,-2.197,-4.319,4
Jarrett Allen,jarrett allen,2019,-0.149,0.37,0.519,5
Jarrett Culver,jarrett culver,2022,-3.096,-6.327,-3.231,3
Jase Richardson,jase richardson,2026,-1.5,42.715,44.215,1
Jason Preston,jason preston,2023,-5.708,-10.817,-5.109,1
JaVale McGee,javale mcgee,2022,-0.414,2.084,2.498,12
JaVale McGee,javale mcgee,2021,-5.052,-4.818,0.234,4
JaVale McGee,javale mcgee,2020,1.404,-2.436,-3.84,14
Javonte Green,javonte green,2026,3.271,-2.011,-5.282,11
Javonte Green,javonte green,2025,-1.681,5.14,6.821,6
Javonte Green,javonte green,2022,1.623,-2.162,-3.785,5
Javonte Green,javonte green,2020,-0.278,0.263,0.541,1
Jaxson Hayes,jaxson hayes,2026,0.454,-2.36,-2.814,10
Jaxson Hayes,jaxson hayes,2025,-0.308,-8.925,-8.617,4
Jaxson Hayes,jaxson hayes,2024,-2.834,-13.049,-10.215,4
Jaxson Hayes,jaxson hayes,2022,-0.085,-6.072,-5.987,6
Jaylen Brown,jaylen brown,2026,2.416,0.209,-2.207,7
Jaylen Brown,jaylen brown,2025,2.927,1.336,-1.591,11
Jaylen Brown,jaylen brown,2024,3.453,3.544,0.091,19
Jaylen Brown,jaylen brown,2023,2.537,-0.029,-2.566,20
Jaylen Brown,jaylen brown,2022,3.656,1.242,-2.414,24
Jaylen Brown,jaylen brown,2020,2.072,2.849,0.777,17
Jaylen Brown,jaylen brown,2019,0.121,0.933,0.812,9
Jaylen Clark,jaylen clark,2026,-0.345,-4.499,-4.154,6
Jaylen Clark,jaylen clark,2025,2.107,5.706,3.599,5
Jaylen Hoard,jaylen hoard,2020,-0.577,-3.942,-3.365,3
Jaylen Nowell,jaylen nowell,2022,1.549,-7.038,-8.587,1
Jaylin Williams,jaylin williams,2026,0.889,-1.45,-2.339,15
Jaylin Williams,jaylin williams,2025,2.49,-2.238,-4.728,17
Jaylin Williams,jaylin williams,2024,-1.671,-0.448,1.223,10
Jaylon Tyson,jaylon tyson,2026,0.605,-5.29,-5.895,17
Jaylon Tyson,jaylon tyson,2025,-3.267,12.922,16.189,4
Jayson Tatum,jayson tatum,2026,4.387,6.107,1.72,6
Jayson Tatum,jayson tatum,2025,4.413,7.506,3.093,8
Jayson Tatum,jayson tatum,2024,4.71,3.945,-0.765,19
Jayson Tatum,jayson tatum,2023,5.699,4.418,-1.281,20
Jayson Tatum,jayson tatum,2022,5.448,1.84,-3.608,24
Jayson Tatum,jayson tatum,2021,3.606,0.576,-3.03,5
Jayson Tatum,jayson tatum,2020,4.643,3.641,-1.002,17
Jayson Tatum,jayson tatum,2019,1.13,-0.567,-1.697,9
Jay Huff,jay huff,2025,0.093,-1.022,-1.115,2
Ja Morant,ja morant,2025,1.767,-3.029,-4.796,3
Ja Morant,ja morant,2023,3.053,2.203,-0.85,5
Ja Morant,ja morant,2022,2.821,4.325,1.504,9
Ja Morant,ja morant,2021,-0.851,-1.929,-1.078,5
JD Davison,jd davison,2026,-2.511,-20.122,-17.611,2
JD Davison,jd davison,2025,-8.033,-16.111,-8.078,4
Nate Williams,nate williams,2025,-4.407,-28.388,-23.981,3
Jeff Green,jeff green,2026,-5.787,-22.316,-16.529,2
Jeff Green,jeff green,2025,-1.664,-3.332,-1.668,3
Jeff Green,jeff green,2023,-4.245,-4.68,-0.435,20
Jeff Green,jeff green,2022,-1.665,-4.449,-2.784,5
Jeff Green,jeff green,2021,-0.075,0.63,0.705,6
Jeff Green,jeff green,2020,1.306,-1.298,-2.604,12
Jeff Teague,jeff teague,2021,-2.595,-8.0,-5.405,16
Jerami Grant,jerami grant,2026,0.457,-3.877,-4.334,5
Jerami Grant,jerami grant,2020,-0.53,-3.239,-2.709,19
Jerami Grant,jerami grant,2019,1.381,-0.692,-2.073,5
Jeremiah Robinson-Earl,jeremiah robinson-earl,2024,-3.019,-5.021,-2.002,1
Jeremy Sochan,jeremy sochan,2026,5.782,7.981,2.199,8
Jerian Grant,jerian grant,2019,-2.014,-16.177,-14.163,3
Jericho Sims,jericho sims,2025,-5.233,-5.037,0.196,5
Jericho Sims,jericho sims,2024,-4.25,5.967,10.217,5
Jerome Robinson,jerome robinson,2019,-3.005,1.473,4.478,5
Jett Howard,jett howard,2026,-3.313,-29.839,-26.526,1
Jett Howard,jett howard,2025,-5.337,29.772,35.109,1
Jett Howard,jett howard,2024,-3.574,-5.418,-1.844,2
Jevon Carter,jevon carter,2026,-2.662,-2.411,0.251,3
Jevon Carter,jevon carter,2022,-5.515,0.734,6.249,11
Jevon Carter,jevon carter,2021,-1.134,-8.29,-7.156,7
Jimmy Butler,jimmy butler,2025,4.785,3.242,-1.543,11
Jimmy Butler,jimmy butler,2023,8.011,5.008,-3.003,22
Jimmy Butler,jimmy butler,2022,6.52,9.327,2.807,17
Jimmy Butler,jimmy butler,2021,8.44,-5.013,-13.453,4
Jimmy Butler,jimmy butler,2020,6.026,5.116,-0.91,21
Jimmy Butler,jimmy butler,2019,4.819,5.333,0.514,12
Joakim Noah,joakim noah,2020,-5.101,-9.506,-4.405,2
Joan Beringer,joan beringer,2026,2.166,7.19,5.024,5
Jock Landale,jock landale,2025,-1.589,-9.012,-7.423,1
Joel Embiid,joel embiid,2026,1.873,-0.7,-2.573,7
Joel Embiid,joel embiid,2024,7.651,4.656,-2.995,6
Joel Embiid,joel embiid,2023,6.253,-2.001,-8.254,9
Joel Embiid,joel embiid,2022,5.795,0.121,-5.674,10
Joel Embiid,joel embiid,2021,5.655,4.099,-1.556,11
Joel Embiid,joel embiid,2020,2.396,1.08,-1.316,4
Joel Embiid,joel embiid,2019,2.512,3.503,0.991,11
Joe Harris,joe harris,2021,1.493,-2.828,-4.321,12
Joe Harris,joe harris,2020,0.541,-1.722,-2.263,2
Joe Harris,joe harris,2019,0.892,-6.009,-6.901,5
Joe Ingles,joe ingles,2026,-0.451,11.872,12.323,3
Joe Ingles,joe ingles,2024,1.334,4.081,2.747,7
Joe Ingles,joe ingles,2023,0.508,-0.958,-1.466,5
Joe Ingles,joe ingles,2021,3.575,-0.055,-3.63,11
Joe Ingles,joe ingles,2020,1.722,0.233,-1.489,7
Joe Ingles,joe ingles,2019,2.557,-0.12,-2.677,5
Johnny Furphy,johnny furphy,2025,-2.238,-11.245,-9.007,11
John Collins,john collins,2022,0.843,-4.176,-5.019,5
John Collins,john collins,2021,2.847,0.535,-2.312,18
John Konchar,john konchar,2025,1.43,-3.93,-5.36,4
John Konchar,john konchar,2023,1.474,-3.387,-4.861,5
John Konchar,john konchar,2022,1.132,-2.215,-3.347,8
John Konchar,john konchar,2021,1.689,-10.269,-11.958,1
Jonah Bolden,jonah bolden,2019,-1.407,-10.775,-9.368,10
Jonathan Isaac,jonathan isaac,2025,1.579,-2.608,-4.187,5
Jonathan Isaac,jonathan isaac,2024,4.587,1.859,-2.728,7
Jonathan Isaac,jonathan isaac,2019,0.208,-6.459,-6.667,5
Jonathan Kuminga,jonathan kuminga,2026,1.907,-4.037,-5.944,6
Jonathan Kuminga,jonathan kuminga,2025,-0.879,-2.748,-1.869,8
Jonathan Kuminga,jonathan kuminga,2022,-0.425,-4.024,-3.599,16
Jonathan Mogbo,jonathan mogbo,2026,-1.855,8.271,10.126,3
Jonathon Simmons,jonathon simmons,2019,0.01,-13.633,-13.643,7
Jon Leuer,jon leuer,2019,-2.58,-13.175,-10.595,1
Jordan Bell,jordan bell,2019,-4.663,0.855,5.518,15
Jordan Clarkson,jordan clarkson,2026,-1.622,-2.811,-1.189,18
Jordan Clarkson,jordan clarkson,2022,1.28,2.322,1.042,6
Jordan Clarkson,jordan clarkson,2021,2.446,-1.662,-4.108,11
Jordan Clarkson,jordan clarkson,2020,0.846,0.734,-0.112,7
Jordan Goodwin,jordan goodwin,2026,1.521,-23.97,-25.491,1
Jordan Goodwin,jordan goodwin,2025,-1.537,-7.85,-6.313,4
Jordan Hawkins,jordan hawkins,2024,-3.427,-19.667,-16.24,3
Jordan McLaughlin,jordan mclaughlin,2026,-1.776,5.253,7.029,10
Jordan McLaughlin,jordan mclaughlin,2024,3.418,-16.644,-20.062,6
Jordan McLaughlin,jordan mclaughlin,2023,-0.315,-16.835,-16.52,2
Jordan McLaughlin,jordan mclaughlin,2022,1.286,5.163,3.877,5
Jordan Miller,jordan miller,2025,-3.401,20.852,24.253,3
Jordan Nwora,jordan nwora,2022,-3.608,-13.051,-9.443,8
Jordan Nwora,jordan nwora,2021,-0.362,-9.172,-8.81,5
Jordan Poole,jordan poole,2023,-2.551,-3.791,-1.24,13
Jordan Poole,jordan poole,2022,1.673,1.782,0.109,22
Jordan Walsh,jordan walsh,2026,0.99,-0.81,-1.8,7
Jordan Walsh,jordan walsh,2025,-4.293,-9.016,-4.723,5
Jordan Walsh,jordan walsh,2024,0.577,-8.475,-9.052,3
Jose Alvarado,jose alvarado,2026,2.045,2.344,0.299,18
Jose Alvarado,jose alvarado,2024,1.071,-8.97,-10.041,4
Jose Alvarado,jose alvarado,2022,4.23,-0.885,-5.115,6
Josh Giddey,josh giddey,2024,0.881,-0.687,-1.568,10
Josh Green,josh green,2024,-1.49,0.644,2.134,22
Josh Green,josh green,2022,0.638,-5.097,-5.735,16
Josh Green,josh green,2021,-1.806,-8.771,-6.965,1
Josh Hart,josh hart,2026,2.047,4.359,2.312,19
Josh Hart,josh hart,2025,2.622,1.628,-0.994,18
Josh Hart,josh hart,2024,1.458,-0.053,-1.511,13
Josh Hart,josh hart,2023,0.86,-0.787,-1.647,11
Josh Minott,josh minott,2025,1.457,-13.209,-14.666,5
Josh Minott,josh minott,2024,4.957,-5.345,-10.302,5
Josh Minott,josh minott,2023,2.057,9.134,7.077,1
Josh Okogie,josh okogie,2026,0.017,0.604,0.587,6
Josh Okogie,josh okogie,2024,-0.487,-1.911,-1.424,4
Josh Okogie,josh okogie,2023,0.804,-3.762,-4.566,10
Josh Okogie,josh okogie,2022,-1.35,-8.945,-7.595,1
Josh Richardson,josh richardson,2021,0.246,-6.337,-6.583,7
Josh Richardson,josh richardson,2020,-0.443,-2.05,-1.607,4
Jrue Holiday,jrue holiday,2026,1.547,-1.557,-3.104,5
Jrue Holiday,jrue holiday,2025,1.032,-1.406,-2.438,8
Jrue Holiday,jrue holiday,2024,0.726,2.105,1.379,19
Jrue Holiday,jrue holiday,2023,3.343,-1.055,-4.398,5
Jrue Holiday,jrue holiday,2022,4.352,0.456,-3.896,12
Jrue Holiday,jrue holiday,2021,3.844,2.186,-1.658,23
Juan Toscano-Anderson,juan toscano-anderson,2022,-0.031,-9.174,-9.143,14
Julian Champagnie,julian champagnie,2026,1.806,3.632,1.826,23
Julian Phillips,julian phillips,2026,-3.899,0.094,3.993,5
Julian Strawther,julian strawther,2026,-1.521,-15.045,-13.524,2
Julian Strawther,julian strawther,2025,-3.651,-6.226,-2.575,9
Julian Strawther,julian strawther,2024,-4.764,-5.901,-1.137,3
Julius Randle,julius randle,2026,1.984,-5.048,-7.032,12
Julius Randle,julius randle,2025,0.457,1.815,1.358,15
Julius Randle,julius randle,2023,2.188,-2.727,-4.915,10
Julius Randle,julius randle,2021,2.616,-6.935,-9.551,5
Justin Anderson,justin anderson,2020,-6.974,-0.881,6.093,3
Justin Champagnie,justin champagnie,2023,6.552,-14.912,-21.464,4
Justin Edwards,justin edwards,2026,-0.762,-10.379,-9.617,9
Justin Holiday,justin holiday,2024,-0.624,-3.37,-2.746,12
Justin Holiday,justin holiday,2020,1.268,-0.365,-1.633,4
Justin Jackson,justin jackson,2021,-5.394,0.061,5.455,5
Justin Jackson,justin jackson,2020,-2.538,-15.567,-13.029,3
Justise Winslow,justise winslow,2021,-6.467,-1.671,4.796,1
Juwan Morgan,juwan morgan,2022,-8.8,-7.144,1.656,9
Juwan Morgan,juwan morgan,2021,-5.074,-2.031,3.043,2
Juwan Morgan,juwan morgan,2020,-2.806,-3.997,-1.191,7
Karl-Anthony Towns,karl-anthony towns,2026,2.338,6.809,4.471,19
Karl-Anthony Towns,karl-anthony towns,2025,2.67,0.26,-2.41,18
Karl-Anthony Towns,karl-anthony towns,2024,1.581,1.087,-0.494,16
Karl-Anthony Towns,karl-anthony towns,2023,1.449,-5.001,-6.45,5
Karl-Anthony Towns,karl-anthony towns,2022,2.971,-1.335,-4.306,6
Kawhi Leonard,kawhi leonard,2025,5.695,4.894,-0.801,7
Kawhi Leonard,kawhi leonard,2024,7.191,1.746,-5.445,2
Kawhi Leonard,kawhi leonard,2023,6.461,8.933,2.472,2
Kawhi Leonard,kawhi leonard,2021,8.245,7.89,-0.355,11
Kawhi Leonard,kawhi leonard,2020,8.506,7.393,-1.113,13
Kawhi Leonard,kawhi leonard,2019,6.777,5.828,-0.949,24
Keaton Wallace,keaton wallace,2026,-4.013,-3.342,0.671,3
Keegan Murray,keegan murray,2023,-0.101,-0.089,0.012,7
Keita Bates-Diop,keita bates-diop,2020,-2.927,-7.488,-4.561,5
Kel'el Ware,kel'el ware,2025,-0.259,-7.595,-7.336,4
Keldon Johnson,keldon johnson,2026,1.628,-2.23,-3.858,23
Kelly Olynyk,kelly olynyk,2026,-2.878,5.93,8.808,9
Kelly Olynyk,kelly olynyk,2020,-0.606,0.301,0.907,17
Kelly Oubre Jr.,kelly oubre jr.,2026,-0.527,-2.881,-2.354,11
Kemba Walker,kemba walker,2021,1.308,-11.599,-12.907,3
Kemba Walker,kemba walker,2020,1.953,1.413,-0.54,17
Kendall Brown,kendall brown,2024,-7.135,-15.543,-8.408,7
Kendrick Nunn,kendrick nunn,2021,-0.66,-7.361,-6.701,4
Kendrick Nunn,kendrick nunn,2020,-1.81,-6.496,-4.686,15
Kenrich Williams,kenrich williams,2026,-0.432,-3.42,-2.988,11
Kenrich Williams,kenrich williams,2025,0.904,-2.118,-3.022,16
Kenrich Williams,kenrich williams,2024,-0.244,-5.807,-5.563,7
Kentavious Caldwell-Pope,kentavious caldwell-pope,2025,0.553,-2.778,-3.331,5
Kentavious Caldwell-Pope,kentavious caldwell-pope,2024,2.039,-0.41,-2.449,12
Kentavious Caldwell-Pope,kentavious caldwell-pope,2023,2.449,0.376,-2.073,20
Kentavious Caldwell-Pope,kentavious caldwell-pope,2021,0.966,-0.43,-1.396,5
Kentavious Caldwell-Pope,kentavious caldwell-pope,2020,0.114,0.06,-0.054,21
Keon Ellis,keon ellis,2026,1.749,-2.124,-3.873,12
Keshad Johnson,keshad johnson,2025,3.347,-11.977,-15.324,2
Kessler Edwards,kessler edwards,2023,-8.222,-6.473,1.749,6
Kessler Edwards,kessler edwards,2022,-3.021,-4.477,-1.456,2
Kevin Durant,kevin durant,2026,3.077,-4.131,-7.208,1
Kevin Durant,kevin durant,2024,3.131,-2.068,-5.199,4
Kevin Durant,kevin durant,2023,5.612,2.245,-3.367,11
Kevin Durant,kevin durant,2022,5.191,-5.383,-10.574,4
Kevin Durant,kevin durant,2021,6.109,6.207,0.098,12
Kevin Durant,kevin durant,2019,5.352,4.49,-0.862,12
Kevin Huerter,kevin huerter,2026,2.027,-2.204,-4.231,5
Kevin Huerter,kevin huerter,2023,2.176,-3.66,-5.836,7
Kevin Huerter,kevin huerter,2022,-0.04,-4.005,-3.965,5
Kevin Huerter,kevin huerter,2021,1.182,0.134,-1.048,18
Kevin Knox,kevin knox,2025,-0.358,-4.049,-3.691,5
Kevin Knox,kevin knox,2022,-4.629,42.493,47.122,2
Kevin Knox,kevin knox,2021,-2.956,15.983,18.939,1
Kevin Love,kevin love,2024,1.617,-7.731,-9.348,5
Kevin Porter Jr.,kevin porter jr.,2025,4.824,-2.158,-6.982,5
Kevon Looney,kevon looney,2025,0.492,-1.824,-2.316,12
Kevon Looney,kevon looney,2023,1.555,1.776,0.221,13
Kevon Looney,kevon looney,2022,-0.19,1.05,1.24,22
Kevon Looney,kevon looney,2019,0.733,1.618,0.885,21
Khaman Maluach,khaman maluach,2026,-3.764,-13.725,-9.961,4
Khem Birch,khem birch,2022,-2.723,-7.015,-4.292,6
Khem Birch,khem birch,2020,-3.855,-2.762,1.093,5
Khem Birch,khem birch,2019,0.375,-2.218,-2.593,5
Khris Middleton,khris middleton,2024,2.269,2.829,0.56,6
Khris Middleton,khris middleton,2023,2.202,1.519,-0.683,5
Khris Middleton,khris middleton,2022,2.66,-1.278,-3.938,2
Khris Middleton,khris middleton,2021,2.177,1.659,-0.518,23
Khris Middleton,khris middleton,2020,5.044,0.814,-4.23,10
Khris Middleton,khris middleton,2019,2.377,0.577,-1.8,15
Khyri Thomas,khyri thomas,2019,-3.764,10.182,13.946,3
Klay Thompson,klay thompson,2023,0.971,-2.089,-3.06,13
Klay Thompson,klay thompson,2022,1.072,0.444,-0.628,22
Klay Thompson,klay thompson,2019,2.465,1.793,-0.672,21
Kobe Brown,kobe brown,2025,-4.665,18.751,23.416,3
Kobe Brown,kobe brown,2024,-5.343,-7.231,-1.888,3
Kris Dunn,kris dunn,2025,1.554,-0.837,-2.391,7
Kris Dunn,kris dunn,2021,-13.63,-5.415,8.215,5
Kris Murray,kris murray,2026,-1.037,-13.507,-12.47,5
Kyle Anderson,kyle anderson,2026,1.528,-4.804,-6.332,8
Kyle Anderson,kyle anderson,2025,1.321,-19.929,-21.25,2
Kyle Anderson,kyle anderson,2024,0.78,-0.052,-0.832,15
Kyle Anderson,kyle anderson,2023,2.023,1.189,-0.834,4
Kyle Anderson,kyle anderson,2022,0.556,1.347,0.791,12
Kyle Anderson,kyle anderson,2021,2.456,2.538,0.082,5
Kyle Korver,kyle korver,2020,-0.18,-1.674,-1.494,10
Kyle Korver,kyle korver,2019,-0.004,-7.112,-7.108,4
Kyle Kuzma,kyle kuzma,2025,-6.58,-11.193,-4.613,5
Kyle Kuzma,kyle kuzma,2021,-1.435,-8.03,-6.595,6
Kyle Kuzma,kyle kuzma,2020,-1.332,-3.727,-2.395,21
Kyle Lowry,kyle lowry,2026,-10.756,-10.054,0.702,2
Kyle Lowry,kyle lowry,2024,-1.644,-0.166,1.478,6
Kyle Lowry,kyle lowry,2022,1.809,-2.641,-4.45,10
Kyle Lowry,kyle lowry,2020,2.31,2.02,-0.29,11
Kyle Lowry,kyle lowry,2019,3.486,2.382,-1.104,24
Kyle O'Quinn,kyle o'quinn,2020,-1.115,-25.049,-23.934,1
Kyle O'Quinn,kyle o'quinn,2019,-2.673,-36.271,-33.598,1
Kyrie Irving,kyrie irving,2024,5.603,2.84,-2.763,22
Kyrie Irving,kyrie irving,2022,3.92,1.04,-2.88,4
Kyrie Irving,kyrie irving,2021,4.519,4.179,-0.34,9
Kyrie Irving,kyrie irving,2019,5.037,0.307,-4.73,9
KZ Okpala,kz okpala,2021,-6.097,-14.768,-8.671,2
LaMarcus Aldridge,lamarcus aldridge,2019,0.395,0.614,0.219,7
Lamar Stevens,lamar stevens,2025,-1.274,-20.98,-19.706,2
Lamar Stevens,lamar stevens,2023,-2.288,4.848,7.136,2
Lance Thomas,lance thomas,2020,-8.538,-12.019,-3.481,3
Landry Shamet,landry shamet,2026,0.355,-1.505,-1.86,19
Landry Shamet,landry shamet,2025,-1.765,-3.983,-2.218,11
Landry Shamet,landry shamet,2023,-0.423,-5.948,-5.525,10
Landry Shamet,landry shamet,2022,-1.354,-3.831,-2.477,12
Landry Shamet,landry shamet,2021,-1.032,-1.738,-0.706,12
Landry Shamet,landry shamet,2020,-0.713,-3.409,-2.696,13
Landry Shamet,landry shamet,2019,1.092,-2.006,-3.098,6
Langston Galloway,langston galloway,2021,-1.357,-14.423,-13.066,2
Langston Galloway,langston galloway,2019,-0.225,-5.125,-4.9,4
Larry Nance Jr.,larry nance jr.,2026,-2.864,-20.764,-17.9,2
Larry Nance Jr.,larry nance jr.,2024,0.299,-3.199,-3.498,4
Larry Nance Jr.,larry nance jr.,2022,-1.213,2.776,3.989,6
LeBron James,lebron james,2026,2.865,1.708,-1.157,10
LeBron James,lebron james,2025,3.282,6.046,2.764,5
LeBron James,lebron james,2024,5.04,7.323,2.283,5
LeBron James,lebron james,2023,4.943,3.911,-1.032,16
LeBron James,lebron james,2021,4.751,3.134,-1.617,6
LeBron James,lebron james,2020,5.189,6.951,1.762,21
Leonard Miller,leonard miller,2025,1.024,10.318,9.294,3
Leonard Miller,leonard miller,2024,8.366,-6.712,-15.078,3
Lindy Waters III,lindy waters iii,2026,-3.955,3.709,7.664,9
Lindy Waters III,lindy waters iii,2024,-1.001,-11.737,-10.736,3
Lou Williams,lou williams,2021,-4.957,-1.722,3.235,18
Lou Williams,lou williams,2020,-0.182,-1.229,-1.047,13
Lou Williams,lou williams,2019,3.07,-0.097,-3.167,6
Luguentz Dort,luguentz dort,2026,-1.688,-4.326,-2.638,15
Luguentz Dort,luguentz dort,2025,1.537,-0.681,-2.218,23
Luguentz Dort,luguentz dort,2024,0.587,1.167,0.58,10
Luguentz Dort,luguentz dort,2020,-1.515,-5.901,-4.386,6
Luka Dončić,luka doncic,2025,4.486,1.347,-3.139,5
Luka Dončić,luka doncic,2024,6.48,3.8,-2.68,22
Luka Dončić,luka doncic,2022,3.454,4.132,0.678,15
Luka Dončić,luka doncic,2021,3.311,4.053,0.742,7
Luka Dončić,luka doncic,2020,4.42,0.707,-3.713,6
Luka Garza,luka garza,2026,1.253,1.433,0.18,7
Luka Garza,luka garza,2025,-1.387,8.147,9.534,5
Luke Kennard,luke kennard,2026,0.423,-0.247,-0.67,10
Luke Kennard,luke kennard,2025,1.309,-3.017,-4.326,4
Luke Kennard,luke kennard,2023,3.233,4.176,0.943,5
Luke Kennard,luke kennard,2021,-0.656,-1.816,-1.16,15
Luke Kennard,luke kennard,2019,-0.231,-1.81,-1.579,4
Luke Kornet,luke kornet,2026,1.254,-0.094,-1.348,23
Luke Kornet,luke kornet,2025,3.406,3.039,-0.367,11
Luke Kornet,luke kornet,2024,2.171,-2.96,-5.131,13
Luke Kornet,luke kornet,2022,1.438,-1.821,-3.259,9
Luke Kornet,luke kornet,2021,-4.564,1.306,5.87,2
Malachi Flynn,malachi flynn,2022,-2.1,-13.96,-11.86,6
Malcolm Brogdon,malcolm brogdon,2023,1.312,-2.009,-3.321,19
Malcolm Brogdon,malcolm brogdon,2020,0.248,-0.511,-0.759,4
Malcolm Brogdon,malcolm brogdon,2019,3.807,3.461,-0.346,7
Malcolm Miller,malcolm miller,2020,-1.961,-7.452,-5.491,1
Malcolm Miller,malcolm miller,2019,-1.629,-10.772,-9.143,10
Malik Beasley,malik beasley,2025,1.412,-2.592,-4.004,6
Malik Beasley,malik beasley,2024,0.237,-1.736,-1.973,6
Malik Beasley,malik beasley,2022,-0.565,-4.945,-4.38,6
Malik Beasley,malik beasley,2019,1.453,-1.25,-2.703,14
Malik Monk,malik monk,2023,0.655,2.778,2.123,7
Mamadi Diakite,mamadi diakite,2024,7.382,-6.844,-14.226,4
Mamadi Diakite,mamadi diakite,2021,-0.509,-3.859,-3.35,7
Marco Belinelli,marco belinelli,2019,-0.76,-2.832,-2.072,7
Marcus Morris,marcus morris,2024,-7.278,-3.306,3.972,9
Marcus Morris,marcus morris,2021,0.505,-2.346,-2.851,19
Marcus Morris,marcus morris,2020,-0.072,2.843,2.915,13
Marcus Morris,marcus morris,2019,-0.362,2.978,3.34,9
Marcus Sasser,marcus sasser,2026,-1.429,1.293,2.722,6
Marcus Smart,marcus smart,2026,0.459,1.304,0.845,10
Marcus Smart,marcus smart,2023,0.18,1.081,0.901,20
Marcus Smart,marcus smart,2022,2.517,-0.357,-2.874,21
Marcus Smart,marcus smart,2021,0.73,-2.468,-3.198,5
Marcus Smart,marcus smart,2020,2.938,1.562,-1.376,17
Marcus Smart,marcus smart,2019,3.136,-2.273,-5.409,2
Marc Gasol,marc gasol,2021,-0.902,3.087,3.989,5
Marc Gasol,marc gasol,2020,0.121,-4.215,-4.336,11
Marc Gasol,marc gasol,2019,1.473,0.618,-0.855,24
Mario Hezonja,mario hezonja,2020,-3.371,-2.045,1.326,5
MarJon Beauchamp,marjon beauchamp,2024,-2.953,-13.573,-10.62,4
MarJon Beauchamp,marjon beauchamp,2023,-4.302,7.921,12.223,2
Markelle Fultz,markelle fultz,2024,-1.118,-0.861,0.257,7
Markelle Fultz,markelle fultz,2020,-0.87,-5.646,-4.776,5
Markieff Morris,markieff morris,2024,-7.163,-15.447,-8.284,1
Markieff Morris,markieff morris,2022,-3.07,-37.756,-34.686,1
Markieff Morris,markieff morris,2021,-2.611,-8.97,-6.359,4
Markieff Morris,markieff morris,2020,-2.441,-2.359,0.082,21
Markieff Morris,markieff morris,2019,-2.812,-2.342,0.47,5
Marquese Chriss,marquese chriss,2022,-1.705,-2.445,-0.74,8
Marvin Bagley III,marvin bagley iii,2025,-1.179,4.901,6.08,2
Marvin Williams,marvin williams,2020,-0.1,0.957,1.057,10
Mason Plumlee,mason plumlee,2026,-0.598,-4.418,-3.82,6
Mason Plumlee,mason plumlee,2024,-2.821,-3.178,-0.357,6
Mason Plumlee,mason plumlee,2023,0.057,5.039,4.982,5
Mason Plumlee,mason plumlee,2020,-0.466,-2.038,-1.572,19
Mason Plumlee,mason plumlee,2019,0.302,-1.802,-2.104,14
Matisse Thybulle,matisse thybulle,2026,6.838,-4.549,-11.387,4
Matisse Thybulle,matisse thybulle,2022,2.495,-0.74,-3.235,9
Matisse Thybulle,matisse thybulle,2021,2.802,2.083,-0.719,12
Matisse Thybulle,matisse thybulle,2020,1.391,-4.809,-6.2,4
Matt Ryan,matt ryan,2024,-3.007,-4.6,-1.593,1
Matt Thomas,matt thomas,2021,-5.223,-16.785,-11.562,3
Matt Thomas,matt thomas,2020,0.09,2.198,2.108,10
Maurice Harkless,maurice harkless,2019,2.211,-0.757,-2.968,16
Maxi Kleber,maxi kleber,2026,-2.935,-5.348,-2.413,3
Maxi Kleber,maxi kleber,2025,-5.268,-18.804,-13.536,1
Maxi Kleber,maxi kleber,2024,-3.055,-4.945,-1.89,13
Maxi Kleber,maxi kleber,2022,-1.206,-0.985,0.221,18
Maxi Kleber,maxi kleber,2021,0.067,-4.113,-4.18,7
Maxi Kleber,maxi kleber,2020,0.004,-6.047,-6.051,6
Max Christie,max christie,2023,-4.335,-1.529,2.806,9
Max Strus,max strus,2026,-1.599,-1.201,0.398,18
Max Strus,max strus,2025,0.788,3.271,2.483,9
Max Strus,max strus,2024,0.891,-1.078,-1.969,12
Max Strus,max strus,2023,-1.997,-2.007,-0.01,23
Max Strus,max strus,2022,0.57,-0.219,-0.789,18
Max Strus,max strus,2021,-1.803,-15.397,-13.594,2
Meyers Leonard,meyers leonard,2023,-4.465,-16.737,-12.272,2
Meyers Leonard,meyers leonard,2020,-2.528,2.497,5.025,3
Meyers Leonard,meyers leonard,2019,-2.547,-0.106,2.441,11
Michael Carter-Williams,michael carter-williams,2019,2.747,-4.53,-7.277,5
Michael Kidd-Gilchrist,michael kidd-gilchrist,2020,-7.738,-7.268,0.47,6
Michael Porter Jr.,michael porter jr.,2025,1.027,-3.512,-4.539,14
Michael Porter Jr.,michael porter jr.,2024,1.834,0.662,-1.172,12
Michael Porter Jr.,michael porter jr.,2023,2.48,0.791,-1.689,20
Michael Porter Jr.,michael porter jr.,2021,3.556,-0.957,-4.513,10
Michael Porter Jr.,michael porter jr.,2020,1.148,1.076,-0.072,19
Mikal Bridges,mikal bridges,2026,2.966,4.496,1.53,19
Mikal Bridges,mikal bridges,2025,1.28,-0.537,-1.817,18
Mikal Bridges,mikal bridges,2023,1.937,-1.89,-3.827,4
Mikal Bridges,mikal bridges,2022,3.47,0.316,-3.154,13
Mikal Bridges,mikal bridges,2021,3.321,0.786,-2.535,22
Mike Conley,mike conley,2026,-2.428,3.172,5.6,12
Mike Conley,mike conley,2025,1.598,-2.098,-3.696,15
Mike Conley,mike conley,2024,2.463,1.735,-0.728,15
Mike Conley,mike conley,2023,0.701,-1.086,-1.787,5
Mike Conley,mike conley,2022,3.177,-4.554,-7.731,6
Mike Conley,mike conley,2021,5.407,0.953,-4.454,6
Mike Conley,mike conley,2020,-0.822,5.703,6.525,5
Mike James,mike james,2021,-3.566,-6.248,-2.682,9
Mike Muscala,mike muscala,2023,-2.504,-2.086,0.418,6
Mike Muscala,mike muscala,2020,-2.709,-4.259,-1.55,2
Mike Scott,mike scott,2021,-3.253,-5.064,-1.811,5
Mike Scott,mike scott,2020,-1.077,-4.234,-3.157,4
Mike Scott,mike scott,2019,-2.974,-3.189,-0.215,10
Miles McBride,miles mcbride,2026,2.143,-1.178,-3.321,19
Miles McBride,miles mcbride,2025,1.315,-2.272,-3.587,18
Miles McBride,miles mcbride,2024,-0.677,-3.55,-2.873,13
Miles McBride,miles mcbride,2023,-2.415,-7.027,-4.612,8
Mitchell Robinson,mitchell robinson,2026,3.589,0.409,-3.18,18
Mitchell Robinson,mitchell robinson,2025,2.636,1.176,-1.46,18
Mitchell Robinson,mitchell robinson,2023,2.305,0.498,-1.807,11
Miye Oni,miye oni,2021,-2.225,-8.76,-6.535,8
Miye Oni,miye oni,2020,-2.597,2.53,5.127,2
Mohamed Diawara,mohamed diawara,2026,-2.442,-8.742,-6.3,6
Monte Morris,monte morris,2024,1.651,-6.366,-8.017,9
Monte Morris,monte morris,2022,1.293,-0.99,-2.283,5
Monte Morris,monte morris,2021,-0.175,0.366,0.541,10
Monte Morris,monte morris,2020,-0.191,-1.405,-1.214,19
Monte Morris,monte morris,2019,2.024,-5.246,-7.27,14
Montrezl Harrell,montrezl harrell,2021,2.103,1.607,-0.496,4
Montrezl Harrell,montrezl harrell,2020,2.664,-2.446,-5.11,13
Montrezl Harrell,montrezl harrell,2019,2.353,0.93,-1.423,6
Moritz Wagner,moritz wagner,2026,-2.972,-10.753,-7.781,2
Moritz Wagner,moritz wagner,2024,1.094,-0.438,-1.532,7
Moses Moody,moses moody,2025,0.1,-2.373,-2.473,12
Moses Moody,moses moody,2023,-2.44,1.555,3.995,12
Moses Moody,moses moody,2022,-2.989,-0.671,2.318,13
Mouhamed Gueye,mouhamed gueye,2026,-0.226,-9.523,-9.297,6
Mo Bamba,mo bamba,2023,-6.168,-10.797,-4.629,3
Myles Turner,myles turner,2025,-0.475,-1.177,-0.702,23
Myles Turner,myles turner,2024,0.221,-1.01,-1.231,17
Myles Turner,myles turner,2020,-0.949,-2.417,-1.468,4
Myles Turner,myles turner,2019,0.308,-4.368,-4.676,4
Nae'Qwan Tomlin,nae'qwan tomlin,2026,-0.288,3.993,4.281,7
Naji Marshall,naji marshall,2024,1.276,-0.594,-1.87,4
Naji Marshall,naji marshall,2022,-1.628,-1.331,0.297,6
Nassir Little,nassir little,2024,-3.383,-3.749,-0.366,4
Nassir Little,nassir little,2021,-3.53,-13.917,-10.387,3
Nathan Knight,nathan knight,2023,-3.172,-29.614,-26.442,2
Nathan Knight,nathan knight,2021,-2.774,-11.333,-8.559,6
Naz Reid,naz reid,2026,-0.363,-1.149,-0.786,12
Naz Reid,naz reid,2025,0.601,-0.988,-1.589,15
Naz Reid,naz reid,2024,1.07,-1.345,-2.415,16
Naz Reid,naz reid,2022,-2.006,-5.87,-3.864,5
Neemias Queta,neemias queta,2026,3.922,1.114,-2.808,7
Neemias Queta,neemias queta,2025,-0.251,17.793,18.044,4
Neemias Queta,neemias queta,2024,4.093,-2.079,-6.172,3
Nemanja Bjelica,nemanja bjelica,2022,-1.319,-3.521,-2.202,15
Nemanja Bjelica,nemanja bjelica,2021,0.721,6.244,5.523,2
Nerlens Noel,nerlens noel,2021,0.645,-1.582,-2.227,5
Nerlens Noel,nerlens noel,2020,2.466,-1.908,-4.374,7
Nerlens Noel,nerlens noel,2019,0.779,-0.877,-1.656,5
Nickeil Alexander-Walker,nickeil alexander-walker,2026,2.466,-6.901,-9.367,6
Nickeil Alexander-Walker,nickeil alexander-walker,2025,0.107,-3.676,-3.783,15
Nickeil Alexander-Walker,nickeil alexander-walker,2024,0.869,-2.475,-3.344,16
Nickeil Alexander-Walker,nickeil alexander-walker,2023,0.166,-3.574,-3.74,5
Nickeil Alexander-Walker,nickeil alexander-walker,2022,-2.982,39.72,42.702,1
Nick Smith Jr.,nick smith jr.,2026,-3.654,2.188,5.842,6
Nicolas Batum,nicolas batum,2025,-0.332,0.079,0.411,7
Nicolas Batum,nicolas batum,2024,-0.711,-4.222,-3.511,6
Nicolas Batum,nicolas batum,2023,0.442,-4.135,-4.577,5
Nicolas Batum,nicolas batum,2021,2.323,2.885,0.562,19
Nic Claxton,nic claxton,2023,2.747,-0.522,-3.269,4
Nic Claxton,nic claxton,2022,-0.049,4.306,4.355,4
Nic Claxton,nic claxton,2021,1.787,-1.582,-3.369,12
Nigel Williams-Goss,nigel williams-goss,2020,-3.544,0.436,3.98,1
Nikola Jokić,nikola jokic,2026,9.496,1.285,-8.211,6
Nikola Jokić,nikola jokic,2025,9.69,4.444,-5.246,14
Nikola Jokić,nikola jokic,2024,8.9,6.483,-2.417,12
Nikola Jokić,nikola jokic,2023,9.06,6.745,-2.315,20
Nikola Jokić,nikola jokic,2022,8.526,4.471,-4.055,5
Nikola Jokić,nikola jokic,2021,7.402,2.74,-4.662,10
Nikola Jokić,nikola jokic,2020,3.871,3.167,-0.704,19
Nikola Jokić,nikola jokic,2019,4.426,7.268,2.842,14
Nik Stauskas,nik stauskas,2022,-7.305,-0.977,6.328,13
Noah Penda,noah penda,2026,-2.532,-6.762,-4.23,1
Noah Vonleh,noah vonleh,2020,-3.183,-20.739,-17.556,1
Norman Powell,norman powell,2025,3.027,-1.891,-4.918,7
Norman Powell,norman powell,2024,0.299,-3.62,-3.919,6
Norman Powell,norman powell,2023,0.682,0.547,-0.135,5
Norman Powell,norman powell,2021,0.915,-1.53,-2.445,6
Norman Powell,norman powell,2020,2.56,1.126,-1.434,11
Norman Powell,norman powell,2019,-0.206,0.681,0.887,23
Norvel Pelle,norvel pelle,2020,-7.083,5.726,12.809,1
Obi Toppin,obi toppin,2025,-0.147,-1.919,-1.772,23
Obi Toppin,obi toppin,2024,0.815,0.418,-0.397,17
Obi Toppin,obi toppin,2023,-0.439,1.154,1.593,11
Obi Toppin,obi toppin,2021,-0.783,-1.282,-0.499,5
OG Anunoby,og anunoby,2026,3.415,7.671,4.256,17
OG Anunoby,og anunoby,2025,1.719,0.567,-1.152,18
OG Anunoby,og anunoby,2024,0.687,1.258,0.571,9
OG Anunoby,og anunoby,2022,1.929,-1.766,-3.695,6
OG Anunoby,og anunoby,2020,2.002,0.137,-1.865,11
Olivier-Maxence Prosper,olivier-maxence prosper,2024,-4.453,-12.181,-7.728,3
Omer Yurtseven,omer yurtseven,2022,-1.316,2.58,3.896,9
Onyeka Okongwu,onyeka okongwu,2026,-0.165,-1.308,-1.143,6
Onyeka Okongwu,onyeka okongwu,2023,0.839,-4.186,-5.025,6
Onyeka Okongwu,onyeka okongwu,2022,0.962,-0.241,-1.203,5
Onyeka Okongwu,onyeka okongwu,2021,-1.58,-1.796,-0.216,18
Orlando Robinson,orlando robinson,2024,-3.189,-13.67,-10.481,1
Oshae Brissett,oshae brissett,2024,0.282,2.863,2.581,10
Oso Ighodaro,oso ighodaro,2026,1.25,-4.33,-5.58,4
Ousmane Dieng,ousmane dieng,2025,-3.029,-1.962,1.067,9
Ousmane Dieng,ousmane dieng,2024,-4.02,-8.059,-4.039,4
P.J. Tucker,p.j. tucker,2025,-5.158,-9.746,-4.588,1
P.J. Tucker,p.j. tucker,2024,-4.757,-6.683,-1.926,2
P.J. Tucker,p.j. tucker,2023,-3.262,-0.421,2.841,11
P.J. Tucker,p.j. tucker,2022,0.239,1.428,1.189,18
P.J. Tucker,p.j. tucker,2021,-4.051,-0.719,3.332,23
P.J. Tucker,p.j. tucker,2020,-0.997,-0.878,0.119,12
P.J. Tucker,p.j. tucker,2019,0.566,3.601,3.035,11
P.J. Washington,p.j. washington,2024,0.212,-0.668,-0.88,22
Paolo Banchero,paolo banchero,2026,0.631,1.41,0.779,7
Paolo Banchero,paolo banchero,2025,1.022,-0.385,-1.407,5
Paolo Banchero,paolo banchero,2024,0.34,1.672,1.332,7
Pascal Siakam,pascal siakam,2025,2.722,4.035,1.313,23
Pascal Siakam,pascal siakam,2024,1.31,3.043,1.733,17
Pascal Siakam,pascal siakam,2022,2.632,0.803,-1.829,6
Pascal Siakam,pascal siakam,2020,2.54,-0.78,-3.32,11
Pascal Siakam,pascal siakam,2019,4.001,1.31,-2.691,24
Patrick Baldwin Jr.,patrick baldwin jr.,2023,-3.46,-13.377,-9.917,3
Patrick Beverley,patrick beverley,2024,-2.605,-1.183,1.422,6
Patrick Beverley,patrick beverley,2022,1.443,-1.857,-3.3,6
Patrick Beverley,patrick beverley,2021,-0.412,-2.082,-1.67,17
Patrick Beverley,patrick beverley,2020,1.758,0.838,-0.92,8
Patrick Beverley,patrick beverley,2019,0.477,-2.624,-3.101,6
Patrick McCaw,patrick mccaw,2019,-7.719,-2.562,5.157,11
Patrick Patterson,patrick patterson,2020,-1.46,23.759,25.219,2
Patrick Williams,patrick williams,2022,-2.678,-3.54,-0.862,5
Patty Mills,patty mills,2025,0.247,-13.803,-14.05,1
Patty Mills,patty mills,2024,-6.121,-7.127,-1.006,3
Patty Mills,patty mills,2023,-5.12,-25.097,-19.977,1
Patty Mills,patty mills,2022,-0.432,-3.642,-3.21,4
Patty Mills,patty mills,2019,-0.309,-2.075,-1.766,7
Pat Connaughton,pat connaughton,2025,-2.091,-16.152,-14.061,3
Pat Connaughton,pat connaughton,2024,-1.729,1.282,3.011,6
Pat Connaughton,pat connaughton,2023,-0.229,4.902,5.131,4
Pat Connaughton,pat connaughton,2022,0.754,0.169,-0.585,12
Pat Connaughton,pat connaughton,2021,0.755,0.721,-0.034,23
Pat Connaughton,pat connaughton,2020,-0.332,-2.585,-2.253,10
Pat Connaughton,pat connaughton,2019,1.292,2.631,1.339,15
Pat Spencer,pat spencer,2025,-2.654,0.264,2.918,8
Paul George,paul george,2026,2.837,-0.961,-3.798,11
Paul George,paul george,2024,4.366,1.044,-3.322,6
Paul George,paul george,2021,4.1,0.935,-3.165,19
Paul George,paul george,2020,5.064,0.596,-4.468,13
Paul George,paul george,2019,6.68,1.602,-5.078,5
Paul Millsap,paul millsap,2022,-6.033,-5.327,0.706,1
Paul Millsap,paul millsap,2021,1.662,-0.88,-2.542,9
Paul Millsap,paul millsap,2020,2.027,-3.091,-5.118,19
Paul Millsap,paul millsap,2019,3.861,0.184,-3.677,14
Paul Reed,paul reed,2026,5.186,5.711,0.525,9
Paul Reed,paul reed,2025,3.6,2.705,-0.895,5
Paul Reed,paul reed,2024,0.379,-6.663,-7.042,6
Paul Reed,paul reed,2023,0.419,1.049,0.63,11
Paul Reed,paul reed,2022,4.295,1.892,-2.403,12
Paul Reed,paul reed,2021,2.762,1.883,-0.879,3
Paul Watson,paul watson,2020,2.439,4.682,2.243,2
Payton Pritchard,payton pritchard,2026,1.803,3.114,1.311,7
Payton Pritchard,payton pritchard,2025,2.962,0.856,-2.106,11
Payton Pritchard,payton pritchard,2024,1.215,-3.655,-4.87,19
Payton Pritchard,payton pritchard,2023,-4.317,-0.599,3.718,10
Payton Pritchard,payton pritchard,2022,-0.183,-0.772,-0.589,24
Payton Pritchard,payton pritchard,2021,0.073,-2.246,-2.319,5
Pelle Larsson,pelle larsson,2025,-1.06,-6.483,-5.423,4
Peyton Watson,peyton watson,2025,-1.517,-3.552,-2.035,14
Peyton Watson,peyton watson,2024,-1.646,-8.97,-7.324,10
Peyton Watson,peyton watson,2023,-4.324,-6.771,-2.447,5
PJ Dozier,pj dozier,2023,-5.052,12.774,17.826,3
PJ Dozier,pj dozier,2020,-2.352,-4.913,-2.561,12
Precious Achiuwa,precious achiuwa,2025,-2.488,-5.608,-3.12,8
Precious Achiuwa,precious achiuwa,2024,-3.346,-2.609,0.737,9
Precious Achiuwa,precious achiuwa,2022,-3.523,-6.398,-2.875,6
Precious Achiuwa,precious achiuwa,2021,-2.921,-14.494,-11.573,3
Quentin Grimes,quentin grimes,2026,-0.609,-3.727,-3.118,11
Quentin Grimes,quentin grimes,2023,0.873,-1.855,-2.728,9
Quinn Cook,quinn cook,2020,-4.138,-3.055,1.083,6
Quinn Cook,quinn cook,2019,-3.866,-7.048,-3.182,17
Quinten Post,quinten post,2025,-0.893,-5.507,-4.614,12
Rajon Rondo,rajon rondo,2021,1.529,-4.914,-6.443,13
Rajon Rondo,rajon rondo,2020,-1.53,1.617,3.147,16
Rasheer Fleming,rasheer fleming,2026,-1.923,6.358,8.281,4
Raul Neto,raul neto,2021,0.061,-7.077,-7.138,5
Raul Neto,raul neto,2020,-2.243,-5.602,-3.359,2
Raul Neto,raul neto,2019,0.547,-14.743,-15.29,3
Rayjon Tucker,rayjon tucker,2022,2.212,-7.34,-9.552,8
Rayjon Tucker,rayjon tucker,2021,-2.746,-9.223,-6.477,1
Rayjon Tucker,rayjon tucker,2020,-4.698,-12.571,-7.873,2
Reed Sheppard,reed sheppard,2026,2.91,-2.147,-5.057,6
Reed Sheppard,reed sheppard,2025,-3.097,-0.448,2.649,3
Reggie Bullock,reggie bullock,2022,0.174,-0.622,-0.796,18
Reggie Bullock,reggie bullock,2021,0.432,-3.464,-3.896,5
Reggie Jackson,reggie jackson,2024,-3.314,-9.024,-5.71,12
Reggie Jackson,reggie jackson,2023,-5.712,-2.676,3.036,6
Reggie Jackson,reggie jackson,2021,1.649,3.921,2.272,19
Reggie Jackson,reggie jackson,2020,-1.273,-3.298,-2.025,12
Reggie Jackson,reggie jackson,2019,-0.141,-1.41,-1.269,4
Reggie Perry,reggie perry,2021,-4.41,0.964,5.374,5
Ricky Rubio,ricky rubio,2023,-1.983,-15.127,-13.144,3
Ricky Rubio,ricky rubio,2019,0.877,2.791,1.914,5
RJ Barrett,rj barrett,2026,1.083,0.465,-0.618,7
RJ Barrett,rj barrett,2023,-2.158,-0.823,1.335,11
RJ Barrett,rj barrett,2021,0.674,1.917,1.243,5
Robert Covington,robert covington,2023,1.13,-11.826,-12.956,2
Robert Covington,robert covington,2021,1.215,0.476,-0.739,6
Robert Covington,robert covington,2020,0.434,3.783,3.349,12
Robin Lopez,robin lopez,2023,-6.767,11.714,18.481,2
Robin Lopez,robin lopez,2021,-2.081,-3.288,-1.207,5
Robin Lopez,robin lopez,2020,-4.307,-4.466,-0.159,3
Rob Dillingham,rob dillingham,2025,-4.124,1.503,5.627,3
Rodions Kurucs,rodions kurucs,2020,-2.277,-7.042,-4.765,4
Rodions Kurucs,rodions kurucs,2019,-1.409,-3.308,-1.899,4
Rodney Hood,rodney hood,2019,0.285,0.877,0.592,16
Rodney McGruder,rodney mcgruder,2020,-2.302,5.786,8.088,5
Romeo Langford,romeo langford,2021,-5.49,-0.005,5.485,4
Romeo Langford,romeo langford,2020,-3.653,-6.06,-2.407,7
Rondae Hollis-Jefferson,rondae hollis-jefferson,2021,-0.757,-1.768,-1.011,5
Rondae Hollis-Jefferson,rondae hollis-jefferson,2020,0.542,2.55,2.008,5
Rondae Hollis-Jefferson,rondae hollis-jefferson,2019,-0.981,2.638,3.619,4
Royce O'Neale,royce o'neale,2026,-0.964,-0.604,0.36,4
Royce O'Neale,royce o'neale,2024,2.083,-7.107,-9.19,4
Royce O'Neale,royce o'neale,2022,1.14,-3.433,-4.573,6
Royce O'Neale,royce o'neale,2021,0.949,0.64,-0.309,11
Royce O'Neale,royce o'neale,2020,0.978,-3.415,-4.393,7
Royce O'Neale,royce o'neale,2019,-0.609,-5.297,-4.688,5
Rudy Gay,rudy gay,2019,1.731,-2.86,-4.591,7
Rudy Gobert,rudy gobert,2026,0.794,-0.792,-1.586,12
Rudy Gobert,rudy gobert,2025,1.971,0.349,-1.622,15
Rudy Gobert,rudy gobert,2024,2.039,0.895,-1.144,15
Rudy Gobert,rudy gobert,2023,0.106,-1.358,-1.464,5
Rudy Gobert,rudy gobert,2022,3.974,0.908,-3.066,6
Rudy Gobert,rudy gobert,2021,5.23,2.243,-2.987,11
Rudy Gobert,rudy gobert,2020,3.451,1.524,-1.927,7
Rudy Gobert,rudy gobert,2019,3.842,-0.284,-4.126,5
Rui Hachimura,rui hachimura,2026,-1.234,1.047,2.281,10
Rui Hachimura,rui hachimura,2025,0.35,-2.605,-2.955,5
Rui Hachimura,rui hachimura,2024,0.457,-6.35,-6.807,5
Rui Hachimura,rui hachimura,2023,-2.355,0.731,3.086,16
Rui Hachimura,rui hachimura,2021,-1.252,-1.323,-0.071,5
Russell Westbrook,russell westbrook,2025,-2.137,-6.723,-4.586,13
Russell Westbrook,russell westbrook,2024,-0.496,-6.741,-6.245,6
Russell Westbrook,russell westbrook,2023,0.453,-1.329,-1.782,5
Russell Westbrook,russell westbrook,2021,0.806,-3.725,-4.531,5
Russell Westbrook,russell westbrook,2020,0.681,-4.669,-5.35,8
Russell Westbrook,russell westbrook,2019,3.111,-2.315,-5.426,5
Ryan Dunn,ryan dunn,2026,-0.476,-16.591,-16.115,4
Ryan Rollins,ryan rollins,2025,0.306,-6.667,-6.973,3
Saddiq Bey,saddiq bey,2023,0.033,-3.461,-3.494,6
Sam Hauser,sam hauser,2026,0.919,-1.982,-2.901,7
Sam Hauser,sam hauser,2025,1.248,-3.43,-4.678,8
Sam Hauser,sam hauser,2024,2.402,1.015,-1.387,19
Sam Hauser,sam hauser,2023,0.94,-2.788,-3.728,15
Sam Hauser,sam hauser,2022,0.019,-3.024,-3.043,7
Sam Merrill,sam merrill,2026,1.487,-1.44,-2.927,17
Sam Merrill,sam merrill,2025,0.785,0.634,-0.151,8
Sam Merrill,sam merrill,2024,-0.513,-4.635,-4.122,10
Sam Merrill,sam merrill,2021,-1.722,3.138,4.86,8
Sandro Mamukelashvili,sandro mamukelashvili,2026,1.782,-2.452,-4.234,7
Santi Aldama,santi aldama,2025,1.941,-3.303,-5.244,4
Santi Aldama,santi aldama,2023,0.315,0.227,-0.088,6
Scoot Henderson,scoot henderson,2026,-1.451,-2.79,-1.339,5
Scottie Barnes,scottie barnes,2026,3.606,3.189,-0.417,7
Scottie Barnes,scottie barnes,2022,0.371,-0.206,-0.577,4
Scotty Pippen Jr.,scotty pippen jr.,2025,1.661,-4.883,-6.544,4
Semi Ojeleye,semi ojeleye,2021,-2.711,-10.73,-8.019,2
Semi Ojeleye,semi ojeleye,2020,-3.107,-6.513,-3.406,13
Semi Ojeleye,semi ojeleye,2019,-3.008,-3.03,-0.022,6
Serge Ibaka,serge ibaka,2022,-3.687,-18.385,-14.698,6
Serge Ibaka,serge ibaka,2021,-0.152,6.567,6.719,2
Serge Ibaka,serge ibaka,2020,-1.102,4.54,5.642,11
Serge Ibaka,serge ibaka,2019,-0.684,-1.114,-0.43,24
Seth Curry,seth curry,2022,0.526,0.339,-0.187,4
Seth Curry,seth curry,2021,1.607,5.832,4.225,12
Seth Curry,seth curry,2020,1.859,0.283,-1.576,6
Seth Curry,seth curry,2019,-0.198,0.233,0.431,16
Shabazz Napier,shabazz napier,2019,0.499,18.251,17.752,3
Shaedon Sharpe,shaedon sharpe,2026,0.061,-1.232,-1.293,5
Shai Gilgeous-Alexander,shai gilgeous-alexander,2026,9.654,3.312,-6.342,15
Shai Gilgeous-Alexander,shai gilgeous-alexander,2025,9.431,4.867,-4.564,23
Shai Gilgeous-Alexander,shai gilgeous-alexander,2024,8.791,5.332,-3.459,10
Shai Gilgeous-Alexander,shai gilgeous-alexander,2020,2.555,1.256,-1.299,7
Shai Gilgeous-Alexander,shai gilgeous-alexander,2019,-0.657,-1.431,-0.774,6
Shake Milton,shake milton,2025,-4.084,-18.897,-14.813,2
Shake Milton,shake milton,2024,1.544,-6.343,-7.887,4
Shake Milton,shake milton,2022,-1.515,2.014,3.529,12
Shake Milton,shake milton,2021,0.051,-7.025,-7.076,12
Shake Milton,shake milton,2020,0.036,-0.836,-0.872,4
Shaquille Harrison,shaquille harrison,2023,6.571,8.15,1.579,8
Shaquille Harrison,shaquille harrison,2021,-7.115,0.229,7.344,9
Shaun Livingston,shaun livingston,2019,-2.108,-3.856,-1.748,22
Sidy Cissoko,sidy cissoko,2026,-3.083,8.171,11.254,4
Sindarius Thornwell,sindarius thornwell,2019,-3.403,-1.11,2.293,4
Skylar Mays,skylar mays,2022,-3.038,9.381,12.419,2
Skylar Mays,skylar mays,2021,2.542,9.267,6.725,7
Solomon Hill,solomon hill,2021,-2.525,-8.319,-5.794,14
Solomon Hill,solomon hill,2020,-2.409,-0.559,1.85,7
Spencer Dinwiddie,spencer dinwiddie,2024,-3.381,-5.04,-1.659,5
Spencer Dinwiddie,spencer dinwiddie,2023,0.764,-1.869,-2.633,4
Spencer Dinwiddie,spencer dinwiddie,2022,2.651,-1.023,-3.674,18
Spencer Dinwiddie,spencer dinwiddie,2019,-0.372,-4.526,-4.154,5
Spencer Jones,spencer jones,2026,-1.841,-0.338,1.503,6
Stanley Johnson,stanley johnson,2020,-3.955,2.53,6.485,3
Stephen Curry,stephen curry,2025,3.355,1.764,-1.591,8
Stephen Curry,stephen curry,2023,4.355,2.753,-1.602,13
Stephen Curry,stephen curry,2022,4.368,4.242,-0.126,22
Stephen Curry,stephen curry,2019,6.198,3.486,-2.712,22
Stephon Castle,stephon castle,2026,1.793,0.499,-1.294,23
Sterling Brown,sterling brown,2022,-2.68,5.106,7.786,9
Sterling Brown,sterling brown,2020,-1.552,-14.823,-13.271,1
Sterling Brown,sterling brown,2019,-1.31,1.672,2.982,11
Steven Adams,steven adams,2025,-0.844,0.147,0.991,7
Steven Adams,steven adams,2022,0.483,-2.764,-3.247,7
Steven Adams,steven adams,2020,2.055,-1.507,-3.562,7
Steven Adams,steven adams,2019,1.517,-0.529,-2.046,5
Svi Mykhailiuk,svi mykhailiuk,2024,0.878,-9.884,-10.762,8
Svi Mykhailiuk,svi mykhailiuk,2022,-3.453,-19.65,-16.197,3
T.J. McConnell,t.j. mcconnell,2025,0.997,-0.266,-1.263,23
T.J. McConnell,t.j. mcconnell,2024,3.124,1.367,-1.757,17
T.J. McConnell,t.j. mcconnell,2020,0.815,-10.338,-11.153,3
T.J. McConnell,t.j. mcconnell,2019,-0.211,-3.344,-3.133,9
T.J. Warren,t.j. warren,2024,-1.294,-7.074,-5.78,3
T.J. Warren,t.j. warren,2023,-0.015,-6.146,-6.131,6
T.J. Warren,t.j. warren,2020,2.825,-0.239,-3.064,4
Taj Gibson,taj gibson,2021,1.704,2.391,0.687,5
Talen Horton-Tucker,talen horton-tucker,2021,0.846,-2.755,-3.601,4
Talen Horton-Tucker,talen horton-tucker,2020,1.868,10.508,8.64,2
Tari Eason,tari eason,2026,0.679,4.87,4.191,6
Tari Eason,tari eason,2025,4.161,-0.744,-4.905,7
Taurean Prince,taurean prince,2025,-0.8,-9.226,-8.426,5
Taurean Prince,taurean prince,2024,-3.052,-3.579,-0.527,5
Taurean Prince,taurean prince,2023,-2.266,-5.993,-3.727,5
Taurean Prince,taurean prince,2022,-1.073,-4.829,-3.756,5
Terance Mann,terance mann,2024,-1.014,-3.13,-2.116,6
Terance Mann,terance mann,2023,0.137,0.094,-0.043,5
Terance Mann,terance mann,2021,0.28,2.738,2.458,19
Terance Mann,terance mann,2020,-1.152,-7.281,-6.129,13
Terence Davis,terence davis,2023,0.129,-1.798,-1.927,4
Terence Davis,terence davis,2020,0.684,0.316,-0.368,6
Terrance Ferguson,terrance ferguson,2020,-4.746,-8.399,-3.653,4
Terrance Ferguson,terrance ferguson,2019,-1.589,-4.394,-2.805,5
Terrence Ross,terrence ross,2023,0.495,-8.512,-9.007,6
Terrence Ross,terrence ross,2020,0.185,0.57,0.385,5
Terrence Ross,terrence ross,2019,1.504,0.075,-1.429,5
Terrence Shannon Jr.,terrence shannon jr.,2026,-3.283,-2.629,0.654,9
Terrence Shannon Jr.,terrence shannon jr.,2025,-2.06,5.108,7.168,9
Terry Rozier,terry rozier,2019,-1.315,-3.444,-2.129,9
Thabo Sefolosha,thabo sefolosha,2019,2.532,-14.947,-17.479,4
Thaddeus Young,thaddeus young,2024,1.002,-12.255,-13.257,1
Thaddeus Young,thaddeus young,2022,1.334,0.181,-1.153,6
Thaddeus Young,thaddeus young,2019,2.559,4.741,2.182,4
Thanasis Antetokounmpo,thanasis antetokounmpo,2024,-6.635,11.497,18.132,2
Thanasis Antetokounmpo,thanasis antetokounmpo,2023,-7.828,-10.406,-2.578,2
Thanasis Antetokounmpo,thanasis antetokounmpo,2022,-3.079,0.283,3.362,8
Thanasis Antetokounmpo,thanasis antetokounmpo,2021,-3.115,0.855,3.97,13
Theo Pinson,theo pinson,2019,-3.294,5.799,9.093,3
Thomas Bryant,thomas bryant,2026,-0.889,-7.223,-6.334,9
Thomas Bryant,thomas bryant,2025,-1.93,-4.581,-2.651,20
Thomas Bryant,thomas bryant,2024,-0.896,-3.494,-2.598,2
Thon Maker,thon maker,2019,-2.41,-11.974,-9.564,4
Tim Frazier,tim frazier,2019,-3.245,3.308,6.553,11
Tobias Harris,tobias harris,2026,2.152,1.414,-0.738,14
Tobias Harris,tobias harris,2025,0.949,0.33,-0.619,6
Tobias Harris,tobias harris,2024,1.783,-3.279,-5.062,6
Tobias Harris,tobias harris,2023,1.674,0.97,-0.704,11
Tobias Harris,tobias harris,2022,0.252,1.802,1.55,12
Tobias Harris,tobias harris,2021,3.43,1.718,-1.712,12
Tobias Harris,tobias harris,2020,1.49,-1.553,-3.043,4
Tobias Harris,tobias harris,2019,0.088,2.143,2.055,12
Tony Bradley,tony bradley,2026,-8.071,0.085,8.156,4
Tony Bradley,tony bradley,2025,1.477,-6.041,-7.518,11
Tony Bradley,tony bradley,2022,-2.756,19.842,22.598,2
Tony Bradley,tony bradley,2020,0.493,-4.283,-4.776,6
Tony Snell,tony snell,2021,-0.983,-11.673,-10.69,9
Tony Snell,tony snell,2019,-0.862,-6.453,-5.591,9
Torrey Craig,torrey craig,2025,1.205,4.679,3.474,5
Torrey Craig,torrey craig,2022,-2.791,-3.754,-0.963,9
Torrey Craig,torrey craig,2021,0.482,-4.211,-4.693,22
Torrey Craig,torrey craig,2020,-2.919,-4.223,-1.304,19
Torrey Craig,torrey craig,2019,-1.184,-1.154,0.03,14
Toumani Camara,toumani camara,2026,0.252,-4.896,-5.148,5
Trae Young,trae young,2023,1.442,0.124,-1.318,6
Trae Young,trae young,2022,3.305,-9.885,-13.19,5
Trae Young,trae young,2021,2.418,1.472,-0.946,16
Trayce Jackson-Davis,trayce jackson-davis,2026,-2.113,-18.211,-16.098,3
Trayce Jackson-Davis,trayce jackson-davis,2025,-1.242,2.855,4.097,9
Tremont Waters,tremont waters,2021,-0.702,-10.376,-9.674,3
Tremont Waters,tremont waters,2020,-5.424,-10.945,-5.521,1
Trendon Watford,trendon watford,2026,-3.528,2.243,5.771,7
Trent Forrest,trent forrest,2021,-3.812,-9.167,-5.355,4
Treveon Graham,treveon graham,2019,-1.903,-4.507,-2.604,5
Trevor Ariza,trevor ariza,2021,0.542,-6.851,-7.393,4
Trey Burke,trey burke,2022,-4.5,3.122,7.622,10
Trey Burke,trey burke,2021,-1.616,-22.134,-20.518,2
Trey Burke,trey burke,2020,1.24,-0.434,-1.674,6
Trey Lyles,trey lyles,2019,-2.117,-13.122,-11.005,3
Trey Murphy III,trey murphy iii,2024,3.514,-2.897,-6.411,4
Trey Murphy III,trey murphy iii,2022,-0.846,-0.444,0.402,6
Tristan Da Silva,tristan da silva,2026,-0.128,-6.73,-6.602,7
Tristan Da Silva,tristan da silva,2025,-2.416,-28.192,-25.776,2
Tristan Thompson,tristan thompson,2025,-8.353,-1.789,6.564,3
Tristan Thompson,tristan thompson,2024,-3.481,-5.235,-1.754,10
Tristan Thompson,tristan thompson,2022,-7.164,-12.867,-5.703,5
Tristan Thompson,tristan thompson,2021,-2.463,-1.281,1.182,5
Troy Daniels,troy daniels,2020,-4.59,0.384,4.974,6
Tyler Cook,tyler cook,2020,0.475,-5.438,-5.913,1
Tyler Herro,tyler herro,2025,2.747,-8.614,-11.361,4
Tyler Herro,tyler herro,2024,0.461,-4.512,-4.973,5
Tyler Herro,tyler herro,2023,0.979,1.604,0.625,1
Tyler Herro,tyler herro,2022,1.331,-2.939,-4.27,15
Tyler Herro,tyler herro,2021,-0.857,-4.638,-3.781,4
Tyler Herro,tyler herro,2020,-1.682,-1.965,-0.283,21
Tyler Johnson,tyler johnson,2021,-1.852,-2.238,-0.386,8
Tyler Johnson,tyler johnson,2020,1.772,-4.761,-6.533,4
Tyler Kolek,tyler kolek,2026,-1.562,-1.712,-0.15,8
Tyler Kolek,tyler kolek,2025,-3.353,15.674,19.027,3
Tyrese Haliburton,tyrese haliburton,2025,4.942,3.641,-1.301,23
Tyrese Haliburton,tyrese haliburton,2024,5.241,4.559,-0.682,15
Tyrese Maxey,tyrese maxey,2026,3.856,0.005,-3.851,11
Tyrese Maxey,tyrese maxey,2024,2.641,1.361,-1.28,6
Tyrese Maxey,tyrese maxey,2023,2.471,2.175,-0.296,11
Tyrese Maxey,tyrese maxey,2022,0.858,0.175,-0.683,12
Tyrese Maxey,tyrese maxey,2021,-0.808,-1.293,-0.485,12
Tyrese Proctor,tyrese proctor,2026,-2.702,-15.424,-12.722,4
Tyrone Wallace,tyrone wallace,2019,-4.486,-11.652,-7.166,2
Tyus Jones,tyus jones,2026,-7.957,1.028,8.985,3
Tyus Jones,tyus jones,2023,1.134,-2.268,-3.402,6
Tyus Jones,tyus jones,2022,2.488,0.942,-1.546,12
Tyus Jones,tyus jones,2021,-0.326,-5.28,-4.954,5
Ty Jerome,ty jerome,2025,5.304,1.32,-3.984,9
Udoka Azubuike,udoka azubuike,2021,-7.131,-5.017,2.114,1
Udonis Haslem,udonis haslem,2023,-8.674,-41.037,-32.363,2
Victor Oladipo,victor oladipo,2022,1.061,-0.133,-1.194,15
Victor Oladipo,victor oladipo,2020,-2.015,-1.159,0.856,4
Victor Wembanyama,victor wembanyama,2026,8.161,5.14,-3.021,22
Vincent Poirier,vincent poirier,2020,-4.846,46.605,51.451,1
Vince Williams Jr.,vince williams jr.,2025,-3.123,2.77,5.893,3
VJ Edgecombe,vj edgecombe,2026,0.951,-0.915,-1.866,11
Wayne Ellington,wayne ellington,2019,2.222,-6.384,-8.606,4
Wendell Carter Jr.,wendell carter jr.,2026,-0.487,-1.151,-0.664,7
Wendell Carter Jr.,wendell carter jr.,2025,-1.05,-3.846,-2.796,5
Wendell Carter Jr.,wendell carter jr.,2024,-0.362,-0.889,-0.527,7
Wenyen Gabriel,wenyen gabriel,2023,-1.918,-4.082,-2.164,10
Wenyen Gabriel,wenyen gabriel,2020,-5.828,-0.672,5.156,4
Wesley Matthews,wesley matthews,2023,-1.928,-0.102,1.826,2
Wesley Matthews,wesley matthews,2022,-1.687,0.386,2.073,12
Wesley Matthews,wesley matthews,2021,-1.139,-3.396,-2.257,6
Wesley Matthews,wesley matthews,2020,0.655,-0.304,-0.959,10
Wesley Matthews,wesley matthews,2019,-5.982,-3.809,2.173,4
Wes Iwundu,wes iwundu,2020,-1.523,-3.487,-1.964,5
Wes Iwundu,wes iwundu,2019,-2.345,-0.495,1.85,5
Willie Cauley-Stein,willie cauley-stein,2021,-0.401,-3.739,-3.338,6
Will Barton,will barton,2022,0.351,-4.025,-4.376,5
Will Barton,will barton,2021,-0.374,-1.289,-0.915,3
Will Barton,will barton,2019,-2.446,-6.787,-4.341,14
Wilson Chandler,wilson chandler,2019,-5.641,-9.1,-3.459,4
Yang Hansen,yang hansen,2026,-11.895,-22.978,-11.083,4
Yogi Ferrell,yogi ferrell,2021,0.699,-6.299,-6.998,9
Yuta Watanabe,yuta watanabe,2022,-3.007,-21.238,-18.231,4
Zaccharie Risacher,zaccharie risacher,2026,-1.741,-7.127,-5.386,3
Zach Collins,zach collins,2019,-3.384,-2.241,1.143,16
Zach Edey,zach edey,2025,0.098,-3.652,-3.75,4
Zach LaVine,zach lavine,2022,1.749,-1.697,-3.446,4
Zeke Nnaji,zeke nnaji,2026,-4.216,7.698,11.914,2
Zeke Nnaji,zeke nnaji,2025,-2.195,-9.46,-7.265,6
Zeke Nnaji,zeke nnaji,2024,-4.923,-9.138,-4.215,3
Zeke Nnaji,zeke nnaji,2023,-3.344,-1.16,2.184,5
Zeke Nnaji,zeke nnaji,2022,-2.038,-2.352,-0.314,2
Zeke Nnaji,zeke nnaji,2021,-3.344,7.75,11.094,5
Zhaire Smith,zhaire smith,2019,-2.231,11.349,13.58,2
Ziaire Williams,ziaire williams,2023,-4.915,-15.271,-10.356,4
Ziaire Williams,ziaire williams,2022,-1.623,-2.452,-0.829,10
