player_name,player_name_norm,season,po_bpm,po_games,po_minutes,rs_bpm,playoff_bpm_diff
Jayson Tatum,jayson tatum,2022,4.5,24,983,5.0,-0.5
Khris Middleton,khris middleton,2021,2.6,23,922,1.3,1.3
Jaylen Brown,jaylen brown,2022,2.6,24,920,2.1,0.5
Jrue Holiday,jrue holiday,2021,2.4,23,912,3.4,-1.0
Luka Dončić,luka doncic,2024,7.6,22,900,9.9,-2.3
Devin Booker,devin booker,2021,-0.4,22,889,0.3,-0.7
Kyrie Irving,kyrie irving,2024,2.4,22,879,4.9,-2.5
Jimmy Butler,jimmy butler,2023,6.6,22,874,8.7,-2.1
Shai Gilgeous-Alexander,shai gilgeous-alexander,2025,8.3,23,851,11.5,-3.2
Bam Adebayo,bam adebayo,2023,-0.7,23,850,1.5,-2.2
Al Horford,al horford,2022,6.0,23,815,4.3,1.7
Jimmy Butler,jimmy butler,2020,5.9,21,806,5.4,0.5
Devin Vassell,devin vassell,2026,3.4,23,801,0.5,2.9
Deandre Ayton,deandre ayton,2021,3.0,22,801,1.2,1.8
Giannis Antetokounmpo,giannis antetokounmpo,2021,9.9,21,800,9.0,0.9
Jayson Tatum,jayson tatum,2023,5.3,20,799,5.5,-0.2
Jamal Murray,jamal murray,2023,4.8,20,799,1.3,3.5
Jalen Williams,jalen williams,2025,4.2,23,796,4.0,0.2
Klay Thompson,klay thompson,2022,0.7,22,792,1.1,-0.4
Nikola Jokić,nikola jokic,2023,12.8,20,789,13.0,-0.2
P.J. Washington,p.j. washington,2024,0.1,22,785,-2.8,2.9
Paul George,paul george,2021,2.5,19,776,4.2,-1.7
Tyrese Haliburton,tyrese haliburton,2025,4.7,23,772,5.8,-1.1
Pascal Siakam,pascal siakam,2025,4.3,23,771,1.7,2.6
Anthony Davis,anthony davis,2020,8.7,21,769,8.0,0.7
Andrew Nembhard,andrew nembhard,2025,1.0,23,769,-2.3,3.3
Jayson Tatum,jayson tatum,2024,3.7,19,768,5.1,-1.4
Andrew Wiggins,andrew wiggins,2022,0.8,22,767,0.4,0.4
Stephen Curry,stephen curry,2022,7.7,22,764,5.8,1.9
LeBron James,lebron james,2020,10.7,21,762,8.4,2.3
Stephon Castle,stephon castle,2026,1.8,23,760,1.9,-0.1
Marcus Smart,marcus smart,2022,0.3,21,760,0.5,-0.2
Jamal Murray,jamal murray,2020,5.9,19,753,1.2,4.7
Jaylen Brown,jaylen brown,2023,-0.9,20,751,1.3,-2.2
Victor Wembanyama,victor wembanyama,2026,8.9,22,750,10.7,-1.8
Jae Crowder,jae crowder,2021,1.9,22,729,1.1,0.8
Jrue Holiday,jrue holiday,2024,2.8,19,720,2.1,0.7
Aaron Gordon,aaron gordon,2023,-0.2,20,713,2.1,-2.3
Mikal Bridges,mikal bridges,2021,1.7,22,707,3.3,-1.6
Jaylen Brown,jaylen brown,2024,1.8,19,707,0.7,1.1
Reggie Bullock,reggie bullock,2022,0.4,18,707,-1.4,1.8
Mikal Bridges,mikal bridges,2025,0.3,18,706,-0.5,0.8
Tyler Herro,tyler herro,2020,-0.2,21,706,-1.6,1.4
Julian Champagnie,julian champagnie,2026,4.6,23,705,1.4,3.2
OG Anunoby,og anunoby,2025,1.0,18,705,0.7,0.3
De'Aaron Fox,de'aaron fox,2026,0.5,21,704,2.2,-1.7
Draymond Green,draymond green,2022,0.9,22,703,3.2,-2.3
Jalen Brunson,jalen brunson,2026,4.6,19,702,3.1,1.5
Caleb Martin,caleb martin,2023,2.3,23,694,-1.2,3.5
Nikola Jokić,nikola jokic,2020,7.4,19,694,7.4,0.0
Jayson Tatum,jayson tatum,2020,6.3,17,690,4.0,2.3
Dorian Finney-Smith,dorian finney-smith,2022,1.0,18,688,0.8,0.2
Bam Adebayo,bam adebayo,2020,4.1,19,687,3.4,0.7
Chet Holmgren,chet holmgren,2025,2.4,23,686,2.4,0.0
Chris Paul,chris paul,2021,5.0,20,683,4.6,0.4
P.J. Tucker,p.j. tucker,2021,-1.7,23,681,-4.6,2.9
Jalen Brunson,jalen brunson,2025,4.9,18,680,3.3,1.6
Marcus Smart,marcus smart,2023,0.8,20,679,-1.0,1.8
Derrick White,derrick white,2024,5.3,19,676,3.8,1.5
Myles Turner,myles turner,2025,0.6,23,675,0.4,0.2
James Harden,james harden,2026,0.8,18,672,3.8,-3.0
Gabe Vincent,gabe vincent,2023,-1.5,22,672,-3.4,1.9
Jaylen Brown,jaylen brown,2020,3.3,17,672,0.8,2.5
Kentavious Caldwell-Pope,kentavious caldwell-pope,2023,-0.1,20,671,-1.0,0.9
Brook Lopez,brook lopez,2021,2.1,23,667,0.0,2.1
Luguentz Dort,luguentz dort,2025,-0.9,23,666,0.2,-1.1
Jae Crowder,jae crowder,2020,0.9,21,660,-1.2,2.1
Grant Williams,grant williams,2022,-0.8,24,654,-0.4,-0.4
Michael Porter Jr.,michael porter jr.,2023,-0.3,20,654,0.2,-0.5
Jerami Grant,jerami grant,2020,-2.8,19,653,-0.5,-2.3
Donovan Mitchell,donovan mitchell,2026,2.0,18,652,5.1,-3.1
Aaron Nesmith,aaron nesmith,2025,1.7,23,650,-0.5,2.2
Anthony Edwards,anthony edwards,2024,6.7,16,649,3.3,3.4
Marcus Smart,marcus smart,2020,0.4,17,648,1.4,-1.0
Max Strus,max strus,2023,-1.4,23,648,-1.7,0.3
Derrick Jones Jr.,derrick jones jr.,2024,0.4,22,647,-1.5,1.9
Josh Hart,josh hart,2025,3.4,18,642,2.8,0.6
Evan Mobley,evan mobley,2026,5.4,18,640,3.0,2.4
Karl-Anthony Towns,karl-anthony towns,2025,1.4,18,639,3.6,-2.2
Jalen Brunson,jalen brunson,2022,1.5,18,629,0.9,0.6
Jimmy Butler,jimmy butler,2022,11.8,17,629,6.3,5.5
Kemba Walker,kemba walker,2020,3.0,17,628,4.6,-1.6
Reggie Jackson,reggie jackson,2021,2.9,19,622,0.4,2.5
LeBron James,lebron james,2023,7.6,16,619,6.1,1.5
Al Horford,al horford,2023,2.8,20,617,3.3,-0.5
Dylan Harper,dylan harper,2026,3.7,23,615,1.4,2.3
Bam Adebayo,bam adebayo,2022,2.9,18,614,3.8,-0.9
Josh Hart,josh hart,2026,2.8,19,614,3.0,-0.2
Kentavious Caldwell-Pope,kentavious caldwell-pope,2020,-0.8,21,608,-0.8,0.0
Anthony Davis,anthony davis,2023,5.7,16,608,6.3,-0.6
Mikal Bridges,mikal bridges,2026,2.8,19,608,2.7,0.1
Jordan Poole,jordan poole,2022,2.8,22,606,1.0,1.8
Marcus Morris,marcus morris,2021,-1.2,19,604,0.0,-1.2
Pascal Siakam,pascal siakam,2024,2.3,17,603,1.4,0.9
Trae Young,trae young,2021,6.3,16,603,3.7,2.6
Duncan Robinson,duncan robinson,2020,1.2,21,600,0.5,0.7
Derrick White,derrick white,2023,3.0,20,593,2.4,0.6
OG Anunoby,og anunoby,2026,9.4,17,586,2.0,7.4
Anthony Edwards,anthony edwards,2025,6.0,15,585,4.3,1.7
Derrick White,derrick white,2022,-0.1,23,585,1.8,-1.9
Austin Reaves,austin reaves,2023,2.2,16,579,0.7,1.5
Karl-Anthony Towns,karl-anthony towns,2026,9.4,19,578,3.3,6.1
Jamal Murray,jamal murray,2025,2.1,14,578,0.8,1.3
John Collins,john collins,2021,0.9,18,576,2.3,-1.4
Al Horford,al horford,2024,3.1,19,575,3.6,-0.5
Cade Cunningham,cade cunningham,2026,3.4,14,572,6.3,-2.9
Clint Capela,clint capela,2021,1.3,18,569,2.7,-1.4
Nikola Jokić,nikola jokic,2025,10.7,14,563,13.3,-2.6
Alex Caruso,alex caruso,2025,5.0,23,562,4.0,1.0
Aaron Nesmith,aaron nesmith,2024,-3.2,17,559,-0.5,-2.7
Kevin Huerter,kevin huerter,2021,1.2,18,558,-0.3,1.5
Nicolas Batum,nicolas batum,2021,4.3,19,555,2.1,2.2
Andrew Nembhard,andrew nembhard,2024,1.2,17,554,-2.2,3.4
Luka Dončić,luka doncic,2022,9.3,15,552,8.2,1.1
Myles Turner,myles turner,2024,1.8,17,550,0.9,0.9
Josh Hart,josh hart,2024,0.9,13,548,0.0,0.9
Pat Connaughton,pat connaughton,2021,0.8,23,546,0.0,0.8
Shai Gilgeous-Alexander,shai gilgeous-alexander,2026,6.5,15,544,11.7,-5.2
Christian Braun,christian braun,2025,1.0,14,544,0.3,0.7
Jaden McDaniels,jaden mcdaniels,2024,1.6,16,537,-2.6,4.2
Julius Randle,julius randle,2025,4.2,15,533,1.3,2.9
Bruce Brown,bruce brown,2023,1.1,20,530,-0.5,1.6
Jarrett Allen,jarrett allen,2026,3.7,18,529,2.6,1.1
Danny Green,danny green,2020,-0.7,21,525,0.5,-1.2
Max Strus,max strus,2022,0.5,18,523,0.9,-0.4
Tyrese Haliburton,tyrese haliburton,2024,6.2,15,522,6.9,-0.7
Aaron Gordon,aaron gordon,2025,2.2,14,522,1.2,1.0
Karl-Anthony Towns,karl-anthony towns,2024,2.8,16,522,2.5,0.3
Jalen Brunson,jalen brunson,2024,3.8,13,518,5.8,-2.0
Cason Wallace,cason wallace,2025,2.0,23,516,1.0,1.0
Isaiah Hartenstein,isaiah hartenstein,2025,3.5,23,516,3.2,0.3
Rudy Gobert,rudy gobert,2024,1.1,15,512,1.8,-0.7
Kawhi Leonard,kawhi leonard,2020,9.4,13,511,8.9,0.5
Alex Caruso,alex caruso,2020,-0.5,21,510,-0.2,-0.3
P.J. Tucker,p.j. tucker,2022,2.2,18,509,0.6,1.6
Spencer Dinwiddie,spencer dinwiddie,2022,1.3,18,501,-0.9,2.2
Mikal Bridges,mikal bridges,2022,1.4,13,500,1.6,-0.2
Jaden McDaniels,jaden mcdaniels,2025,2.6,15,497,0.0,2.6
Stephen Curry,stephen curry,2023,6.5,13,493,7.5,-1.0
Tyrese Maxey,tyrese maxey,2022,2.1,12,485,0.6,1.5
Kevin Durant,kevin durant,2021,10.0,12,485,7.2,2.8
Tobias Harris,tobias harris,2026,2.1,14,485,1.4,0.7
Kyle Kuzma,kyle kuzma,2020,-3.6,21,484,-2.6,-1.0
Daniel Theis,daniel theis,2020,0.5,17,482,2.4,-1.9
Nikola Jokić,nikola jokic,2024,12.8,12,482,13.2,-0.4
Max Strus,max strus,2026,0.9,18,481,-1.2,2.1
Paul George,paul george,2020,0.4,13,479,4.9,-4.5
James Harden,james harden,2022,1.9,12,479,4.1,-2.2
Malcolm Brogdon,malcolm brogdon,2023,-1.6,19,474,2.8,-4.4
Mike Conley,mike conley,2024,2.8,15,474,3.4,-0.6
D'Angelo Russell,d'angelo russell,2023,-1.7,16,473,1.2,-2.9
Klay Thompson,klay thompson,2023,-2.6,13,468,-0.3,-2.3
Tobias Harris,tobias harris,2022,3.0,12,466,0.0,3.0
Kevin Durant,kevin durant,2023,4.6,11,466,7.0,-2.4
Donte DiVincenzo,donte divincenzo,2024,2.0,13,466,3.4,-1.4
Jrue Holiday,jrue holiday,2022,1.6,12,463,3.2,-1.6
Jamal Murray,jamal murray,2024,-1.4,12,462,4.1,-5.5
Dereck Lively II,dereck lively ii,2024,3.2,21,462,0.5,2.7
Chet Holmgren,chet holmgren,2026,3.1,15,459,4.2,-1.1
Devin Booker,devin booker,2023,10.7,11,459,4.2,6.5
Paul Millsap,paul millsap,2020,-2.7,19,459,0.1,-2.8
Maxi Kleber,maxi kleber,2022,2.2,18,457,-0.4,2.6
Michael Porter Jr.,michael porter jr.,2020,1.0,19,451,1.5,-0.5
Chris Paul,chris paul,2022,4.9,13,448,5.4,-0.5
Kevon Looney,kevon looney,2022,3.1,22,448,0.9,2.2
James Harden,james harden,2020,9.4,12,448,9.6,-0.2
Giannis Antetokounmpo,giannis antetokounmpo,2022,10.4,12,448,11.2,-0.8
Daniel Gafford,daniel gafford,2024,2.7,22,445,0.9,1.8
Aaron Gordon,aaron gordon,2024,4.5,12,445,1.3,3.2
Cameron Johnson,cameron johnson,2021,4.3,21,443,-0.2,4.5
Michael Porter Jr.,michael porter jr.,2024,0.6,12,443,0.1,0.5
Jalen Brunson,jalen brunson,2023,7.6,11,443,3.9,3.7
Danilo Gallinari,danilo gallinari,2021,0.7,18,442,1.1,-0.4
Andrew Wiggins,andrew wiggins,2023,-0.9,13,442,-0.5,-0.4
Obi Toppin,obi toppin,2025,0.4,23,440,1.7,-1.3
Tobias Harris,tobias harris,2021,2.3,12,438,3.7,-1.4
Tyrese Maxey,tyrese maxey,2026,2.8,11,437,5.4,-2.6
Michael Porter Jr.,michael porter jr.,2025,-2.2,14,435,-0.1,-2.1
Max Strus,max strus,2024,-1.9,12,434,-0.6,-1.3
Joe Harris,joe harris,2021,-3.2,12,434,0.4,-3.6
Kawhi Leonard,kawhi leonard,2021,10.7,11,432,7.3,3.4
Darius Garland,darius garland,2024,-0.9,12,432,-1.0,0.1
Fred VanVleet,fred vanvleet,2020,4.7,11,430,2.7,2.0
Desmond Bane,desmond bane,2022,3.5,12,428,2.7,0.8
Ausar Thompson,ausar thompson,2026,5.3,14,427,3.1,2.2
James Harden,james harden,2023,4.1,11,427,5.4,-1.3
Tyrese Maxey,tyrese maxey,2023,2.2,11,423,0.6,1.6
Gabe Vincent,gabe vincent,2022,-0.3,18,423,-1.4,1.1
Evan Mobley,evan mobley,2024,3.3,12,422,2.9,0.4
Jalen Duren,jalen duren,2026,-1.7,14,422,5.0,-6.7
Kentavious Caldwell-Pope,kentavious caldwell-pope,2024,-1.4,12,420,-1.4,0.0
Cameron Payne,cameron payne,2021,2.2,22,418,3.1,-0.9
Pascal Siakam,pascal siakam,2020,-2.0,11,418,1.8,-3.8
Duncan Robinson,duncan robinson,2023,2.3,23,418,-5.0,7.3
Derrick White,derrick white,2025,6.6,11,415,3.5,3.1
P.J. Tucker,p.j. tucker,2020,-1.2,12,414,-1.9,0.7
Kyle Lowry,kyle lowry,2020,3.5,11,413,3.2,0.3
Keldon Johnson,keldon johnson,2026,-2.9,23,411,0.9,-3.8
Rudy Gobert,rudy gobert,2025,-0.3,15,411,1.9,-2.2
Eric Gordon,eric gordon,2020,-1.0,12,410,-3.9,2.9
Andre Iguodala,andre iguodala,2020,0.6,21,410,-0.5,1.1
Dean Wade,dean wade,2026,0.5,18,407,0.2,0.3
VJ Edgecombe,vj edgecombe,2026,-0.6,11,407,-0.5,-0.1
Monte Morris,monte morris,2020,1.1,19,406,-0.2,1.3
Jaden McDaniels,jaden mcdaniels,2026,-0.7,12,406,-0.3,-0.4
Royce O'Neale,royce o'neale,2021,3.1,11,404,1.0,2.1
Jaylen Brown,jaylen brown,2025,0.2,11,402,0.0,0.2
Ben Simmons,ben simmons,2021,4.3,12,402,2.9,1.4
T.J. McConnell,t.j. mcconnell,2025,2.6,23,402,1.2,1.4
Julius Randle,julius randle,2026,-3.8,12,400,1.5,-5.3
Shai Gilgeous-Alexander,shai gilgeous-alexander,2024,9.2,10,399,9.0,0.2
Josh Green,josh green,2024,2.4,22,399,-2.7,5.1
Deandre Ayton,deandre ayton,2022,3.6,13,397,2.8,0.8
Jimmy Butler,jimmy butler,2025,5.1,11,397,5.0,0.1
Rajon Rondo,rajon rondo,2020,3.5,16,395,-1.4,4.9
Paul George,paul george,2026,2.2,11,394,1.7,0.5
OG Anunoby,og anunoby,2020,0.9,11,393,1.2,-0.3
Tobias Harris,tobias harris,2023,1.4,11,392,0.7,0.7
Draymond Green,draymond green,2025,-2.5,12,389,0.5,-3.0
Isaiah Hartenstein,isaiah hartenstein,2024,1.3,13,388,3.5,-2.2
Rui Hachimura,rui hachimura,2023,2.2,16,388,-2.6,4.8
Marcus Morris,marcus morris,2020,3.1,13,388,0.7,2.4
Rui Hachimura,rui hachimura,2026,3.6,10,386,-2.2,5.8
Joel Embiid,joel embiid,2022,0.1,10,385,9.2,-9.1
Bennedict Mathurin,bennedict mathurin,2025,1.4,22,385,-2.9,4.3
Markieff Morris,markieff morris,2020,-1.6,21,385,-2.1,0.5
Brandin Podziemski,brandin podziemski,2025,-1.1,12,385,0.7,-1.8
LeBron James,lebron james,2026,3.0,10,384,3.5,-0.5
Duncan Robinson,duncan robinson,2026,3.9,13,383,0.8,3.1
Jae Crowder,jae crowder,2022,-0.9,13,383,1.1,-2.0
Donovan Mitchell,donovan mitchell,2024,7.2,10,382,5.8,1.4
Seth Curry,seth curry,2021,5.3,12,381,-0.3,5.6
Tyler Herro,tyler herro,2022,-1.0,15,381,0.7,-1.7
Gary Harris,gary harris,2020,-2.3,14,379,-2.5,0.2
Robert Covington,robert covington,2020,5.0,12,379,0.0,5.0
Terance Mann,terance mann,2021,-0.2,19,378,-0.2,0.0
Nickeil Alexander-Walker,nickeil alexander-walker,2024,-1.3,16,378,0.2,-1.5
Jalen Williams,jalen williams,2024,3.8,10,377,2.3,1.5
Donte DiVincenzo,donte divincenzo,2025,-0.5,15,377,1.9,-2.4
RJ Barrett,rj barrett,2023,1.3,11,377,-3.1,4.4
Rudy Gobert,rudy gobert,2021,2.6,11,376,4.9,-2.3
Torrey Craig,torrey craig,2020,-3.2,19,375,-2.3,-0.9
Naz Reid,naz reid,2025,2.5,15,375,1.6,0.9
Cason Wallace,cason wallace,2026,7.4,15,374,1.2,6.2
Rudy Gobert,rudy gobert,2026,1.1,12,372,1.0,0.1
Mitchell Robinson,mitchell robinson,2025,0.2,18,370,3.3,-3.1
Victor Oladipo,victor oladipo,2022,-0.3,15,368,1.3,-1.6
Draymond Green,draymond green,2023,2.8,12,367,0.8,2.0
Bobby Portis,bobby portis,2021,1.0,20,366,1.5,-0.5
Devin Booker,devin booker,2022,1.9,10,366,4.1,-2.2
Kelly Oubre Jr.,kelly oubre jr.,2026,-1.7,11,364,-1.4,-0.3
Naz Reid,naz reid,2024,0.8,16,361,1.5,-0.7
Joel Embiid,joel embiid,2021,7.5,11,357,7.5,0.0
Mike Conley,mike conley,2025,-1.9,15,356,1.2,-3.1
Khris Middleton,khris middleton,2020,0.0,10,355,4.1,-4.1
Payton Pritchard,payton pritchard,2024,-1.5,19,355,1.0,-2.5
Alex Caruso,alex caruso,2026,5.4,15,353,1.9,3.5
Josh Hart,josh hart,2023,-0.9,11,353,-0.2,-0.7
Luguentz Dort,luguentz dort,2024,-0.5,10,350,-1.6,1.1
Isaiah Hartenstein,isaiah hartenstein,2026,3.0,15,350,4.2,-1.2
T.J. McConnell,t.j. mcconnell,2024,1.7,17,348,3.0,-1.3
Al Horford,al horford,2025,2.7,11,348,1.2,1.5
Miles McBride,miles mcbride,2024,-1.6,13,347,-0.1,-1.5
Donovan Mitchell,donovan mitchell,2021,7.8,10,346,4.3,3.5
Marcus Smart,marcus smart,2026,1.8,10,345,-2.2,4.0
Nikola Jokić,nikola jokic,2021,9.0,10,345,12.1,-3.1
Chet Holmgren,chet holmgren,2024,2.1,10,345,3.4,-1.3
Wesley Matthews,wesley matthews,2022,-0.3,12,345,-3.3,3.0
Obi Toppin,obi toppin,2024,2.6,17,343,1.5,1.1
Jeff Green,jeff green,2023,-3.8,20,343,-3.4,-0.4
Miles McBride,miles mcbride,2025,-1.8,18,341,0.0,-1.8
Lou Williams,lou williams,2020,0.2,13,341,0.7,-0.5
Jeff Green,jeff green,2020,0.1,12,341,-2.1,2.2
Sam Merrill,sam merrill,2026,-0.3,17,338,0.1,-0.4
Ja Morant,ja morant,2022,8.4,9,338,6.1,2.3
Joel Embiid,joel embiid,2023,1.9,9,336,9.2,-7.3
Dillon Brooks,dillon brooks,2022,-4.6,11,335,-1.8,-2.8
Luguentz Dort,luguentz dort,2026,-2.8,15,335,-2.0,-0.8
Ben Sheppard,ben sheppard,2024,-2.5,17,335,-3.4,0.9
Miles McBride,miles mcbride,2026,-2.7,19,334,1.2,-3.9
Brook Lopez,brook lopez,2022,1.0,12,332,-1.3,2.3
Michael Porter Jr.,michael porter jr.,2021,-0.6,10,332,3.1,-3.7
Julius Randle,julius randle,2023,-0.8,10,330,3.7,-4.5
Brook Lopez,brook lopez,2020,3.2,10,328,2.0,1.2
Buddy Hield,buddy hield,2025,3.3,12,327,-1.0,4.3
Luke Kennard,luke kennard,2026,-0.7,10,326,0.5,-1.2
Kyrie Irving,kyrie irving,2021,3.5,9,325,5.5,-2.0
Kevon Looney,kevon looney,2023,3.1,13,325,2.1,1.0
Anthony Edwards,anthony edwards,2026,1.3,10,324,4.5,-3.2
OG Anunoby,og anunoby,2024,0.4,9,324,-1.6,2.0
Naz Reid,naz reid,2026,2.1,12,323,0.9,1.2
Patrick Beverley,patrick beverley,2021,1.6,17,323,0.7,0.9
James Harden,james harden,2021,9.1,9,322,7.7,1.4
Jayson Tatum,jayson tatum,2025,8.6,8,322,5.2,3.4
Cameron Johnson,cameron johnson,2022,0.4,13,320,2.7,-2.3
Ivica Zubac,ivica zubac,2020,-0.5,13,320,2.8,-3.3
Deandre Ayton,deandre ayton,2023,-3.5,10,319,0.9,-4.4
Danny Green,danny green,2022,1.3,12,319,-0.5,1.8
Pat Connaughton,pat connaughton,2022,2.2,12,318,1.2,1.0
Daniss Jenkins,daniss jenkins,2026,-0.4,14,318,-0.7,0.3
Blake Griffin,blake griffin,2021,2.4,12,318,-2.2,4.6
Ajay Mitchell,ajay mitchell,2026,1.8,11,317,1.9,-0.1
Russell Westbrook,russell westbrook,2025,-2.0,13,313,-1.1,-0.9
Landry Shamet,landry shamet,2026,-0.2,19,310,-0.3,0.1
Nickeil Alexander-Walker,nickeil alexander-walker,2025,-1.4,15,310,-0.4,-1.0
Payton Pritchard,payton pritchard,2022,1.5,24,309,1.8,-0.3
Joe Ingles,joe ingles,2021,2.2,11,306,3.5,-1.3
Austin Rivers,austin rivers,2021,-4.4,10,305,-2.2,-2.2
Grayson Allen,grayson allen,2022,0.2,12,305,0.4,-0.2
Aaron Wiggins,aaron wiggins,2025,0.1,22,303,1.1,-1.0
Payton Pritchard,payton pritchard,2025,0.9,11,302,3.5,-2.6
Ivica Zubac,ivica zubac,2021,-0.3,17,301,1.0,-1.3
Aaron Gordon,aaron gordon,2021,-4.0,10,299,0.6,-4.6
Bobby Portis,bobby portis,2022,-0.5,12,298,0.2,-0.7
Jordan Clarkson,jordan clarkson,2021,-1.5,11,298,1.4,-2.9
Mitchell Robinson,mitchell robinson,2023,1.4,11,298,2.4,-1.0
Luke Kornet,luke kornet,2026,2.2,23,296,3.6,-1.4
Brandon Clarke,brandon clarke,2022,4.8,12,296,4.2,0.6
Kyle Lowry,kyle lowry,2022,-2.7,10,295,2.0,-4.7
P.J. Tucker,p.j. tucker,2023,1.0,11,294,-3.0,4.0
Ben Sheppard,ben sheppard,2025,-2.5,21,293,-2.0,-0.5
Ayo Dosunmu,ayo dosunmu,2026,5.4,10,292,0.8,4.6
Donovan Mitchell,donovan mitchell,2025,7.9,9,288,3.7,4.2
Monte Morris,monte morris,2021,2.5,10,286,-0.3,2.8
Deandre Ayton,deandre ayton,2026,-2.6,10,285,-0.9,-1.7
Jordan Poole,jordan poole,2023,-3.9,13,284,-1.9,-2.0
Sam Hauser,sam hauser,2024,1.1,19,283,1.2,-0.1
Dwight Howard,dwight howard,2020,-2.1,18,282,0.2,-2.3
Luka Dončić,luka doncic,2021,11.8,7,281,6.8,5.0
Stephen Curry,stephen curry,2025,6.4,8,281,6.3,0.1
Fred VanVleet,fred vanvleet,2025,3.2,7,280,0.9,2.3
Danuel House Jr.,danuel house jr.,2020,0.1,9,279,-0.7,0.8
Shai Gilgeous-Alexander,shai gilgeous-alexander,2020,1.8,7,279,1.7,0.1
Caris LeVert,caris levert,2024,-1.0,11,278,0.2,-1.2
Bruce Brown,bruce brown,2021,0.7,12,277,-0.1,0.8
Lou Williams,lou williams,2021,1.9,18,277,-1.5,3.4
Giannis Antetokounmpo,giannis antetokounmpo,2020,11.2,9,277,11.5,-0.3
James Harden,james harden,2025,4.1,7,276,4.3,-0.2
De'Anthony Melton,de'anthony melton,2023,1.9,11,274,0.9,1.0
Brad Wanamaker,brad wanamaker,2020,1.2,17,273,-0.6,1.8
Scottie Barnes,scottie barnes,2026,8.1,7,273,4.2,3.9
Norman Powell,norman powell,2020,1.5,11,273,2.0,-0.5
Paolo Banchero,paolo banchero,2026,6.5,7,273,1.4,5.1
Dorian Finney-Smith,dorian finney-smith,2021,-0.9,7,271,0.1,-1.0
RJ Barrett,rj barrett,2026,0.8,7,271,0.2,0.6
Rudy Gobert,rudy gobert,2020,0.1,7,270,3.6,-3.5
Facundo Campazzo,facundo campazzo,2021,-0.3,10,270,-0.6,0.3
De'Aaron Fox,de'aaron fox,2023,5.0,7,270,2.5,2.5
George Hill,george hill,2020,-1.6,10,268,2.9,-4.5
Tyrese Maxey,tyrese maxey,2024,5.0,6,267,3.1,1.9
Eric Bledsoe,eric bledsoe,2020,-0.2,9,267,1.8,-2.0
Torrey Craig,torrey craig,2021,-2.6,22,266,0.8,-3.4
Kawhi Leonard,kawhi leonard,2025,7.0,7,265,3.1,3.9
Donovan Mitchell,donovan mitchell,2020,9.5,7,264,1.9,7.6
Jrue Holiday,jrue holiday,2025,-0.1,8,264,0.7,-0.8
Amen Thompson,amen thompson,2026,2.3,6,264,2.6,-0.3
Isaac Okoro,isaac okoro,2024,-4.2,12,263,-1.1,-3.1
Paolo Banchero,paolo banchero,2024,4.7,7,262,1.3,3.4
Tyus Jones,tyus jones,2022,3.0,12,262,1.7,1.3
Russell Westbrook,russell westbrook,2020,-3.2,8,262,1.5,-4.7
Jarrett Allen,jarrett allen,2025,4.7,9,261,4.2,0.5
Chris Paul,chris paul,2020,4.1,7,261,4.4,-0.3
Pascal Siakam,pascal siakam,2022,3.0,6,260,3.5,-0.5
Franz Wagner,franz wagner,2024,4.9,7,259,1.2,3.7
Jared McCain,jared mccain,2026,-1.7,15,258,-3.7,2.0
Kelly Olynyk,kelly olynyk,2020,2.1,17,258,1.0,1.1
Evan Mobley,evan mobley,2025,5.7,8,257,4.6,1.1
Ivica Zubac,ivica zubac,2025,2.1,7,256,3.1,-1.0
Desmond Bane,desmond bane,2026,2.0,7,253,1.4,0.6
Max Strus,max strus,2025,4.2,9,253,1.3,2.9
Derrick White,derrick white,2026,-1.6,7,251,3.2,-4.8
Mitchell Robinson,mitchell robinson,2026,0.8,18,251,3.5,-2.7
Serge Ibaka,serge ibaka,2020,7.7,11,251,0.1,7.6
Chris Paul,chris paul,2023,0.8,7,250,3.2,-2.4
Jaylen Brown,jaylen brown,2026,2.9,7,249,3.3,-0.4
Dwight Powell,dwight powell,2022,-4.4,18,249,0.9,-5.3
Royce O'Neale,royce o'neale,2020,-1.7,7,249,0.9,-2.6
Joel Embiid,joel embiid,2024,8.4,6,248,11.6,-3.2
Damian Lillard,damian lillard,2021,12.2,6,248,6.3,5.9
Jalen Suggs,jalen suggs,2026,-3.8,7,248,2.5,-6.3
Cade Cunningham,cade cunningham,2025,3.1,6,248,3.9,-0.8
Christian Braun,christian braun,2023,-1.4,19,247,-2.4,1.0
Jarred Vanderbilt,jarred vanderbilt,2023,-1.2,15,247,1.5,-2.7
Wesley Matthews,wesley matthews,2020,0.2,10,246,-1.8,2.0
Montrezl Harrell,montrezl harrell,2020,-0.5,13,243,2.9,-3.4
Landry Shamet,landry shamet,2020,-1.8,13,243,-2.1,0.3
Domantas Sabonis,domantas sabonis,2023,0.7,7,243,5.8,-5.1
Quentin Grimes,quentin grimes,2026,-0.1,11,243,-1.6,1.5
James Harden,james harden,2024,7.7,6,242,4.1,3.6
Quentin Grimes,quentin grimes,2023,-2.4,9,242,-0.1,-2.3
Jaylin Williams,jaylin williams,2026,1.5,15,240,2.7,-1.2
CJ McCollum,cj mccollum,2021,-3.3,6,240,3.9,-7.2
Kendrick Nunn,kendrick nunn,2020,-4.4,15,239,-2.3,-2.1
Norman Powell,norman powell,2025,-1.0,7,238,1.5,-2.5
Jamal Murray,jamal murray,2026,-0.8,6,238,4.1,-4.9
Wendell Carter Jr.,wendell carter jr.,2026,2.6,7,237,-0.6,3.2
Nikola Jokić,nikola jokic,2026,8.0,6,237,14.2,-6.2
Brandon Ingram,brandon ingram,2022,3.9,6,236,2.0,1.9
Donte DiVincenzo,donte divincenzo,2023,0.1,13,235,0.7,-0.6
Joe Ingles,joe ingles,2020,-0.3,7,234,0.7,-1.0
CJ McCollum,cj mccollum,2022,0.6,6,234,0.1,0.5
Joel Embiid,joel embiid,2026,6.0,7,233,4.9,1.1
Tobias Harris,tobias harris,2025,2.0,6,233,0.1,1.9
Jalen Suggs,jalen suggs,2024,1.5,7,232,1.0,0.5
Payton Pritchard,payton pritchard,2026,2.0,7,231,2.3,-0.3
Desmond Bane,desmond bane,2023,0.8,6,231,3.5,-2.7
Kyle Anderson,kyle anderson,2024,2.3,15,231,1.1,1.2
Amen Thompson,amen thompson,2025,3.7,7,231,4.1,-0.4
Khris Middleton,khris middleton,2024,0.5,6,230,1.1,-0.6
Trae Young,trae young,2023,3.6,6,230,3.3,0.3
Donovan Mitchell,donovan mitchell,2022,2.8,6,229,4.3,-1.5
Robert Covington,robert covington,2021,1.3,6,228,0.2,1.1
Marc Gasol,marc gasol,2020,-1.9,11,228,1.6,-3.5
Anthony Edwards,anthony edwards,2022,3.5,6,227,1.2,2.3
Herbert Jones,herbert jones,2022,0.4,6,226,-0.5,0.9
LeBron James,lebron james,2021,9.2,6,224,8.1,1.1
Ja'Kobe Walter,ja'kobe walter,2026,0.2,7,224,-0.3,0.5
Jamal Shead,jamal shead,2026,-3.8,7,224,-2.3,-1.5
Karl-Anthony Towns,karl-anthony towns,2022,0.4,6,222,5.0,-4.6
Paul George,paul george,2024,3.2,6,222,3.2,0.0
JaMychal Green,jamychal green,2020,1.5,13,222,-0.5,2.0
Austin Reaves,austin reaves,2026,-1.7,6,221,2.8,-4.5
Kyle Anderson,kyle anderson,2022,2.8,12,221,1.2,1.6
Rajon Rondo,rajon rondo,2021,-2.7,13,220,-2.5,-0.2
Matisse Thybulle,matisse thybulle,2021,2.4,12,220,1.9,0.5
Luke Kennard,luke kennard,2021,-0.2,15,219,-0.2,0.0
Jalen Green,jalen green,2025,-1.5,7,219,0.5,-2.0
Maxi Kleber,maxi kleber,2024,-0.3,13,219,-1.3,1.0
Jayson Tatum,jayson tatum,2026,8.9,6,218,4.8,4.1
Tobias Harris,tobias harris,2024,-2.9,6,218,0.9,-3.8
OG Anunoby,og anunoby,2022,0.8,6,217,0.5,0.3
Caris LeVert,caris levert,2026,1.7,13,216,-0.4,2.1
Jaylon Tyson,jaylon tyson,2026,-2.9,17,216,0.1,-3.0
Norman Powell,norman powell,2021,-0.3,6,216,1.5,-1.8
Luka Dončić,luka doncic,2020,7.9,6,215,8.4,-0.5
Jalen Johnson,jalen johnson,2026,2.0,6,214,4.2,-2.2
Nickeil Alexander-Walker,nickeil alexander-walker,2026,-3.9,6,213,1.2,-5.1
Danilo Gallinari,danilo gallinari,2020,-0.6,7,212,3.3,-3.9
Isaiah Joe,isaiah joe,2025,5.6,21,211,1.3,4.3
Austin Rivers,austin rivers,2020,-4.8,12,211,-2.5,-2.3
Steven Adams,steven adams,2020,-0.1,7,210,2.9,-3.0
Patrick Beverley,patrick beverley,2024,0.8,6,210,-1.5,2.3
Caleb Martin,caleb martin,2022,-2.3,17,209,1.1,-3.4
Luka Dončić,luka doncic,2025,5.3,5,208,6.5,-1.2
Anthony Davis,anthony davis,2024,7.3,5,208,5.1,2.2
Donovan Mitchell,donovan mitchell,2023,4.8,5,207,6.3,-1.5
Landry Shamet,landry shamet,2021,-3.3,12,206,-2.4,-0.9
Dillon Brooks,dillon brooks,2025,-1.7,7,206,-1.4,-0.3
Mason Plumlee,mason plumlee,2020,-1.2,19,206,2.0,-3.2
Malik Monk,malik monk,2023,3.3,7,205,0.3,3.0
George Hill,george hill,2021,-1.1,12,205,1.0,-2.1
LeBron James,lebron james,2025,9.5,5,204,5.6,3.9
LeBron James,lebron james,2024,10.6,5,204,6.5,4.1
Christian Braun,christian braun,2024,-2.2,12,204,-1.9,-0.3
DeMar DeRozan,demar derozan,2022,-0.8,5,203,2.5,-3.3
Terrence Shannon Jr.,terrence shannon jr.,2026,-2.5,9,203,-3.6,1.1
Jalen Duren,jalen duren,2025,4.2,6,203,3.1,1.1
Maxi Kleber,maxi kleber,2020,-3.3,6,203,0.4,-3.7
Gary Payton II,gary payton ii,2022,7.4,12,203,3.7,3.7
Ja Morant,ja morant,2021,2.8,5,203,-0.4,3.2
Brook Lopez,brook lopez,2024,1.4,6,200,1.0,0.4
Jordan Clarkson,jordan clarkson,2020,0.0,7,200,0.0,0.0
Daniel Theis,daniel theis,2022,0.4,16,200,-3.4,3.8
Onyeka Okongwu,onyeka okongwu,2026,2.9,6,199,0.7,2.2
Danny Green,danny green,2021,3.5,8,199,1.9,1.6
Peyton Watson,peyton watson,2025,-0.1,14,199,-1.8,1.7
Anthony Edwards,anthony edwards,2023,10.4,5,199,1.0,9.4
Cason Wallace,cason wallace,2024,-1.4,10,198,0.1,-1.5
Georges Niang,georges niang,2022,-2.2,12,198,-1.9,-0.3
Rudy Gobert,rudy gobert,2022,2.3,6,197,4.6,-2.3
Paolo Banchero,paolo banchero,2025,5.3,5,197,3.5,1.8
Harrison Barnes,harrison barnes,2023,0.0,7,196,-1.0,1.0
Anthony Black,anthony black,2026,-0.1,7,196,-0.6,0.5
D'Angelo Russell,d'angelo russell,2022,-2.9,6,196,0.8,-3.7
Austin Reaves,austin reaves,2025,-3.7,5,196,1.9,-5.6
CJ McCollum,cj mccollum,2020,1.0,5,196,0.5,0.5
Tari Eason,tari eason,2026,4.0,6,195,-1.6,5.6
Bradley Beal,bradley beal,2021,1.6,5,195,3.4,-1.8
Jordan Clarkson,jordan clarkson,2026,-4.4,18,195,-3.3,-1.1
Franz Wagner,franz wagner,2025,4.6,5,195,3.1,1.5
Furkan Korkmaz,furkan korkmaz,2021,-0.4,12,195,-0.1,-0.3
Patrick Beverley,patrick beverley,2022,1.0,6,194,2.7,-1.7
Keegan Murray,keegan murray,2023,0.0,7,194,-0.6,0.6
Moses Moody,moses moody,2025,-0.5,12,193,-0.9,0.4
CJ McCollum,cj mccollum,2026,-2.7,6,192,0.9,-3.6
Russell Westbrook,russell westbrook,2023,2.1,5,192,0.8,1.3
Gary Payton II,gary payton ii,2023,2.9,12,192,-0.6,3.5
Bam Adebayo,bam adebayo,2024,2.1,5,192,2.4,-0.3
Reed Sheppard,reed sheppard,2026,-1.5,6,192,2.7,-4.2
Landry Shamet,landry shamet,2022,-1.5,12,192,-1.2,-0.3
Jrue Holiday,jrue holiday,2026,1.2,5,192,1.9,-0.7
Collin Murray-Boyles,collin murray-boyles,2026,5.6,7,191,1.0,4.6
Ty Jerome,ty jerome,2025,-0.2,9,191,4.3,-4.5
Jarrett Allen,jarrett allen,2023,2.4,5,191,2.4,0.0
Jrue Holiday,jrue holiday,2023,-1.4,5,191,3.1,-4.5
Dorian Finney-Smith,dorian finney-smith,2020,1.2,6,191,-0.2,1.4
Dejounte Murray,dejounte murray,2023,5.1,5,190,1.0,4.1
JaMychal Green,jamychal green,2021,-1.3,10,190,-1.5,0.2
Darius Garland,darius garland,2023,1.2,5,189,2.4,-1.2
Giannis Antetokounmpo,giannis antetokounmpo,2025,11.4,5,188,9.5,1.9
Evan Mobley,evan mobley,2023,-2.2,5,188,1.7,-3.9
Royce O'Neale,royce o'neale,2022,0.1,6,188,0.8,-0.7
Christian Braun,christian braun,2026,-1.0,6,187,-1.2,0.2
Maxi Kleber,maxi kleber,2021,-1.7,7,187,0.0,-1.7
Terance Mann,terance mann,2024,-1.2,6,187,-1.5,0.3
Ja Morant,ja morant,2023,6.3,5,187,5.7,0.6
Bobby Portis,bobby portis,2024,-3.4,6,187,-0.8,-2.6
Jonathan Kuminga,jonathan kuminga,2025,0.8,8,187,-0.6,1.4
Carter Bryant,carter bryant,2026,-0.5,22,187,-3.0,2.5
Russell Westbrook,russell westbrook,2021,1.7,5,186,3.7,-2.0
Trae Young,trae young,2022,-8.1,5,186,5.2,-13.3
Cameron Johnson,cameron johnson,2026,0.9,6,186,-0.6,1.5
Wendell Carter Jr.,wendell carter jr.,2024,-0.2,7,185,0.9,-1.1
Tyler Herro,tyler herro,2024,-1.4,5,185,0.8,-2.2
De'Andre Hunter,de'andre hunter,2025,-1.0,8,185,-0.4,-0.6
Jayson Tatum,jayson tatum,2021,6.5,5,185,3.9,2.6
D'Angelo Russell,d'angelo russell,2024,-3.3,5,185,0.9,-4.2
Precious Achiuwa,precious achiuwa,2024,-3.5,9,184,-1.4,-2.1
Landry Shamet,landry shamet,2023,-4.3,10,184,-1.4,-2.9
Marcus Smart,marcus smart,2021,0.7,5,183,-0.3,1.0
Kevin Huerter,kevin huerter,2023,-4.1,7,183,1.0,-5.1
Mike Conley,mike conley,2023,0.6,5,183,0.2,0.4
Harrison Barnes,harrison barnes,2026,-2.8,20,183,-0.1,-2.7
Brook Lopez,brook lopez,2023,1.4,5,182,2.1,-0.7
Rui Hachimura,rui hachimura,2025,0.4,5,182,-0.7,1.1
Josh Giddey,josh giddey,2024,2.3,10,181,1.5,0.8
Karl-Anthony Towns,karl-anthony towns,2023,-3.8,5,180,3.0,-6.8
Julius Randle,julius randle,2021,-3.5,5,180,3.8,-7.3
Gary Payton II,gary payton ii,2025,0.3,11,180,1.4,-1.1
Luke Kornet,luke kornet,2025,3.6,11,180,3.3,0.3
Marvin Williams,marvin williams,2020,2.9,10,179,-1.3,4.2
Norman Powell,norman powell,2024,-2.6,6,179,-0.8,-1.8
Rudy Gobert,rudy gobert,2023,0.3,5,177,0.7,-0.4
Mike Conley,mike conley,2021,3.0,6,176,4.9,-1.9
Kevin Durant,kevin durant,2022,-2.9,4,176,7.2,-10.1
Caleb Martin,caleb martin,2024,-0.9,5,176,-2.0,1.1
Dillon Brooks,dillon brooks,2021,2.6,5,175,-3.7,6.3
Derrick Rose,derrick rose,2021,4.3,5,175,2.4,1.9
Luguentz Dort,luguentz dort,2020,-5.0,6,175,-3.7,-1.3
Immanuel Quickley,immanuel quickley,2023,-3.7,8,175,1.7,-5.4
Obi Toppin,obi toppin,2023,3.2,11,175,-0.5,3.7
De'Andre Hunter,de'andre hunter,2022,2.9,5,175,-3.9,6.8
Kyle Lowry,kyle lowry,2024,0.6,6,175,-0.8,1.4
Josh Okogie,josh okogie,2023,-2.3,10,175,-0.2,-2.1
Austin Reaves,austin reaves,2024,3.8,5,174,0.4,3.4
Mike Conley,mike conley,2022,-3.9,6,174,3.1,-7.0
Deni Avdija,deni avdija,2026,2.1,5,174,4.3,-2.2
Isaiah Joe,isaiah joe,2024,0.9,10,173,0.9,0.0
Rui Hachimura,rui hachimura,2021,0.8,5,173,-3.1,3.9
Khris Middleton,khris middleton,2023,1.6,5,173,0.8,0.8
Seth Curry,seth curry,2020,-0.1,6,173,0.8,-0.9
Nicolas Batum,nicolas batum,2025,4.9,7,172,0.8,4.1
Will Barton,will barton,2022,-2.8,5,172,-0.5,-2.3
Cameron Payne,cameron payne,2022,-9.0,13,172,0.0,-9.0
Pat Connaughton,pat connaughton,2020,-0.3,10,171,0.6,-0.9
Nikola Jokić,nikola jokic,2022,10.7,5,171,13.7,-3.0
Evan Fournier,evan fournier,2020,-2.1,5,171,1.0,-3.1
Kyrie Irving,kyrie irving,2022,2.8,4,170,3.0,-0.2
Jordan Clarkson,jordan clarkson,2022,4.3,6,170,-0.6,4.9
De'Anthony Melton,de'anthony melton,2022,-2.4,10,170,1.9,-4.3
Caris LeVert,caris levert,2023,2.1,5,170,-0.2,2.3
Jose Alvarado,jose alvarado,2026,0.6,18,170,-2.0,2.6
Grant Williams,grant williams,2020,2.1,17,170,-2.7,4.8
Dorian Finney-Smith,dorian finney-smith,2025,-2.3,5,170,-1.5,-0.8
Nicolas Batum,nicolas batum,2024,-0.4,6,170,-0.5,0.1
Reggie Jackson,reggie jackson,2020,-0.2,12,170,-0.5,0.3
Trey Murphy III,trey murphy iii,2024,-0.4,4,168,2.5,-2.9
Kevin Durant,kevin durant,2024,3.8,4,168,4.0,-0.2
Ziaire Williams,ziaire williams,2022,-0.6,10,168,-3.0,2.4
Mike Conley,mike conley,2026,5.6,12,168,-1.3,6.9
Thomas Bryant,thomas bryant,2025,-2.3,20,167,0.7,-3.0
Precious Achiuwa,precious achiuwa,2022,-3.3,6,167,-2.6,-0.7
Evan Fournier,evan fournier,2021,-2.3,5,167,1.7,-4.0
Norman Powell,norman powell,2023,1.2,5,167,0.3,0.9
Onyeka Okongwu,onyeka okongwu,2021,0.3,18,166,-1.4,1.7
Dyson Daniels,dyson daniels,2026,2.7,6,166,1.3,1.4
Devin Booker,devin booker,2024,4.5,4,166,3.0,1.5
Patrick Beverley,patrick beverley,2020,2.5,8,166,2.2,0.3
Isaiah Stewart,isaiah stewart,2026,-1.3,14,165,0.0,-1.3
Toumani Camara,toumani camara,2026,-3.4,5,165,-1.0,-2.4
Donte DiVincenzo,donte divincenzo,2020,-0.1,10,165,1.3,-1.4
Mike Conley,mike conley,2020,9.2,5,165,0.3,8.9
Sam Hauser,sam hauser,2026,0.4,7,164,0.6,-0.2
Malik Beasley,malik beasley,2025,-0.6,6,163,0.8,-1.4
Jaxson Hayes,jaxson hayes,2026,-1.4,10,163,1.2,-2.6
Kentavious Caldwell-Pope,kentavious caldwell-pope,2025,-3.0,5,163,-1.4,-1.6
Wendell Carter Jr.,wendell carter jr.,2025,-1.1,5,162,-1.2,0.1
RJ Barrett,rj barrett,2021,3.2,5,162,-1.2,4.4
Reggie Bullock,reggie bullock,2021,-1.2,5,162,-0.1,-1.1
Moses Moody,moses moody,2023,4.8,12,161,-2.6,7.4
Haywood Highsmith,haywood highsmith,2023,4.7,18,161,-3.1,7.8
Aaron Gordon,aaron gordon,2022,-1.3,5,160,-0.6,-0.7
Malcolm Brogdon,malcolm brogdon,2020,2.6,4,160,1.8,0.8
Duncan Robinson,duncan robinson,2022,2.8,13,159,-0.6,3.4
Gary Harris,gary harris,2024,-2.0,6,159,-1.2,-0.8
Sam Merrill,sam merrill,2025,0.5,8,159,0.3,0.2
Spencer Dinwiddie,spencer dinwiddie,2023,-1.3,4,159,0.9,-2.2
Shake Milton,shake milton,2022,3.7,12,158,-2.2,5.9
Bobby Portis,bobby portis,2025,-2.7,5,158,0.2,-2.9
Paul Reed,paul reed,2023,1.7,11,157,-0.1,1.8
Gordon Hayward,gordon hayward,2020,-0.1,5,157,2.7,-2.8
Mikal Bridges,mikal bridges,2023,1.4,4,157,1.0,0.4
Georges Niang,georges niang,2023,-3.9,11,157,-1.4,-2.5
Aaron Wiggins,aaron wiggins,2024,2.2,10,157,0.7,1.5
Monte Morris,monte morris,2022,2.0,5,156,0.0,2.0
Jonathan Kuminga,jonathan kuminga,2026,-1.4,6,156,-3.6,2.2
Damian Lillard,damian lillard,2024,7.3,4,156,2.1,5.2
T.J. Warren,t.j. warren,2020,-0.4,4,156,1.1,-1.5
Tyrese Maxey,tyrese maxey,2021,-1.2,12,156,-1.5,0.3
Trey Burke,trey burke,2020,0.2,6,156,-0.5,0.7
Steven Adams,steven adams,2025,0.8,7,155,0.3,0.5
Kevin Huerter,kevin huerter,2022,-0.8,5,154,-1.2,0.4
Bradley Beal,bradley beal,2024,-3.8,4,154,0.4,-4.2
Jimmy Butler,jimmy butler,2021,-1.4,4,154,7.7,-9.1
Isaiah Jackson,isaiah jackson,2024,-1.2,15,154,1.7,-2.9
Patrick Williams,patrick williams,2022,-1.6,5,153,-1.5,-0.1
Zach LaVine,zach lavine,2022,1.8,4,153,2.4,-0.6
Devin Booker,devin booker,2026,-2.2,4,153,2.2,-4.4
Bam Adebayo,bam adebayo,2025,-0.9,4,153,2.0,-2.9
Kris Dunn,kris dunn,2025,1.1,7,153,0.6,0.5
Neemias Queta,neemias queta,2026,1.2,7,152,2.8,-1.6
Rui Hachimura,rui hachimura,2024,-5.6,5,152,-0.9,-4.7
Cameron Johnson,cameron johnson,2023,3.2,4,152,2.0,1.2
De'Andre Hunter,de'andre hunter,2021,-3.2,5,152,1.2,-4.4
Clint Capela,clint capela,2023,-0.2,6,151,2.2,-2.4
Kevin Porter Jr.,kevin porter jr.,2025,-2.2,5,151,-2.5,0.3
Jalen Green,jalen green,2026,-2.4,4,151,-1.1,-1.3
Justin Holiday,justin holiday,2024,-3.9,12,150,-1.6,-2.3
Nemanja Bjelica,nemanja bjelica,2022,-1.5,15,150,1.4,-2.9
Dillon Brooks,dillon brooks,2026,0.9,4,149,-2.3,3.2
Eric Gordon,eric gordon,2023,-1.3,5,149,0.0,-1.3
Tobias Harris,tobias harris,2020,0.5,4,149,0.8,-0.3
Grayson Allen,grayson allen,2023,-1.1,5,149,0.1,-1.2
Dwight Howard,dwight howard,2021,-2.5,12,149,-1.5,-1.0
Darius Garland,darius garland,2025,-1.9,5,148,3.1,-5.0
Jeff Green,jeff green,2021,2.6,6,148,-0.8,3.4
CJ McCollum,cj mccollum,2024,0.2,4,148,3.1,-2.9
Nickeil Alexander-Walker,nickeil alexander-walker,2023,-1.9,5,148,0.5,-2.4
Brandon Ingram,brandon ingram,2026,-4.5,5,148,0.5,-5.0
Jonathan Isaac,jonathan isaac,2024,2.6,7,147,3.8,-1.2
Markelle Fultz,markelle fultz,2020,-3.9,5,147,-1.8,-2.1
Quinten Post,quinten post,2025,-3.6,12,146,0.1,-3.7
Kentavious Caldwell-Pope,kentavious caldwell-pope,2021,-3.6,5,146,-0.5,-3.1
Myles Turner,myles turner,2020,1.8,4,146,0.1,1.7
Joel Embiid,joel embiid,2020,6.2,4,145,4.7,1.5
Scoot Henderson,scoot henderson,2026,-1.1,5,145,-2.2,1.1
Brandon Ingram,brandon ingram,2024,-1.3,4,145,1.2,-2.5
Spencer Jones,spencer jones,2026,0.8,6,145,-2.4,3.2
Derrick Favors,derrick favors,2021,-0.7,11,145,2.6,-3.3
Solomon Hill,solomon hill,2021,-5.9,14,145,-2.5,-3.4
Gary Clark,gary clark,2020,0.9,5,144,-2.6,3.5
Anthony Davis,anthony davis,2021,6.0,5,144,4.8,1.2
Josh Richardson,josh richardson,2020,-0.1,4,144,-1.8,1.7
Tyler Herro,tyler herro,2025,-6.6,4,144,3.1,-9.7
Damian Lillard,damian lillard,2020,4.5,4,143,7.5,-3.0
Isaiah Joe,isaiah joe,2026,2.1,13,143,2.5,-0.4
Kyle Anderson,kyle anderson,2021,2.4,5,142,3.3,-0.9
Andre Drummond,andre drummond,2026,0.7,11,142,-0.6,1.3
Davion Mitchell,davion mitchell,2025,1.5,4,142,-4.3,5.8
Dean Wade,dean wade,2025,-2.2,9,142,0.3,-2.5
Jaylin Williams,jaylin williams,2025,0.4,17,141,4.3,-3.9
Herbert Jones,herbert jones,2024,-0.2,4,141,0.6,-0.8
Caris LeVert,caris levert,2020,2.6,4,140,-0.3,2.9
Paul Reed,paul reed,2022,2.0,12,140,2.1,-0.1
Davion Mitchell,davion mitchell,2023,-0.9,7,140,-2.8,1.9
Fred VanVleet,fred vanvleet,2022,3.5,4,140,3.6,-0.1
Bruce Brown,bruce brown,2022,2.4,4,139,0.7,1.7
Desmond Bane,desmond bane,2025,-4.2,4,139,3.2,-7.4
Marcus Morris,marcus morris,2024,-0.1,9,138,-3.4,3.3
Dewayne Dedmon,dewayne dedmon,2022,-6.2,14,138,-1.0,-5.2
Jonathan Kuminga,jonathan kuminga,2022,-2.0,16,138,-1.5,-0.5
Taj Gibson,taj gibson,2021,2.1,5,138,1.3,0.8
Delon Wright,delon wright,2022,4.8,5,137,2.2,2.6
Matisse Thybulle,matisse thybulle,2022,1.6,9,137,1.1,0.5
Kenrich Williams,kenrich williams,2025,-1.8,16,137,0.6,-2.4
Garrett Temple,garrett temple,2020,-6.1,4,137,-1.1,-5.0
Bam Adebayo,bam adebayo,2021,0.9,4,136,4.9,-4.0
Ausar Thompson,ausar thompson,2025,0.5,6,135,1.7,-1.2
JaVale McGee,javale mcgee,2020,-1.1,14,135,1.5,-2.6
Terrence Ross,terrence ross,2020,-0.4,5,135,-0.4,0.0
Jakob Poeltl,jakob poeltl,2026,2.5,7,134,1.6,0.9
Saddiq Bey,saddiq bey,2023,-2.1,6,133,-0.7,-1.4
Luke Kornet,luke kornet,2024,1.7,13,133,3.4,-1.7
Terance Mann,terance mann,2023,1.5,5,133,-0.2,1.7
Scottie Barnes,scottie barnes,2022,1.7,4,133,0.9,0.8
JaVale McGee,javale mcgee,2022,3.5,12,133,0.8,2.7
Tari Eason,tari eason,2025,2.3,7,132,3.6,-1.3
Jarrett Allen,jarrett allen,2020,-0.1,4,132,2.3,-2.4
Javonte Green,javonte green,2026,-1.0,11,132,2.1,-3.1
Tristan Thompson,tristan thompson,2021,1.4,5,132,-2.5,3.9
Seth Curry,seth curry,2022,3.0,4,132,-1.0,4.0
Malik Beasley,malik beasley,2024,-0.5,6,131,-1.8,1.3
Onyeka Okongwu,onyeka okongwu,2023,-1.9,6,131,0.8,-2.7
Justin Holiday,justin holiday,2020,1.1,4,131,1.3,-0.2
Ben McLemore,ben mclemore,2020,-0.6,11,130,-0.5,-0.1
Chris Boucher,chris boucher,2022,5.3,6,130,0.1,5.2
Larry Nance Jr.,larry nance jr.,2022,3.2,6,130,0.3,2.9
Jaden McDaniels,jaden mcdaniels,2022,4.1,6,130,-2.9,7.0
Nic Claxton,nic claxton,2021,-0.4,12,130,0.4,-0.8
Al Horford,al horford,2020,-1.3,4,129,2.2,-3.5
Oso Ighodaro,oso ighodaro,2026,-0.4,4,129,0.1,-0.5
Jaden Hardy,jaden hardy,2024,1.0,19,129,-4.1,5.1
Jarred Vanderbilt,jarred vanderbilt,2022,-0.5,6,129,0.2,-0.7
Derrick Jones Jr.,derrick jones jr.,2025,-0.1,7,129,-0.3,0.2
Kyle Kuzma,kyle kuzma,2021,-5.9,6,129,-0.4,-5.5
Georges Niang,georges niang,2021,-8.2,11,129,-0.3,-7.9
Scotty Pippen Jr.,scotty pippen jr.,2025,-0.8,4,129,1.9,-2.7
Isaac Okoro,isaac okoro,2025,-1.2,9,128,-0.5,-0.7
Alec Burks,alec burks,2021,3.9,5,128,1.5,2.4
Jarrett Allen,jarrett allen,2024,8.4,4,127,3.0,5.4
Jaylin Williams,jaylin williams,2024,6.5,10,127,1.1,5.4
Haywood Highsmith,haywood highsmith,2024,-6.4,5,126,-0.7,-5.7
Darius Bazley,darius bazley,2020,5.7,7,126,-1.6,7.3
Shake Milton,shake milton,2020,1.3,4,126,-1.0,2.3
Jevon Carter,jevon carter,2022,-1.2,11,126,-4.4,3.2
Frank Ntilikina,frank ntilikina,2022,-3.7,12,125,-1.9,-1.8
Sam Merrill,sam merrill,2024,-2.6,10,125,0.5,-3.1
PJ Dozier,pj dozier,2020,-5.3,12,125,-3.8,-1.5
Pat Connaughton,pat connaughton,2024,0.5,6,124,-1.6,2.1
Victor Oladipo,victor oladipo,2020,-0.7,4,123,-3.3,2.6
Jaime Jaquez Jr.,jaime jaquez jr.,2024,-3.9,4,123,-1.9,-2.0
John Collins,john collins,2022,-0.9,5,122,1.5,-2.4
Santi Aldama,santi aldama,2025,1.3,4,122,3.2,-1.9
Semi Ojeleye,semi ojeleye,2020,-4.1,13,122,-1.7,-2.4
Franz Wagner,franz wagner,2026,7.2,4,122,2.5,4.7
Andrew Wiggins,andrew wiggins,2025,-5.5,4,122,1.0,-6.5
Josh Green,josh green,2022,-5.0,16,121,-1.0,-4.0
Alec Burks,alec burks,2024,8.3,6,121,-0.4,8.7
Shake Milton,shake milton,2021,-7.7,12,121,-1.6,-6.1
Alex Caruso,alex caruso,2021,-5.7,6,121,0.0,-5.7
Georges Niang,georges niang,2024,-10.8,10,121,-2.9,-7.9
Trey Murphy III,trey murphy iii,2022,0.5,6,120,-1.2,1.7
Tyus Jones,tyus jones,2023,-2.3,6,120,1.6,-3.9
Kevon Looney,kevon looney,2025,-3.3,12,120,0.3,-3.6
Jeff Teague,jeff teague,2021,-6.3,16,119,-2.7,-3.6
Kyle Korver,kyle korver,2020,0.0,10,119,0.1,-0.1
Malik Beasley,malik beasley,2022,-2.6,6,119,-0.7,-1.9
Reggie Jackson,reggie jackson,2024,-7.0,12,117,-3.2,-3.8
Nic Claxton,nic claxton,2023,3.5,4,117,3.1,0.4
Jarace Walker,jarace walker,2025,-3.9,12,117,-0.9,-3.0
Jose Alvarado,jose alvarado,2022,-0.1,6,117,1.9,-2.0
Daniel Gafford,daniel gafford,2021,6.1,5,117,4.0,2.1
Bones Hyland,bones hyland,2026,-3.2,10,116,1.7,-4.9
Bruce Brown,bruce brown,2026,-2.4,6,116,-2.4,0.0
Grayson Allen,grayson allen,2021,-5.7,5,116,-0.2,-5.5
Russell Westbrook,russell westbrook,2024,-5.7,6,114,0.5,-6.2
Steven Adams,steven adams,2022,-1.1,7,114,2.0,-3.1
Georges Niang,georges niang,2020,0.3,7,114,-0.1,0.4
Collin Gillespie,collin gillespie,2026,2.8,4,114,2.5,0.3
Jake LaRavia,jake laravia,2026,-5.6,8,114,-1.2,-4.4
Jalen Brunson,jalen brunson,2021,0.1,7,114,0.9,-0.8
Jeff Green,jeff green,2022,-3.3,5,113,-2.5,-0.8
Alex Caruso,alex caruso,2022,3.3,4,113,0.2,3.1
Raul Neto,raul neto,2021,-5.8,5,112,-0.6,-5.2
Jerami Grant,jerami grant,2026,-1.6,5,112,0.0,-1.6
Amir Coffey,amir coffey,2024,-7.1,6,112,-2.2,-4.9
Danuel House Jr.,danuel house jr.,2022,-3.4,6,112,1.2,-4.6
Danilo Gallinari,danilo gallinari,2022,-1.8,5,112,-0.2,-1.6
Taurean Prince,taurean prince,2024,-1.5,5,111,-2.8,1.3
Ish Smith,ish smith,2021,-2.6,5,111,-1.5,-1.1
Wesley Matthews,wesley matthews,2021,-3.0,6,110,-1.7,-1.3
Romeo Langford,romeo langford,2021,-0.1,4,109,-4.6,4.5
Paul Millsap,paul millsap,2021,2.1,9,109,1.0,1.1
Justin Edwards,justin edwards,2026,-9.3,9,109,-1.3,-8.0
Austin Rivers,austin rivers,2022,-2.4,5,108,-3.8,1.4
Onyeka Okongwu,onyeka okongwu,2022,-1.5,5,108,0.8,-2.3
Sam Hauser,sam hauser,2025,-2.5,8,108,0.8,-3.3
Zach Edey,zach edey,2025,2.6,4,108,-0.1,2.7
Luke Kennard,luke kennard,2023,4.8,5,107,-1.4,6.2
Delon Wright,delon wright,2024,3.9,4,107,0.5,3.4
Anfernee Simons,anfernee simons,2021,3.6,6,107,-1.0,4.6
Jalen Williams,jalen williams,2026,6.8,5,107,2.1,4.7
Bobby Portis,bobby portis,2023,-0.8,5,107,0.7,-1.5
Tristan Da Silva,tristan da silva,2026,-5.1,7,107,-0.6,-4.5
Donovan Clingan,donovan clingan,2026,-2.7,5,107,3.0,-5.7
Markelle Fultz,markelle fultz,2024,-1.6,7,106,-1.4,-0.2
Hassan Whiteside,hassan whiteside,2020,-1.1,5,106,3.2,-4.3
Andre Drummond,andre drummond,2021,0.2,5,105,-0.8,1.0
Moses Moody,moses moody,2022,1.7,13,105,-2.5,4.2
Moritz Wagner,moritz wagner,2024,-2.5,7,105,2.0,-4.5
Royce O'Neale,royce o'neale,2024,-5.5,4,104,-0.7,-4.8
Kyle Anderson,kyle anderson,2023,3.7,4,104,2.5,1.2
Sam Hauser,sam hauser,2023,-2.2,15,104,1.0,-3.2
Sandro Mamukelashvili,sandro mamukelashvili,2026,-0.8,7,104,2.8,-3.6
Josh Okogie,josh okogie,2026,-0.6,6,104,-1.2,0.6
Cole Anthony,cole anthony,2024,-4.8,7,103,0.1,-4.9
Mike James,mike james,2021,-5.9,9,103,-4.4,-1.5
Cameron Payne,cameron payne,2025,-9.8,14,102,-0.2,-9.6
Jalen McDaniels,jalen mcdaniels,2023,-5.0,8,102,-2.6,-2.4
Kyle Kuzma,kyle kuzma,2025,-10.9,5,102,-4.7,-6.2
Enes Freedom,enes freedom,2020,-1.2,11,102,1.5,-2.7
Santi Aldama,santi aldama,2023,4.0,6,101,0.5,3.5
Dorian Finney-Smith,dorian finney-smith,2023,-1.2,4,101,-3.7,2.5
Taurean Prince,taurean prince,2023,-4.0,5,100,-3.3,-0.7
Duncan Robinson,duncan robinson,2021,-0.8,4,100,-1.0,0.2
Baylor Scheierman,baylor scheierman,2026,2.9,7,99,0.6,2.3
Desmond Bane,desmond bane,2021,3.7,5,99,-0.8,4.5
Gabe Vincent,gabe vincent,2025,-3.4,5,99,-4.0,0.6
Nic Claxton,nic claxton,2022,6.6,4,98,0.5,6.1
Coby White,coby white,2022,-4.5,5,98,-2.1,-2.4
Royce O'Neale,royce o'neale,2026,5.1,4,97,0.7,4.4
Nerlens Noel,nerlens noel,2020,-1.6,7,97,3.1,-4.7
Derrick Jones Jr.,derrick jones jr.,2020,3.1,15,97,0.7,2.4
Donte DiVincenzo,donte divincenzo,2026,8.5,4,96,0.8,7.7
Trevor Ariza,trevor ariza,2021,-4.7,4,96,-1.1,-3.6
Dominick Barlow,dominick barlow,2026,-0.8,9,96,-1.1,0.3
Adem Bona,adem bona,2026,-9.0,10,96,-2.9,-6.1
Alec Burks,alec burks,2020,-3.5,4,95,0.1,-3.6
Josh Richardson,josh richardson,2021,-4.7,7,94,-1.7,-3.0
Tyler Johnson,tyler johnson,2020,0.3,4,93,-3.6,3.9
Gabe Vincent,gabe vincent,2026,-3.3,6,93,-4.8,1.5
Kendrick Nunn,kendrick nunn,2021,-3.8,4,93,-0.5,-3.3
Tyler Herro,tyler herro,2021,-2.2,4,93,-1.3,-0.9
Nicolas Batum,nicolas batum,2023,-0.4,5,92,0.5,-0.9
Nerlens Noel,nerlens noel,2021,-0.5,5,92,1.4,-1.9
Mason Plumlee,mason plumlee,2023,7.6,5,91,2.4,5.2
Giannis Antetokounmpo,giannis antetokounmpo,2023,2.0,3,91,8.5,-6.5
Kemba Walker,kemba walker,2021,-9.1,3,91,2.1,-11.2
Peyton Watson,peyton watson,2024,-6.6,10,90,-2.2,-4.4
Jordan Walsh,jordan walsh,2026,-2.2,7,89,0.2,-2.4
Aaron Gordon,aaron gordon,2026,-2.1,3,89,1.7,-3.8
Anthony Black,anthony black,2025,-0.5,5,89,-1.9,1.4
Khem Birch,khem birch,2020,-1.4,5,89,-2.4,1.0
Keon Ellis,keon ellis,2026,-0.9,12,89,-1.9,1.0
Joe Ingles,joe ingles,2023,0.2,5,89,-0.7,0.9
Pat Connaughton,pat connaughton,2023,7.3,4,88,-1.0,8.3
Julian Strawther,julian strawther,2025,-2.0,9,88,-4.5,2.5
Marc Gasol,marc gasol,2021,10.7,5,87,2.3,8.4
Thaddeus Young,thaddeus young,2022,1.7,6,87,2.0,-0.3
Bones Hyland,bones hyland,2022,-1.1,5,87,-0.4,-0.7
Tristan Thompson,tristan thompson,2024,0.5,10,87,-1.4,1.9
Ayo Dosunmu,ayo dosunmu,2022,-5.3,5,86,-2.0,-3.3
Bismack Biyombo,bismack biyombo,2022,-2.3,9,86,-1.3,-1.0
Paul Reed,paul reed,2026,9.3,9,86,5.3,4.0
Juwan Morgan,juwan morgan,2020,-4.1,7,86,-3.2,-0.9
Ajay Mitchell,ajay mitchell,2025,-1.4,12,84,-1.6,0.2
Haywood Highsmith,haywood highsmith,2025,2.0,4,84,-1.9,3.9
Naji Marshall,naji marshall,2024,3.7,4,84,-0.7,4.4
Larry Nance Jr.,larry nance jr.,2024,1.7,4,84,2.0,-0.3
Terence Davis,terence davis,2020,-1.2,6,84,0.8,-2.0
Matt Thomas,matt thomas,2020,2.9,10,84,1.1,1.8
Jordan McLaughlin,jordan mclaughlin,2022,7.7,5,83,0.4,7.3
De'Anthony Melton,de'anthony melton,2021,-2.9,5,83,2.3,-5.2
Jaxson Hayes,jaxson hayes,2022,-4.9,6,83,0.2,-5.1
Landry Shamet,landry shamet,2025,-0.7,11,83,-2.4,1.7
Will Barton,will barton,2021,2.3,3,83,-1.9,4.2
Goga Bitadze,goga bitadze,2026,-2.0,6,83,2.8,-4.8
Gary Harris,gary harris,2025,-3.1,5,83,-2.7,-0.4
Bones Hyland,bones hyland,2023,-6.8,5,82,-0.8,-6.0
Anfernee Simons,anfernee simons,2020,0.9,4,82,-4.5,5.4
Ja Morant,ja morant,2025,4.5,3,82,2.4,2.1
T.J. Warren,t.j. warren,2023,-4.5,6,81,-1.9,-2.6
Kawhi Leonard,kawhi leonard,2023,13.8,2,80,6.1,7.7
Trayce Jackson-Davis,trayce jackson-davis,2025,2.9,9,80,1.2,1.7
Luke Kennard,luke kennard,2025,-0.6,4,80,1.1,-1.7
Tony Bradley,tony bradley,2025,-4.4,11,78,1.2,-5.6
Bismack Biyombo,bismack biyombo,2023,-1.5,8,78,-0.9,-0.6
Immanuel Quickley,immanuel quickley,2021,-6.6,5,77,0.9,-7.5
George Hill,george hill,2022,-8.0,5,76,-1.6,-6.4
David Roddy,david roddy,2023,-1.6,6,76,-3.9,2.3
Ariel Hukporti,ariel hukporti,2026,-4.3,10,76,-2.3,-2.0
Wes Iwundu,wes iwundu,2020,-2.1,5,76,-2.6,0.5
Jarred Vanderbilt,jarred vanderbilt,2026,-6.0,7,75,-1.5,-4.5
Isaac Okoro,isaac okoro,2023,2.4,5,75,-0.3,2.7
Matisse Thybulle,matisse thybulle,2020,-3.1,4,75,0.3,-3.4
Damian Lillard,damian lillard,2025,-6.8,3,75,4.0,-10.8
Aaron Nesmith,aaron nesmith,2021,-7.0,5,75,-3.2,-3.8
Aaron Wiggins,aaron wiggins,2026,-6.0,13,75,-0.9,-5.1
Brook Lopez,brook lopez,2025,-3.6,5,74,0.8,-4.4
Robin Lopez,robin lopez,2021,0.2,5,73,-1.0,1.2
Spencer Dinwiddie,spencer dinwiddie,2024,-1.5,5,73,-1.3,-0.2
Kel'el Ware,kel'el ware,2025,-0.8,4,73,-0.1,-0.7
Joe Harris,joe harris,2020,0.4,2,72,-0.2,0.6
Javonte Green,javonte green,2022,-6.3,5,72,0.1,-6.4
Kenrich Williams,kenrich williams,2026,1.8,11,72,0.2,1.6
Patty Mills,patty mills,2022,0.6,4,72,-1.7,2.3
Khris Middleton,khris middleton,2022,0.9,2,72,1.6,-0.7
Gui Santos,gui santos,2025,0.4,10,72,-1.7,2.1
Aaron Holiday,aaron holiday,2020,1.6,4,72,-1.6,3.2
Andre Iguodala,andre iguodala,2021,0.6,4,71,-0.4,1.0
Jamison Battle,jamison battle,2026,0.4,6,71,-2.6,3.0
Donte DiVincenzo,donte divincenzo,2021,-4.5,3,70,0.2,-4.7
Terrence Ross,terrence ross,2023,-6.8,6,69,-3.1,-3.7
Tyler Johnson,tyler johnson,2021,-3.9,8,69,-3.4,-0.5
Jonathan Isaac,jonathan isaac,2025,0.1,5,69,0.7,-0.6
Torrey Craig,torrey craig,2022,0.3,9,69,-2.2,2.5
Gabe Vincent,gabe vincent,2024,-8.3,5,69,-6.5,-1.8
JaMychal Green,jamychal green,2022,-7.1,5,69,-1.8,-5.3
John Konchar,john konchar,2025,0.9,4,69,1.7,-0.8
Joe Ingles,joe ingles,2024,2.6,7,68,-0.5,3.1
Frank Kaminsky,frank kaminsky,2021,4.9,10,68,1.3,3.6
Mario Hezonja,mario hezonja,2020,-0.3,5,68,-2.9,2.6
Aaron Holiday,aaron holiday,2026,-10.4,6,67,-2.4,-8.0
Shaedon Sharpe,shaedon sharpe,2026,1.2,5,67,-1.4,2.6
Monte Morris,monte morris,2024,-5.7,9,67,2.0,-7.7
Payton Pritchard,payton pritchard,2021,-2.1,5,67,-0.7,-1.4
Tony Snell,tony snell,2021,-11.7,9,66,-0.5,-11.2
Mason Plumlee,mason plumlee,2024,-2.4,6,66,-0.8,-1.6
Obi Toppin,obi toppin,2021,1.6,5,65,-0.7,2.3
Taurean Prince,taurean prince,2022,-1.0,5,65,-0.9,-0.1
Hassan Whiteside,hassan whiteside,2022,2.2,6,65,2.1,0.1
Doug McDermott,doug mcdermott,2024,0.5,10,64,-2.9,3.4
Pat Spencer,pat spencer,2025,1.8,8,63,-1.6,3.4
Willie Cauley-Stein,willie cauley-stein,2021,0.8,6,63,-1.3,2.1
Khem Birch,khem birch,2022,-5.2,6,63,-1.3,-3.9
Dean Wade,dean wade,2024,-3.1,3,63,0.1,-3.2
Jose Alvarado,jose alvarado,2024,-6.0,4,62,-0.1,-5.9
Kyle Anderson,kyle anderson,2026,-2.6,8,61,-0.3,-2.3
Andre Iguodala,andre iguodala,2022,-2.2,7,61,2.7,-4.9
Marcus Sasser,marcus sasser,2026,2.4,6,61,-1.7,4.1
Furkan Korkmaz,furkan korkmaz,2022,2.6,9,61,-3.1,5.7
Taurean Prince,taurean prince,2025,-6.8,5,61,-1.7,-5.1
Cameron Payne,cameron payne,2024,1.6,5,61,-1.5,3.1
Jarred Vanderbilt,jarred vanderbilt,2025,-0.7,5,60,-1.0,0.3
Devonte' Graham,devonte' graham,2022,-1.1,6,60,-1.0,-0.1
Andre Jackson Jr.,andre jackson jr.,2024,2.5,5,60,-3.6,6.1
Andre Drummond,andre drummond,2022,-3.2,4,60,1.3,-4.5
Luka Garza,luka garza,2026,3.8,7,59,2.4,1.4
Duncan Robinson,duncan robinson,2025,-11.6,4,59,-1.7,-9.9
Jabari Parker,jabari parker,2021,-0.4,4,59,0.7,-1.1
Derrick Jones Jr.,derrick jones jr.,2022,-5.8,5,59,-0.9,-4.9
Kawhi Leonard,kawhi leonard,2024,2.6,2,59,5.5,-2.9
DeMarcus Cousins,demarcus cousins,2021,0.4,7,58,-0.1,0.5
Jericho Sims,jericho sims,2025,-3.3,5,58,-3.5,0.2
Terence Davis,terence davis,2023,0.7,4,58,-1.5,2.2
Rodions Kurucs,rodions kurucs,2020,-4.4,4,58,-2.8,-1.6
DeMarcus Cousins,demarcus cousins,2022,11.8,5,57,-3.1,14.9
Jalen Pickett,jalen pickett,2025,-8.1,8,57,-1.5,-6.6
Dewayne Dedmon,dewayne dedmon,2021,-3.4,4,57,1.7,-5.1
Grant Williams,grant williams,2021,2.1,5,57,-3.7,5.8
Terrence Shannon Jr.,terrence shannon jr.,2025,4.0,9,57,-2.1,6.1
Payton Pritchard,payton pritchard,2023,5.0,10,57,-3.4,8.4
Jaylen Clark,jaylen clark,2026,-3.2,6,57,-2.4,-0.8
Jalen Johnson,jalen johnson,2023,1.8,6,56,0.3,1.5
Enes Freedom,enes freedom,2021,-8.3,5,56,0.6,-8.9
Naji Marshall,naji marshall,2022,3.0,6,56,-3.2,6.2
John Konchar,john konchar,2022,-1.3,8,56,1.5,-2.8
Michael Kidd-Gilchrist,michael kidd-gilchrist,2020,-5.0,6,55,-6.9,1.9
Oshae Brissett,oshae brissett,2024,2.7,10,55,-1.8,4.5
Corey Kispert,corey kispert,2026,-12.8,5,54,-2.3,-10.5
Alex Len,alex len,2023,-5.0,7,54,-4.0,-1.0
Naz Reid,naz reid,2022,-1.9,5,54,0.0,-1.9
Doug McDermott,doug mcdermott,2020,-9.9,4,54,0.0,-9.9
Matisse Thybulle,matisse thybulle,2026,-2.7,4,53,4.4,-7.1
Delon Wright,delon wright,2020,0.5,4,53,1.9,-1.4
Tyler Kolek,tyler kolek,2026,-1.0,8,53,-0.6,-0.4
Paul Reed,paul reed,2025,2.0,5,53,2.9,-0.9
Wenyen Gabriel,wenyen gabriel,2020,0.4,4,53,-3.8,4.2
Patty Mills,patty mills,2024,-2.1,3,52,-5.3,3.2
Dwight Powell,dwight powell,2021,8.2,7,52,0.6,7.6
Aaron Nesmith,aaron nesmith,2022,-1.7,15,52,-4.3,2.6
Pelle Larsson,pelle larsson,2025,-0.5,4,52,-3.1,2.6
Buddy Hield,buddy hield,2024,-1.3,4,51,0.2,-1.5
A.J. Lawson,a.j. lawson,2026,-9.0,7,51,-1.0,-8.0
Cole Anthony,cole anthony,2025,-16.4,5,51,0.1,-16.5
JaKarr Sampson,jakarr sampson,2020,-0.8,4,50,-1.4,0.6
Mouhamed Gueye,mouhamed gueye,2026,-7.3,6,50,-1.3,-6.0
Dorian Finney-Smith,dorian finney-smith,2026,-11.4,4,49,-4.3,-7.1
Juan Toscano-Anderson,juan toscano-anderson,2022,-4.4,14,49,-0.8,-3.6
John Konchar,john konchar,2023,-2.0,5,49,0.5,-2.5
Tony Bradley,tony bradley,2020,-7.0,6,48,1.3,-8.3
Talen Horton-Tucker,talen horton-tucker,2021,-1.9,4,48,-1.2,-0.7
Delon Wright,delon wright,2025,0.3,6,48,-2.5,2.8
Caleb Houstan,caleb houstan,2025,-12.6,5,47,-2.2,-10.4
Tyus Jones,tyus jones,2021,-3.2,5,47,0.8,-4.0
E'Twaun Moore,e'twaun moore,2021,-0.7,7,46,-2.9,2.2
Romeo Langford,romeo langford,2020,-4.2,7,46,-4.9,0.7
Gordon Hayward,gordon hayward,2024,-1.9,7,46,-1.8,-0.1
Dillon Jones,dillon jones,2025,7.5,10,46,-4.0,11.5
Jordan McLaughlin,jordan mclaughlin,2026,9.9,10,46,0.6,9.3
Austin Rivers,austin rivers,2023,-2.2,4,46,-2.8,0.6
Kevin Huerter,kevin huerter,2026,-0.6,5,46,-1.0,0.4
Khaman Maluach,khaman maluach,2026,-8.6,4,45,-3.7,-4.9
Thanasis Antetokounmpo,thanasis antetokounmpo,2021,-1.1,13,45,-3.5,2.4
Dwight Powell,dwight powell,2024,-6.0,13,44,-0.3,-5.7
Mohamed Diawara,mohamed diawara,2026,-9.8,6,43,-1.7,-8.1
Grayson Allen,grayson allen,2024,-5.5,2,43,1.3,-6.8
Chris Boucher,chris boucher,2020,-7.2,7,43,2.0,-9.2
Paul Reed,paul reed,2024,-4.3,6,43,0.4,-4.7
Ben Simmons,ben simmons,2025,-2.9,5,42,-1.0,-1.9
Danuel House Jr.,danuel house jr.,2023,-5.3,7,42,-3.0,-2.3
Alex Len,alex len,2021,-1.8,5,42,0.2,-2.0
Bronny James,bronny james,2026,-2.8,8,42,-4.3,1.5
Terrance Ferguson,terrance ferguson,2020,-7.0,4,42,-4.5,-2.5
Solomon Hill,solomon hill,2020,2.5,7,42,-1.4,3.9
Jalen Smith,jalen smith,2024,-4.4,7,42,2.4,-6.8
Jae Crowder,jae crowder,2024,-7.8,4,42,-2.6,-5.2
Edmond Sumner,edmond sumner,2020,-12.9,3,41,-2.9,-10.0
Tony Bradley,tony bradley,2026,4.9,4,41,-4.1,9.0
Thomas Bryant,thomas bryant,2026,-5.8,9,41,0.1,-5.9
Jaylen Hoard,jaylen hoard,2020,-4.2,3,41,-2.1,-2.1
Jae Crowder,jae crowder,2023,-11.8,4,41,1.2,-13.0
Kevin Durant,kevin durant,2026,-1.7,1,41,4.5,-6.2
Miye Oni,miye oni,2021,-10.7,8,41,-1.7,-9.0
Wesley Matthews,wesley matthews,2023,4.8,2,41,-2.7,7.5
Clint Capela,clint capela,2022,-3.1,2,40,2.0,-5.1
Furkan Korkmaz,furkan korkmaz,2020,-11.8,4,40,-1.3,-10.5
Shaquille Harrison,shaquille harrison,2021,2.6,9,40,-3.6,6.2
Trendon Watford,trendon watford,2026,4.3,7,40,-1.9,6.2
Danny Green,danny green,2023,-4.8,4,40,1.2,-6.0
Rondae Hollis-Jefferson,rondae hollis-jefferson,2020,-0.8,5,39,0.3,-1.1
Javonte Green,javonte green,2025,2.4,6,39,-2.2,4.6
Montrezl Harrell,montrezl harrell,2021,4.1,4,39,3.0,1.1
Dalen Terry,dalen terry,2026,1.8,7,39,-1.3,3.1
Markieff Morris,markieff morris,2021,-7.1,4,38,-2.6,-4.5
Grayson Allen,grayson allen,2026,5.3,2,38,2.1,3.2
Tristan Thompson,tristan thompson,2022,-9.9,5,38,-3.7,-6.2
Vince Williams Jr.,vince williams jr.,2025,8.4,3,38,-2.8,11.2
Omer Yurtseven,omer yurtseven,2022,8.0,9,38,-1.0,9.0
Dion Waiters,dion waiters,2020,-7.3,5,38,-2.0,-5.3
Kevin Knox,kevin knox,2025,-2.1,5,38,-1.3,-0.8
Drew Eubanks,drew eubanks,2024,-1.7,3,37,-1.2,-0.5
Danilo Gallinari,danilo gallinari,2024,-4.0,3,37,-2.6,-1.4
Wenyen Gabriel,wenyen gabriel,2023,-6.4,10,37,-2.2,-4.2
Trey Burke,trey burke,2022,9.0,10,37,-5.0,14.0
Rondae Hollis-Jefferson,rondae hollis-jefferson,2021,-0.2,5,36,0.1,-0.3
Malachi Flynn,malachi flynn,2022,-14.4,6,36,-1.5,-12.9
DeAndre Jordan,deandre jordan,2025,-5.8,7,36,-1.2,-4.6
Ben McLemore,ben mclemore,2021,-5.2,4,36,-4.5,-0.7
Johnny Furphy,johnny furphy,2025,-8.8,11,35,-2.5,-6.3
Mamadi Diakite,mamadi diakite,2021,-6.7,7,35,-2.4,-4.3
Kelly Olynyk,kelly olynyk,2026,9.0,9,35,-0.1,9.1
Craig Porter Jr.,craig porter jr.,2025,8.4,6,35,1.1,7.3
Precious Achiuwa,precious achiuwa,2025,-4.7,8,34,-1.9,-2.8
Ryan Dunn,ryan dunn,2026,-13.1,4,34,-0.9,-12.2
Mike Scott,mike scott,2021,-3.2,5,34,-2.8,-0.4
Emmanuel Mudiay,emmanuel mudiay,2020,-6.6,3,34,-1.9,-4.7
Adou Thiero,adou thiero,2026,-9.1,6,34,-4.4,-4.7
Zeke Nnaji,zeke nnaji,2025,-6.5,6,34,-1.3,-5.2
JaVale McGee,javale mcgee,2021,-1.0,4,34,-1.1,0.1
Lindy Waters III,lindy waters iii,2026,3.2,9,34,-3.2,6.4
Max Christie,max christie,2023,2.0,9,33,-3.1,5.1
Anthony Gill,anthony gill,2021,-17.1,4,33,-1.3,-15.8
Kris Dunn,kris dunn,2021,-1.8,5,33,-13.7,11.9
Kenrich Williams,kenrich williams,2024,-4.7,7,32,-0.8,-3.9
Ousmane Dieng,ousmane dieng,2025,6.3,9,32,-0.9,7.2
Svi Mykhailiuk,svi mykhailiuk,2024,-9.5,8,32,-1.8,-7.7
Kevin Love,kevin love,2024,0.4,5,32,3.6,-3.2
Jordan Nwora,jordan nwora,2021,-8.0,5,31,-1.1,-6.9
Meyers Leonard,meyers leonard,2020,6.2,3,31,-0.9,7.1
DeAndre Jordan,deandre jordan,2022,1.0,3,31,-0.6,1.6
Jared Dudley,jared dudley,2020,-5.5,9,31,-0.7,-4.8
Jordan Goodwin,jordan goodwin,2025,-8.8,4,31,-0.8,-8.0
Haywood Highsmith,haywood highsmith,2022,0.4,8,31,-4.6,5.0
Jaxson Hayes,jaxson hayes,2025,-10.7,4,31,-0.3,-10.4
P.J. Tucker,p.j. tucker,2024,-3.6,2,31,-3.5,-0.1
Jarace Walker,jarace walker,2024,-10.9,9,31,0.2,-11.1
Jaylon Tyson,jaylon tyson,2025,15.6,4,31,-2.7,18.3
Sam Merrill,sam merrill,2021,-0.5,8,30,-1.0,0.5
Marquese Chriss,marquese chriss,2022,-1.1,8,30,-3.8,2.7
Ryan Rollins,ryan rollins,2025,-4.0,3,30,-0.5,-3.5
Jae'Sean Tate,jae'sean tate,2026,-7.5,5,30,-3.9,-3.6
Jordan McLaughlin,jordan mclaughlin,2024,-16.3,6,30,4.2,-20.5
Hunter Tyson,hunter tyson,2025,4.0,5,30,-4.8,8.8
A.J. Lawson,a.j. lawson,2024,0.1,10,30,-4.6,4.7
Tyus Jones,tyus jones,2026,0.6,3,30,-1.7,2.3
Troy Daniels,troy daniels,2020,2.0,6,30,-2.2,4.2
Nemanja Bjelica,nemanja bjelica,2021,10.1,2,30,-2.6,12.7
Jabari Walker,jabari walker,2026,-18.8,6,29,-2.7,-16.1
Tristan Thompson,tristan thompson,2025,-0.9,3,29,-4.6,3.7
Josh Okogie,josh okogie,2024,-3.6,4,29,-0.5,-3.1
Abdel Nader,abdel nader,2021,-8.0,5,29,0.0,-8.0
Justin Anderson,justin anderson,2020,7.0,3,28,-7.7,14.7
T.J. McConnell,t.j. mcconnell,2020,-9.1,3,28,0.5,-9.6
Shaquille Harrison,shaquille harrison,2023,2.8,8,28,0.1,2.7
Jaylen Clark,jaylen clark,2025,6.8,5,28,-0.2,7.0
Marvin Bagley III,marvin bagley iii,2025,9.2,2,28,-1.0,10.2
Terance Mann,terance mann,2020,-6.8,13,27,-1.5,-5.3
Jericho Sims,jericho sims,2024,6.7,5,27,-1.8,8.5
Aaron Holiday,aaron holiday,2025,-6.2,3,27,-0.2,-6.0
Raul Neto,raul neto,2020,-1.6,2,26,-1.8,0.2
Sidy Cissoko,sidy cissoko,2026,6.7,4,26,-4.0,10.7
Jeremy Sochan,jeremy sochan,2026,10.0,8,26,-3.0,13.0
Ish Wainright,ish wainright,2022,6.6,7,26,-2.0,8.6
Sterling Brown,sterling brown,2022,7.0,9,26,-2.9,9.9
Abdel Nader,abdel nader,2020,-1.7,3,25,-1.0,-0.7
Blake Griffin,blake griffin,2022,3.9,2,25,-0.5,4.4
Julian Phillips,julian phillips,2026,0.6,5,25,-2.9,3.5
Kris Murray,kris murray,2026,-10.9,5,25,-1.5,-9.4
Hamidou Diallo,hamidou diallo,2020,0.3,3,25,-3.9,4.2
Bismack Biyombo,bismack biyombo,2026,-9.4,9,25,-5.8,-3.6
Kendall Brown,kendall brown,2024,-12.2,7,25,-6.8,-5.4
Eric Paschall,eric paschall,2022,0.8,4,24,-0.5,1.3
Nik Stauskas,nik stauskas,2022,2.6,13,24,-1.3,3.9
Jaxson Hayes,jaxson hayes,2024,-12.3,4,24,-1.9,-10.4
Quinn Cook,quinn cook,2020,3.1,6,24,-3.8,6.9
Keita Bates-Diop,keita bates-diop,2020,-6.8,5,24,-0.9,-5.9
Josh Minott,josh minott,2025,-10.4,5,23,2.2,-12.6
Joan Beringer,joan beringer,2026,6.8,5,23,0.4,6.4
Braxton Key,braxton key,2025,-10.0,5,23,-13.6,3.6
Alize Johnson,alize johnson,2021,1.0,5,23,2.7,-1.7
Zaccharie Risacher,zaccharie risacher,2026,-6.9,3,23,-2.5,-4.4
Serge Ibaka,serge ibaka,2022,-21.1,6,22,-1.0,-20.1
Jaden Springer,jaden springer,2024,-3.9,4,22,-3.4,-0.5
Shake Milton,shake milton,2024,-6.8,4,22,-4.2,-2.6
Jarrett Culver,jarrett culver,2022,-11.5,3,22,-5.4,-6.1
Reggie Perry,reggie perry,2021,-0.9,5,22,-6.7,5.8
Clint Capela,clint capela,2026,-6.9,4,22,0.4,-7.3
Jevon Carter,jevon carter,2021,-4.2,7,22,0.5,-4.7
Baylor Scheierman,baylor scheierman,2025,-9.6,4,22,-1.7,-7.9
Bol Bol,bol bol,2020,17.6,4,21,-3.0,20.6
Ish Wainright,ish wainright,2023,-5.6,6,21,-1.2,-4.4
Mike Muscala,mike muscala,2023,4.9,6,21,-1.4,6.3
Robin Lopez,robin lopez,2020,-1.2,3,21,-2.6,1.4
Craig Porter Jr.,craig porter jr.,2026,-11.2,7,21,2.0,-13.2
Torrey Craig,torrey craig,2025,8.6,5,21,-2.7,11.3
Miles McBride,miles mcbride,2023,-0.9,8,20,-2.3,1.4
Day'Ron Sharpe,day'ron sharpe,2023,7.2,2,20,-2.3,9.5
Mike Muscala,mike muscala,2020,-1.6,2,20,-0.1,-1.5
Donta Hall,donta hall,2020,-5.6,3,20,-2.1,-3.5
Stanley Johnson,stanley johnson,2020,3.2,3,20,-2.5,5.7
Thanasis Antetokounmpo,thanasis antetokounmpo,2022,-0.7,8,20,-3.5,2.8
Jordan Nwora,jordan nwora,2022,-11.1,8,20,-4.1,-7.0
Mike Scott,mike scott,2020,-2.2,4,20,-1.8,-0.4
Aaron Holiday,aaron holiday,2022,49.5,6,20,-2.1,51.6
Nae'Qwan Tomlin,nae'qwan tomlin,2026,5.0,7,19,-2.1,7.1
Luke Kornet,luke kornet,2022,3.8,9,19,2.1,1.7
Tyler Herro,tyler herro,2023,2.8,1,19,0.6,2.2
Luka Garza,luka garza,2025,11.1,5,19,-2.3,13.4
Rayjon Tucker,rayjon tucker,2022,-7.8,8,19,4.6,-12.4
Zeke Nnaji,zeke nnaji,2026,12.4,2,19,-3.5,15.9
Isaiah Stewart,isaiah stewart,2025,-2.8,1,19,0.6,-3.4
Hugo González,hugo gonzalez,2026,-11.7,4,19,-1.5,-10.2
Jaime Jaquez Jr.,jaime jaquez jr.,2025,-10.8,3,19,-0.9,-9.9
Reggie Jackson,reggie jackson,2023,1.7,6,18,-3.7,5.4
Josh Minott,josh minott,2024,-2.3,5,18,5.1,-7.4
Mason Plumlee,mason plumlee,2026,3.2,6,18,1.1,2.1
James Johnson,james johnson,2025,6.7,5,18,-9.7,16.4
Jay Huff,jay huff,2025,9.2,2,18,3.5,5.7
Thomas Bryant,thomas bryant,2024,4.4,2,18,-0.4,4.8
Serge Ibaka,serge ibaka,2021,12.0,2,18,1.4,10.6
Nick Smith Jr.,nick smith jr.,2026,6.5,6,18,-4.7,11.2
Jalen Smith,jalen smith,2021,-1.0,6,18,-6.1,5.1
Julian Strawther,julian strawther,2026,-11.5,2,18,-2.3,-9.2
Zeke Nnaji,zeke nnaji,2021,12.3,5,18,-1.7,14.0
Rasheer Fleming,rasheer fleming,2026,11.9,4,18,-3.8,15.7
Dalton Knecht,dalton knecht,2026,5.5,5,18,-3.6,9.1
Jaden Springer,jaden springer,2023,3.5,4,17,0.3,3.2
Dyson Daniels,dyson daniels,2024,-4.6,3,17,0.6,-5.2
Lance Thomas,lance thomas,2020,-11.8,3,17,-8.2,-3.6
Ricky Rubio,ricky rubio,2023,-14.7,3,17,-2.8,-11.9
Garrison Mathews,garrison mathews,2021,-13.7,3,17,-1.8,-11.9
Jevon Carter,jevon carter,2026,-2.4,3,17,-1.1,-1.3
Trey Burke,trey burke,2021,-18.7,2,17,-1.8,-16.9
Talen Horton-Tucker,talen horton-tucker,2020,4.7,2,17,-2.1,6.8
Skylar Mays,skylar mays,2021,6.8,7,17,1.9,4.9
Amir Coffey,amir coffey,2021,6.7,10,16,-2.0,8.7
Rob Dillingham,rob dillingham,2025,6.4,3,16,-4.2,10.6
Justin Jackson,justin jackson,2020,-16.2,3,16,-3.4,-12.8
Rodney McGruder,rodney mcgruder,2020,11.8,5,16,-3.0,14.8
Julian Strawther,julian strawther,2024,-6.2,3,16,-6.0,-0.2
Cam Thomas,cam thomas,2023,-13.2,2,16,-2.7,-10.5
Daniel Oturu,daniel oturu,2021,-6.0,8,15,-5.2,-0.8
Isaiah Joe,isaiah joe,2022,-15.0,7,15,-4.6,-10.4
Kobe Brown,kobe brown,2025,29.4,3,15,-2.1,31.5
Alec Burks,alec burks,2025,9.8,1,15,0.3,9.5
Mamadi Diakite,mamadi diakite,2024,-8.0,4,15,11.6,-19.6
Juwan Morgan,juwan morgan,2022,-6.9,9,15,-7.3,0.4
Jordan Walsh,jordan walsh,2025,-5.0,5,15,-3.9,-1.1
Sam Hauser,sam hauser,2022,1.9,7,15,2.3,-0.4
Justin Jackson,justin jackson,2021,4.1,5,15,-3.2,7.3
Yogi Ferrell,yogi ferrell,2021,-2.2,9,15,0.7,-2.9
Langston Galloway,langston galloway,2021,-14.6,2,15,-0.9,-13.7
Keaton Wallace,keaton wallace,2026,-3.6,3,15,-2.7,-0.9
DeAndre Jordan,deandre jordan,2023,-2.6,4,14,-1.8,-0.8
Peyton Watson,peyton watson,2023,-2.1,5,14,-2.8,0.7
Nathan Knight,nathan knight,2021,-10.8,6,14,-3.7,-7.1
Joe Ingles,joe ingles,2026,13.6,3,14,0.2,13.4
Caleb Houstan,caleb houstan,2024,1.9,3,14,-1.9,3.8
Maxi Kleber,maxi kleber,2026,-3.8,3,14,-3.9,0.1
Jordan McLaughlin,jordan mclaughlin,2023,-18.1,2,14,-0.7,-17.4
Pat Connaughton,pat connaughton,2025,-15.6,3,14,-2.3,-13.3
Miye Oni,miye oni,2020,1.8,2,14,-4.3,6.1
Gabe Vincent,gabe vincent,2021,1.8,3,14,-5.4,7.2
Kyle Anderson,kyle anderson,2025,-16.2,2,14,2.3,-18.5
Zeke Nnaji,zeke nnaji,2024,-5.2,3,14,-3.7,-1.5
Nassir Little,nassir little,2024,-0.2,4,14,-3.0,2.8
Hunter Tyson,hunter tyson,2024,-16.5,3,14,-8.9,-7.6
Elfrid Payton,elfrid payton,2021,-13.0,2,13,-3.0,-10.0
Bol Bol,bol bol,2024,-6.8,3,13,2.1,-8.9
Drew Eubanks,drew eubanks,2025,-12.3,3,13,0.0,-12.3
Jaden Springer,jaden springer,2022,0.4,5,13,17.1,-16.7
Jordan Miller,jordan miller,2025,14.6,3,13,-2.8,17.4
Moritz Wagner,moritz wagner,2026,-10.5,2,13,-2.2,-8.3
Jarrell Brantley,jarrell brantley,2020,-21.7,2,13,-4.6,-17.1
Leonard Miller,leonard miller,2025,9.6,3,13,-3.7,13.3
Neemias Queta,neemias queta,2025,18.1,4,13,-0.7,18.8
Cam Christie,cam christie,2025,2.9,3,13,-2.5,5.4
JD Davison,jd davison,2025,-14.4,4,13,-6.2,-8.2
Buddy Hield,buddy hield,2026,4.4,2,13,-1.0,5.4
Neemias Queta,neemias queta,2024,0.5,3,13,1.5,-1.0
DeAndre Jordan,deandre jordan,2024,-0.3,2,13,-1.7,1.4
Facundo Campazzo,facundo campazzo,2022,-19.4,4,13,-0.8,-18.6
Tyrese Proctor,tyrese proctor,2026,-14.3,4,13,-2.8,-11.5
Markieff Morris,markieff morris,2024,-12.9,1,12,-5.3,-7.6
Bones Hyland,bones hyland,2024,16.3,3,12,-3.6,19.9
Charles Bassey,charles bassey,2022,1.8,3,12,1.7,0.1
Semi Ojeleye,semi ojeleye,2021,-13.9,2,12,-2.4,-11.5
Zeke Nnaji,zeke nnaji,2023,2.2,5,12,-3.7,5.9
Jordan Hawkins,jordan hawkins,2024,-20.2,3,12,-3.1,-17.1
Jaylen Nowell,jaylen nowell,2022,-9.6,1,12,0.8,-10.4
Robert Covington,robert covington,2023,-7.6,2,12,1.7,-9.3
Alfonzo McKinnie,alfonzo mckinnie,2021,-16.0,2,12,-0.4,-15.6
Precious Achiuwa,precious achiuwa,2021,-8.5,3,12,-4.1,-4.4
Ziaire Williams,ziaire williams,2023,-8.2,4,12,-5.6,-2.6
Ish Smith,ish smith,2023,-6.9,4,12,-6.6,-0.3
Lamar Stevens,lamar stevens,2025,-13.3,2,12,-4.2,-9.1
Paul Reed,paul reed,2021,0.8,3,11,-1.0,1.8
Goga Bitadze,goga bitadze,2025,-4.4,3,11,2.5,-6.9
Haywood Highsmith,haywood highsmith,2026,-16.1,2,11,3.8,-19.9
Jeff Green,jeff green,2026,-22.2,2,11,-5.6,-16.6
Patrick Baldwin Jr.,patrick baldwin jr.,2023,-12.3,3,11,-2.1,-10.2
Anthony Black,anthony black,2024,-1.1,2,11,-3.0,1.9
Rayjon Tucker,rayjon tucker,2020,-13.2,2,11,-6.1,-7.1
Furkan Korkmaz,furkan korkmaz,2023,-9.8,3,11,-4.4,-5.4
Jalen Pickett,jalen pickett,2024,7.2,3,11,-3.3,10.5
Jordan Walsh,jordan walsh,2024,-8.6,3,11,-3.8,-4.8
Asa Newell,asa newell,2026,3.4,2,11,-1.5,4.9
T.J. Warren,t.j. warren,2024,-4.6,3,11,-4.5,-0.1
Yuta Watanabe,yuta watanabe,2022,-19.9,4,10,-2.0,-17.9
Kobe Brown,kobe brown,2024,-4.7,3,10,-3.8,-0.9
Mo Bamba,mo bamba,2023,-3.1,3,10,1.3,-4.4
Derrick Jones Jr.,derrick jones jr.,2021,-8.6,2,10,-1.4,-7.2
MarJon Beauchamp,marjon beauchamp,2024,-14.8,4,10,-3.2,-11.6
Trent Forrest,trent forrest,2021,-6.9,4,10,-1.3,-5.6
Justin Champagnie,justin champagnie,2023,-19.2,4,10,-15.5,-3.7
Jamaree Bouyea,jamaree bouyea,2026,11.4,4,10,-0.4,11.8
Isaac Bonga,isaac bonga,2021,-20.0,4,10,-5.8,-14.2
Patrick Patterson,patrick patterson,2020,39.4,2,10,0.3,39.1
Jett Howard,jett howard,2024,-1.2,2,10,-1.8,0.6
Goga Bitadze,goga bitadze,2024,-5.3,2,10,2.1,-7.4
Reed Sheppard,reed sheppard,2025,1.3,3,10,-1.7,3.0
Gorgui Dieng,gorgui dieng,2022,-1.3,2,10,2.1,-3.4
Skylar Mays,skylar mays,2022,8.2,2,9,-2.0,10.2
Olivier-Maxence Prosper,olivier-maxence prosper,2024,-6.6,3,9,-2.9,-3.7
Jalen Johnson,jalen johnson,2022,-25.2,2,9,-4.9,-20.3
Kevin Knox,kevin knox,2022,62.6,2,9,-6.9,69.5
Lindy Waters III,lindy waters iii,2024,-12.0,3,9,1.9,-13.9
Brandon Clarke,brandon clarke,2021,-2.6,2,9,1.5,-4.1
Paul Watson,paul watson,2020,0.5,2,9,2.9,-2.4
Isaiah Joe,isaiah joe,2021,-11.2,4,9,-3.0,-8.2
Nassir Little,nassir little,2021,-8.3,3,9,-2.7,-5.6
Zeke Nnaji,zeke nnaji,2022,0.2,2,9,-2.2,2.4
Lamar Stevens,lamar stevens,2023,13.8,2,9,-2.8,16.6
Elfrid Payton,elfrid payton,2022,13.1,2,8,-3.5,16.6
Chaz Lanier,chaz lanier,2026,-5.6,3,8,-5.1,-0.5
Dalano Banton,dalano banton,2022,21.4,4,8,-3.1,24.5
Tony Bradley,tony bradley,2022,36.1,2,8,-1.8,37.9
Armoni Brooks,armoni brooks,2022,-30.3,4,8,-4.4,-25.9
Keshad Johnson,keshad johnson,2025,-10.0,2,8,-0.1,-9.9
Norvel Pelle,norvel pelle,2020,6.0,1,7,-5.2,11.2
Kessler Edwards,kessler edwards,2022,-4.4,2,7,-3.8,-0.6
Matt Thomas,matt thomas,2021,-20.9,3,7,-3.9,-17.0
De'Anthony Melton,de'anthony melton,2024,-13.9,1,7,0.5,-14.4
Leonard Miller,leonard miller,2024,-9.3,3,7,9.6,-18.9
Greg Monroe,greg monroe,2022,3.5,2,7,4.5,-1.0
Kessler Edwards,kessler edwards,2023,-6.2,6,7,-9.7,3.5
Amir Coffey,amir coffey,2020,10.5,3,7,-4.1,14.6
Ousmane Dieng,ousmane dieng,2024,-4.8,4,7,-3.0,-1.8
Juwan Morgan,juwan morgan,2021,2.7,2,6,-2.3,5.0
DeMarre Carroll,demarre carroll,2020,0.9,2,6,-1.1,2.0
Javonte Green,javonte green,2020,2.7,1,6,-0.7,3.4
Max Strus,max strus,2021,-16.4,2,6,-2.2,-14.2
Josh Minott,josh minott,2023,-1.9,1,6,-1.6,-0.3
Robin Lopez,robin lopez,2023,16.4,2,6,-3.0,19.4
Tremont Waters,tremont waters,2021,-9.1,3,6,0.3,-9.4
KZ Okpala,kz okpala,2021,-14.8,2,6,-7.1,-7.7
Kyle O'Quinn,kyle o'quinn,2020,-26.1,1,6,3.0,-29.1
PJ Dozier,pj dozier,2023,24.1,3,6,-7.8,31.9
Tyler Kolek,tyler kolek,2025,23.1,3,6,-2.8,25.9
Paul Millsap,paul millsap,2022,1.1,1,6,-3.1,4.2
Amir Coffey,amir coffey,2026,-23.9,4,6,-5.2,-18.7
Bol Bol,bol bol,2021,2.8,3,6,-4.1,6.9
Yang Hansen,yang hansen,2026,-19.6,4,5,-9.5,-10.1
Jared Butler,jared butler,2022,-18.6,1,5,-1.6,-17.0
Jeremiah Robinson-Earl,jeremiah robinson-earl,2024,-0.1,1,5,-2.2,2.1
JD Davison,jd davison,2026,-15.8,2,5,-1.1,-14.7
Jordan Goodwin,jordan goodwin,2026,-25.2,1,5,1.8,-27.0
Tristan Da Silva,tristan da silva,2025,-22.6,2,5,-2.6,-20.0
Nickeil Alexander-Walker,nickeil alexander-walker,2022,50.1,1,5,-3.0,53.1
Jock Landale,jock landale,2025,-9.5,1,5,0.4,-9.9
Patty Mills,patty mills,2023,-26.0,1,5,-3.1,-22.9
Malcolm Miller,malcolm miller,2020,-10.8,1,5,-2.3,-8.5
Larry Nance Jr.,larry nance jr.,2026,-15.5,2,5,-3.4,-12.1
Meyers Leonard,meyers leonard,2023,-15.7,2,5,-5.0,-10.7
Nathan Knight,nathan knight,2023,-25.9,2,5,-3.2,-22.7
Andre Jackson Jr.,andre jackson jr.,2025,-18.1,2,5,-3.4,-14.7
Ariel Hukporti,ariel hukporti,2025,11.3,3,5,-5.6,16.9
Jeff Green,jeff green,2025,-0.7,3,5,0.4,-1.1
Maxi Kleber,maxi kleber,2025,-18.6,1,5,-3.8,-14.8
Jared Dudley,jared dudley,2021,-5.2,2,5,-3.5,-1.7
Cam Whitmore,cam whitmore,2025,-21.2,3,5,0.3,-21.5
Thanasis Antetokounmpo,thanasis antetokounmpo,2024,12.1,2,5,-6.4,18.5
Blake Wesley,blake wesley,2026,-16.9,4,5,-3.6,-13.3
J.J. Barea,j.j. barea,2020,-13.8,1,5,-1.4,-12.4
Luke Kornet,luke kornet,2021,6.0,2,5,0.9,5.1
Nate Williams,nate williams,2025,-29.9,3,5,-5.7,-24.2
Svi Mykhailiuk,svi mykhailiuk,2022,-21.4,3,5,-2.9,-18.5
Thanasis Antetokounmpo,thanasis antetokounmpo,2023,-7.5,2,5,-7.6,0.1
Dewayne Dedmon,dewayne dedmon,2023,-27.6,1,5,-1.8,-25.8
MarJon Beauchamp,marjon beauchamp,2023,14.6,2,5,-4.8,19.4
Tyler Cook,tyler cook,2020,-5.2,1,4,2.3,-7.5
Alex Len,alex len,2025,-8.5,2,4,0.3,-8.8
Josh Green,josh green,2021,-6.8,1,4,-3.6,-3.2
Kevin Knox,kevin knox,2021,36.4,1,4,-1.4,37.8
P.J. Tucker,p.j. tucker,2025,-6.4,1,4,-7.2,0.8
Bronny James,bronny james,2025,-32.5,2,4,-7.2,-25.3
Edmond Sumner,edmond sumner,2023,0.2,1,4,-2.6,2.8
Shake Milton,shake milton,2025,-26.1,2,4,-0.9,-25.2
Jett Howard,jett howard,2025,47.5,1,4,-5.3,52.8
Dalton Knecht,dalton knecht,2025,18.2,2,4,-1.8,20.0
Jalen Pickett,jalen pickett,2026,4.7,2,4,-2.3,7.0
Thaddeus Young,thaddeus young,2024,-6.3,1,4,0.6,-6.9
Aaron Holiday,aaron holiday,2023,-11.6,1,4,-2.0,-9.6
Jonathan Mogbo,jonathan mogbo,2026,7.5,3,4,-0.7,8.2
Sterling Brown,sterling brown,2020,-16.3,1,4,-2.0,-14.3
Patty Mills,patty mills,2025,-7.5,1,4,-4.4,-3.1
Dalano Banton,dalano banton,2026,6.7,2,4,-7.1,13.8
Frank Ntilikina,frank ntilikina,2021,-19.6,3,4,-1.7,-17.9
Gradey Dick,gradey dick,2026,-3.9,3,4,-3.6,-0.3
Trayce Jackson-Davis,trayce jackson-davis,2026,-26.7,3,4,-0.4,-26.3
Daniel Theis,daniel theis,2024,21.0,1,4,-1.5,22.5
Isaiah Thomas,isaiah thomas,2024,-43.7,1,4,-6.9,-36.8
John Konchar,john konchar,2021,-2.6,1,3,1.2,-3.8
Markieff Morris,markieff morris,2022,-40.3,1,3,-1.9,-38.4
Noah Vonleh,noah vonleh,2020,-21.0,1,3,-1.0,-20.0
Jarrell Brantley,jarrell brantley,2021,-28.1,2,3,2.2,-30.3
Derrick Rose,derrick rose,2023,-56.2,1,3,-3.7,-52.5
Udonis Haslem,udonis haslem,2023,-51.1,2,3,-12.1,-39.0
Andre Roberson,andre roberson,2020,-22.9,1,3,-5.4,-17.5
Noah Penda,noah penda,2026,-4.4,1,3,-1.5,-2.9
Kyle Lowry,kyle lowry,2026,-8.1,2,3,-10.4,2.3
Matt Ryan,matt ryan,2024,-13.3,1,3,-2.7,-10.6
E.J. Liddell,e.j. liddell,2024,-3.1,1,3,-4.7,1.6
Justise Winslow,justise winslow,2021,10.9,1,3,-6.0,16.9
Jett Howard,jett howard,2026,-27.8,1,3,-1.8,-26.0
Jase Richardson,jase richardson,2026,70.1,1,3,-2.5,72.6
Isaac Bonga,isaac bonga,2022,4.3,1,3,-0.4,4.7
David Roddy,david roddy,2024,-4.0,2,3,-5.0,1.0
Joakim Noah,joakim noah,2020,-5.8,2,2,-1.6,-4.2
Vincent Poirier,vincent poirier,2020,50.4,1,2,-3.8,54.2
Anthony Tolliver,anthony tolliver,2021,-15.9,1,2,-7.0,-8.9
Rayjon Tucker,rayjon tucker,2021,-16.4,1,2,-3.4,-13.0
Nigel Williams-Goss,nigel williams-goss,2020,5.8,1,2,-3.9,9.7
Garrett Temple,garrett temple,2026,-13.5,2,2,-4.9,-8.6
Garrett Temple,garrett temple,2022,-2.2,1,2,-2.5,0.3
Josh Okogie,josh okogie,2022,-4.8,1,2,-2.7,-2.1
Amari Williams,amari williams,2026,-17.0,1,2,-2.1,-14.9
Tremont Waters,tremont waters,2020,-8.3,1,2,-7.5,-0.8
Deonte Burton,deonte burton,2020,-4.9,1,2,-6.8,1.9
Orlando Robinson,orlando robinson,2024,2.0,1,2,-1.1,3.1
Udoka Azubuike,udoka azubuike,2021,3.9,1,1,-3.8,7.7
Jason Preston,jason preston,2023,-7.6,1,1,-2.6,-5.0
Amir Coffey,amir coffey,2023,-5.5,1,1,-5.0,-0.5
James Johnson,james johnson,2024,-51.6,1,1,-5.8,-45.8
Cam Thomas,cam thomas,2022,-5.4,1,0,-3.4,-2.0
Day'Ron Sharpe,day'ron sharpe,2022,-5.7,1,0,-2.8,-2.9
Gabe Vincent,gabe vincent,2020,-4.0,1,0,-10.4,6.4
Thomas Bryant,thomas bryant,2023,-4.3,1,0,2.3,-6.6
Alize Johnson,alize johnson,2020,-7.1,1,0,-1.6,-5.5
Tyson Chandler,tyson chandler,2020,0.0,1,0,-1.5,1.5
