player_name,player_name_norm,fa_year,season,from_team,to_team,stayed_with_team,contract_years,total_value_str,aav_str
Klay Thompson,klay thompson,2019,2019,GSW,GSW,1,5,"$189,903,600","$37,980,720"
Tobias Harris,tobias harris,2019,2019,PHI,PHI,1,5,"$180,000,000","$36,000,000"
Khris Middleton,khris middleton,2019,2019,MIL,MIL,1,5,"$177,500,000","$35,500,000"
Kevin Durant,kevin durant,2019,2019,GSW,BRK,0,4,"$164,255,700","$41,063,925"
Kristaps Porzingis,kristaps porzingis,2019,2019,DAL,DAL,1,5,"$158,253,000","$31,650,600"
Kemba Walker,kemba walker,2019,2019,CHO,BOS,0,4,"$140,790,600","$35,197,650"
Jimmy Butler,jimmy butler,2019,2019,PHI,MIA,0,4,"$140,790,600","$35,197,650"
Kyrie Irving,kyrie irving,2019,2019,BOS,BRK,0,4,"$136,490,600","$34,122,650"
D'Angelo Russell,d'angelo russell,2019,2019,BRK,GSW,0,4,"$117,325,500","$29,331,375"
Al Horford,al horford,2019,2019,BOS,PHI,0,4,"$109,000,000","$27,250,000"
Kawhi Leonard,kawhi leonard,2019,2019,TOR,LAC,0,3,"$103,137,300","$34,379,100"
Nikola Vucevic,nikola vucevic,2019,2019,ORL,ORL,1,4,"$100,000,000","$25,000,000"
Harrison Barnes,harrison barnes,2019,2019,SAC,SAC,1,4,"$85,000,000","$21,250,000"
Malcolm Brogdon,malcolm brogdon,2019,2019,MIL,IND,0,4,"$85,000,000","$21,250,000"
Bojan Bogdanovic,bojan bogdanovic,2019,2019,IND,UTA,0,4,"$73,100,000","$18,275,000"
Julius Randle,julius randle,2019,2019,NOP,NYK,0,3,"$62,100,000","$20,700,000"
Terry Rozier,terry rozier,2019,2019,BOS,CHO,0,3,"$56,700,000","$18,900,000"
Terrence Ross,terrence ross,2019,2019,ORL,ORL,1,4,"$54,000,000","$13,500,000"
Brook Lopez,brook lopez,2019,2019,MIL,MIL,1,4,"$52,000,000","$13,000,000"
Ricky Rubio,ricky rubio,2019,2019,UTA,PHO,0,3,"$51,000,000","$17,000,000"
Jonas Valanciunas,jonas valanciunas,2019,2019,MEM,MEM,1,3,"$45,000,000","$15,000,000"
Thaddeus Young,thaddeus young,2019,2019,IND,CHI,0,3,"$43,635,000","$14,545,000"
Patrick Beverley,patrick beverley,2019,2019,LAC,LAC,1,3,"$40,000,000","$13,333,333"
Dewayne Dedmon,dewayne dedmon,2019,2019,ATL,SAC,0,3,"$40,000,000","$13,333,333"
DeAndre Jordan,deandre jordan,2019,2019,NYK,BRK,0,4,"$39,960,716","$9,990,179"
Cory Joseph,cory joseph,2019,2019,IND,SAC,0,3,"$37,200,000","$12,400,000"
Maxi Kleber,maxi kleber,2019,2019,DAL,DAL,1,4,"$35,600,000","$8,900,000"
Rudy Gay,rudy gay,2019,2019,SAS,SAS,1,2,"$32,000,000","$16,000,000"
Seth Curry,seth curry,2019,2019,POR,DAL,0,4,"$32,000,000","$8,000,000"
Jeremy Lamb,jeremy lamb,2019,2019,CHO,IND,0,3,"$31,500,000","$10,500,000"
Kelly Oubre Jr.,kelly oubre jr,2019,2019,PHO,PHO,1,2,"$30,000,000","$15,000,000"
Tomas Satoransky,tomas satoransky,2019,2019,WAS,CHI,0,3,"$30,000,000","$10,000,000"
Al-Farouq Aminu,al farouq aminu,2019,2019,POR,ORL,0,3,"$29,162,700","$9,720,900"
George Hill,george hill,2019,2019,MIL,MIL,1,3,"$28,771,806","$9,590,602"
Delon Wright,delon wright,2019,2019,MEM,DAL,0,2,"$28,050,000","$14,025,000"
J.J. Redick,jj redick,2019,2019,PHI,NOP,0,2,"$26,500,000","$13,250,000"
Tyus Jones,tyus jones,2019,2019,MIN,MEM,0,3,"$26,445,300","$8,815,100"
Trevor Ariza,trevor ariza,2019,2019,WAS,SAC,0,2,"$25,000,000","$12,500,000"
Ivica Zubac,ivica zubac,2019,2019,LAC,LAC,1,3,"$21,000,000","$7,000,000"
DeMarre Carroll,demarre carroll,2019,2019,BRK,SAS,0,3,"$20,650,000","$6,883,333"
Taj Gibson,taj gibson,2019,2019,MIN,NYK,0,2,"$20,000,000","$10,000,000"
Nene Hilario,nene hilario,2019,2019,HOU,HOU,1,2,"$20,000,000","$10,000,000"
Kentavious Caldwell-Pope,kentavious caldwell pope,2019,2019,LAL,LAL,1,2,"$16,583,028","$8,291,514"
Elfrid Payton,elfrid payton,2019,2019,NOP,NYK,0,2,"$16,000,000","$8,000,000"
Wayne Ellington,wayne ellington,2019,2019,DET,NYK,0,2,"$16,000,000","$8,000,000"
Marcus Morris Sr.,marcus morris sr,2019,2019,BOS,NYK,0,1,"$15,000,000","$15,000,000"
Bobby Portis,bobby portis,2019,2019,WAS,NYK,0,1,"$15,000,000","$15,000,000"
Derrick Rose,derrick rose,2019,2019,MIN,DET,0,2,"$15,000,000","$7,500,000"
Rodney McGruder,rodney mcgruder,2019,2019,LAC,LAC,1,3,"$15,000,000","$5,000,000"
Kevon Looney,kevon looney,2019,2019,GSW,GSW,1,3,"$14,464,287","$4,821,429"
Darius Miller,darius miller,2019,2019,NOP,NOP,1,2,"$14,250,000","$7,125,000"
Jabari Parker,jabari parker,2019,2019,WAS,ATL,0,2,"$13,000,000","$6,500,000"
Ishmael Smith,ishmael smith,2019,2019,DET,WAS,0,2,"$12,000,000","$6,000,000"
Dorian Finney-Smith,dorian finney smith,2019,2019,DAL,DAL,1,3,"$12,000,000","$4,000,000"
Rodney Hood,rodney hood,2019,2019,POR,POR,1,2,"$11,721,900","$5,860,950"
Jake Layman,jake layman,2019,2019,POR,MIN,0,3,"$11,283,255","$3,761,085"
Danuel House Jr.,danuel house jr,2019,2019,HOU,HOU,1,3,"$11,151,000","$3,717,000"
Trey Lyles,trey lyles,2019,2019,DEN,SAS,0,2,"$11,000,000","$5,500,000"
Daniel Theis,daniel theis,2019,2019,BOS,BOS,1,2,"$10,000,000","$5,000,000"
Mike Scott,mike scott,2019,2019,PHI,PHI,1,2,"$9,800,000","$4,900,000"
Robin Lopez,robin lopez,2019,2019,CHI,MIL,0,2,"$9,772,350","$4,886,175"
Richaun Holmes,richaun holmes,2019,2019,PHO,SAC,0,2,"$9,772,350","$4,886,175"
JaMychal Green,jamychal green,2019,2019,LAC,LAC,1,2,"$9,772,350","$4,886,175"
Ed Davis,ed davis,2019,2019,BRK,UTA,0,2,"$9,772,350","$4,886,175"
Avery Bradley,avery bradley,2019,2019,MEM,LAL,0,2,"$9,772,350","$4,886,175"
Reggie Bullock,reggie bullock,2019,2019,LAL,NYK,0,2,"$8,200,000","$4,100,000"
JaVale McGee,javale mcgee,2019,2019,LAL,LAL,1,2,"$8,200,000","$4,100,000"
Patrick McCaw,patrick mccaw,2019,2019,TOR,TOR,1,2,"$8,000,000","$4,000,000"
Stanley Johnson,stanley johnson,2019,2019,NOP,TOR,0,2,"$7,427,150","$3,713,575"
T.J. McConnell,tj mcconnell,2019,2019,PHI,IND,0,2,"$7,000,000","$3,500,000"
Boban Marjanovic,boban marjanovic,2019,2019,PHI,DAL,0,2,"$7,000,000","$3,500,000"
Markieff Morris,markieff morris,2019,2019,OKC,DET,0,2,"$6,560,000","$3,280,000"
Khem Birch,khem birch,2019,2019,ORL,ORL,1,2,"$6,000,000","$3,000,000"
Quinn Cook,quinn cook,2019,2019,GSW,LAL,0,2,"$6,000,000","$3,000,000"
Ryan Arcidiacono,ryan arcidiacono,2019,2019,CHI,CHI,1,2,"$6,000,000","$3,000,000"
Alex Caruso,alex caruso,2019,2019,LAL,LAL,1,2,"$5,500,000","$2,750,000"
Wesley Matthews,wesley matthews,2019,2019,IND,MIL,0,2,"$5,257,744","$2,628,872"
Rajon Rondo,rajon rondo,2019,2019,LAL,LAL,1,2,"$5,184,358","$2,592,179"
Vincent Poirier,vincent poirier,2019,2019,,BOS,0,2,"$5,125,000","$2,562,500"
Frank Kaminsky,frank kaminsky,2019,2019,CHO,PHO,0,1,"$4,767,000","$4,767,000"
Garrett Temple,garrett temple,2019,2019,LAC,BRK,0,1,"$4,767,000","$4,767,000"
Justin Holiday,justin holiday,2019,2019,MEM,IND,0,1,"$4,767,000","$4,767,000"
Austin Rivers,austin rivers,2019,2019,HOU,HOU,1,2,"$4,543,981","$2,271,991"
Luke Kornet,luke kornet,2019,2019,NYK,CHI,0,2,"$4,500,000","$2,250,000"
Willie Cauley-Stein,willie cauley stein,2019,2019,SAC,GSW,0,2,"$4,463,840","$2,231,920"
Mike Muscala,mike muscala,2019,2019,LAL,OKC,0,2,"$4,311,628","$2,155,814"
Matt Thomas,matt thomas,2019,2019,,TOR,0,3,"$4,198,912","$1,399,637"
Edmond Sumner,edmond sumner,2019,2019,IND,IND,1,2,"$4,160,000","$2,080,000"
James Ennis III,james ennis iii,2019,2019,PHI,PHI,1,2,"$4,012,890","$2,006,445"
Dragan Bender,dragan bender,2019,2019,PHO,MIL,0,2,"$3,502,857","$1,751,429"
DeMarcus Cousins,demarcus cousins,2019,2019,GSW,LAL,0,1,"$3,500,000","$3,500,000"
Tyler Lydon,tyler lydon,2019,2019,DEN,SAC,0,2,"$3,383,360","$1,691,680"
Furkan Korkmaz,furkan korkmaz,2019,2019,PHI,PHI,1,2,"$3,383,360","$1,691,680"
Isaiah Taylor,isaiah taylor,2019,2019,CLE,TOR,0,2,"$3,383,360","$1,691,680"
Wilson Chandler,wilson chandler,2019,2019,LAC,BRK,0,1,"$2,564,753","$2,564,753"
Jose Barea,jose barea,2019,2019,DAL,DAL,1,1,"$2,564,753","$2,564,753"
Jared Dudley,jared dudley,2019,2019,BRK,LAL,0,1,"$2,564,753","$2,564,753"
Ryan Anderson,ryan anderson,2019,2019,MIA,HOU,0,1,"$2,564,753","$2,564,753"
Kyle Korver,kyle korver,2019,2019,PHO,MIL,0,1,"$2,564,753","$2,564,753"
Thabo Sefolosha,thabo sefolosha,2019,2019,UTA,HOU,0,1,"$2,564,753","$2,564,753"
Anthony Tolliver,anthony tolliver,2019,2019,MIN,POR,0,1,"$2,564,753","$2,564,753"
Jeff Green,jeff green,2019,2019,WAS,UTA,0,1,"$2,564,753","$2,564,753"
Dwight Howard,dwight howard,2019,2019,MEM,LAL,0,1,"$2,564,753","$2,564,753"
Vince Carter,vince carter,2019,2019,ATL,ATL,1,1,"$2,564,753","$2,564,753"
Udonis Haslem,udonis haslem,2019,2019,MIA,MIA,1,1,"$2,564,753","$2,564,753"
Tyson Chandler,tyson chandler,2019,2019,LAL,HOU,0,1,"$2,564,753","$2,564,753"
Pau Gasol,pau gasol,2019,2019,MIL,POR,0,1,"$2,564,753","$2,564,753"
Joe Johnson,joe johnson,2019,2019,,DET,0,1,"$2,564,753","$2,564,753"
Rondae Hollis-Jefferson,rondae hollis jefferson,2019,2019,BRK,TOR,0,1,"$2,500,000","$2,500,000"
Patrick Patterson,patrick patterson,2019,2019,OKC,LAC,0,1,"$2,331,593","$2,331,593"
Alec Burks,alec burks,2019,2019,SAC,GSW,0,1,"$2,320,044","$2,320,044"
Isaiah Thomas,isaiah thomas,2019,2019,DEN,WAS,0,1,"$2,320,044","$2,320,044"
Iman Shumpert,iman shumpert,2019,2019,HOU,BRK,0,1,"$2,031,677","$2,031,677"
Troy Daniels,troy daniels,2019,2019,PHO,LAL,0,1,"$2,028,594","$2,028,594"
Trey Burke,trey burke,2019,2019,DAL,PHI,0,1,"$2,028,594","$2,028,594"
Michael Carter-Williams,michael carter williams,2019,2019,ORL,ORL,1,1,"$2,028,594","$2,028,594"
Kyle O'Quinn,kyle o'quinn,2019,2019,IND,PHI,0,1,"$2,028,594","$2,028,594"
Glenn Robinson III,glenn robinson iii,2019,2019,DET,GSW,0,1,"$1,882,867","$1,882,867"
Tim Frazier,tim frazier,2019,2019,MIL,DET,0,1,"$1,882,867","$1,882,867"
Jarell Martin,jarell martin,2019,2019,ORL,CLE,0,1,"$1,737,145","$1,737,145"
Emmanuel Mudiay,emmanuel mudiay,2019,2019,NYK,UTA,0,1,"$1,737,145","$1,737,145"
Raul Neto,raul neto,2019,2019,UTA,PHI,0,1,"$1,737,145","$1,737,145"
Anthony Bennett,anthony bennett,2019,2019,,HOU,0,1,"$1,737,145","$1,737,145"
JaKarr Sampson,jakarr sampson,2019,2019,CHI,IND,0,1,"$1,737,145","$1,737,145"
Timothe Luwawu-Cabarrot,timothe luwawu cabarrot,2019,2019,CHI,CLE,0,1,"$1,678,854","$1,678,854"
Cheick Diallo,cheick diallo,2019,2019,NOP,PHO,0,1,"$1,678,854","$1,678,854"
Sindarius Thornwell,sindarius thornwell,2019,2019,LAC,CLE,0,1,"$1,620,564","$1,620,564"
P.J. Dozier,pj dozier,2019,2019,BOS,DEN,0,1,"$1,620,564","$1,620,564"
Devin Robinson,devin robinson,2019,2019,WAS,TOR,0,1,"$1,620,564","$1,620,564"
Brad Wanamaker,brad wanamaker,2019,2019,BOS,BOS,1,1,"$1,445,697","$1,445,697"
Thomas Welsh,thomas welsh,2019,2019,DEN,CHO,0,1,"$1,445,697","$1,445,697"
Theo Pinson,theo pinson,2019,2019,BRK,BRK,1,1,"$1,445,697","$1,445,697"
Shaquille Harrison,shaquille harrison,2019,2019,CHI,CHI,1,1,"$898,310","$898,310"
Anthony Davis,anthony davis,2020,2020,LAL,LAL,1,5,"$189,903,600","$37,980,720"
Brandon Ingram,brandon ingram,2020,2020,NOP,NOP,1,5,"$158,253,000","$31,650,600"
Gordon Hayward,gordon hayward,2020,2020,BOS,CHO,0,4,"$120,000,000","$30,000,000"
Fred VanVleet,fred vanvleet,2020,2020,TOR,TOR,1,4,"$85,000,000","$21,250,000"
Davis Bertans,davis bertans,2020,2020,WAS,WAS,1,5,"$80,000,000","$16,000,000"
Joe Harris,joe harris,2020,2020,BRK,BRK,1,4,"$75,000,000","$18,750,000"
Bogdan Bogdanovic,bogdan bogdanovic,2020,2020,SAC,ATL,0,4,"$72,000,000","$18,000,000"
Marcus Morris Sr.,marcus morris sr,2020,2020,LAC,LAC,1,4,"$64,000,000","$16,000,000"
Danilo Gallinari,danilo gallinari,2020,2020,OKC,ATL,0,3,"$61,425,000","$20,475,000"
Jerami Grant,jerami grant,2020,2020,DEN,DET,0,3,"$60,007,500","$20,002,500"
Malik Beasley,malik beasley,2020,2020,MIN,MIN,1,4,"$60,000,000","$15,000,000"
Jordan Clarkson,jordan clarkson,2020,2020,UTA,UTA,1,4,"$51,520,000","$12,880,000"
Christian Wood,christian wood,2020,2020,DET,HOU,0,3,"$41,000,000","$13,666,667"
Kentavious Caldwell-Pope,kentavious caldwell pope,2020,2020,LAL,LAL,1,3,"$39,116,585","$13,038,862"
De'Anthony Melton,de'anthony melton,2020,2020,MEM,MEM,1,4,"$34,627,688","$8,656,922"
Jae Crowder,jae crowder,2020,2020,MIA,PHO,0,3,"$29,162,700","$9,720,900"
Derrick Favors,derrick favors,2020,2020,NOP,UTA,0,3,"$29,162,700","$9,720,900"
Dario Saric,dario saric,2020,2020,PHO,PHO,1,3,"$27,000,000","$9,000,000"
Jakob Poeltl,jakob poeltl,2020,2020,SAS,SAS,1,3,"$26,250,000","$8,750,000"
Mason Plumlee,mason plumlee,2020,2020,DEN,DET,0,3,"$24,662,500","$8,220,833"
Juancho Hernangomez,juancho hernangomez,2020,2020,MIN,MIN,1,3,"$21,037,320","$7,012,440"
D.J. Augustin,dj augustin,2020,2020,ORL,MIL,0,3,"$21,000,000","$7,000,000"
Rodney Hood,rodney hood,2020,2020,POR,POR,1,2,"$20,898,696","$10,449,348"
Tristan Thompson,tristan thompson,2020,2020,CLE,BOS,0,2,"$18,978,900","$9,489,450"
Serge Ibaka,serge ibaka,2020,2020,TOR,LAC,0,2,"$18,978,900","$9,489,450"
Derrick Jones Jr.,derrick jones jr,2020,2020,MIA,POR,0,2,"$18,978,900","$9,489,450"
Montrezl Harrell,montrezl harrell,2020,2020,LAC,LAL,0,2,"$18,978,900","$9,489,450"
Justin Holiday,justin holiday,2020,2020,IND,IND,1,3,"$18,019,260","$6,006,420"
Goran Dragic,goran dragic,2020,2020,MIA,MIA,1,1,"$18,000,000","$18,000,000"
Pat Connaughton,pat connaughton,2020,2020,MIL,MIL,1,3,"$16,000,000","$5,333,333"
Rajon Rondo,rajon rondo,2020,2020,LAL,ATL,0,2,"$15,000,000","$7,500,000"
JaMychal Green,jamychal green,2020,2020,LAC,DEN,0,2,"$14,759,508","$7,379,754"
Aron Baynes,aron baynes,2020,2020,PHO,TOR,0,2,"$14,350,000","$7,175,000"
Chris Boucher,chris boucher,2020,2020,TOR,TOR,1,2,"$13,520,000","$6,760,000"
Jevon Carter,jevon carter,2020,2020,PHO,PHO,1,3,"$11,500,000","$3,833,333"
Kris Dunn,kris dunn,2020,2020,CHI,ATL,0,2,"$10,000,000","$5,000,000"
Paul Millsap,paul millsap,2020,2020,DEN,DEN,1,1,"$10,000,000","$10,000,000"
Austin Rivers,austin rivers,2020,2020,HOU,NYK,0,3,"$9,975,000","$3,325,000"
Josh Jackson,josh jackson,2020,2020,MEM,DET,0,2,"$9,772,350","$4,886,175"
Trey Burke,trey burke,2020,2020,DAL,DAL,1,3,"$9,450,000","$3,150,000"
Meyers Leonard,meyers leonard,2020,2020,MIA,MIA,1,1,"$9,400,000","$9,400,000"
John Konchar,john konchar,2020,2020,MEM,MEM,1,4,"$9,000,000","$2,250,000"
Willie Cauley-Stein,willie cauley stein,2020,2020,DAL,DAL,1,2,"$8,200,000","$4,100,000"
Bobby Portis,bobby portis,2020,2020,NYK,MIL,0,2,"$7,427,150","$3,713,575"
Robin Lopez,robin lopez,2020,2020,MIL,WAS,0,1,"$7,300,000","$7,300,000"
Michael Carter-Williams,michael carter williams,2020,2020,ORL,ORL,1,2,"$6,600,000","$3,300,000"
Kenrich Williams,kenrich williams,2020,2020,NOP,OKC,0,3,"$6,000,000","$2,000,000"
Alec Burks,alec burks,2020,2020,PHI,NYK,0,1,"$6,000,000","$6,000,000"
Jontay Porter,jontay porter,2020,2020,MEM,MEM,1,3,"$5,850,000","$1,950,000"
Avery Bradley,avery bradley,2020,2020,LAL,MIA,0,1,"$5,635,000","$5,635,000"
Chimezie Metu,chimezie metu,2020,2020,SAS,SAC,0,3,"$5,294,220","$1,764,740"
Drew Eubanks,drew eubanks,2020,2020,SAS,SAS,1,3,"$5,294,220","$1,764,740"
Joshia Gray,joshia gray,2020,2020,NOP,OKC,0,3,"$5,294,220","$1,764,740"
Marc Gasol,marc gasol,2020,2020,TOR,LAL,0,2,"$5,257,744","$2,628,872"
Nerlens Noel,nerlens noel,2020,2020,OKC,NYK,0,1,"$5,000,000","$5,000,000"
Zylan Cheatham,zylan cheatham,2020,2020,NOP,OKC,0,3,"$4,994,028","$1,664,676"
Bryn Forbes,bryn forbes,2020,2020,SAS,MIL,0,2,"$4,791,147","$2,395,574"
Garrett Temple,garrett temple,2020,2020,BRK,CHI,0,1,"$4,767,000","$4,767,000"
Elfrid Payton,elfrid payton,2020,2020,NYK,NYK,1,1,"$4,767,000","$4,767,000"
Gary Clark,gary clark,2020,2020,ORL,ORL,1,2,"$4,100,000","$2,050,000"
Jahlil Okafor,jahlil okafor,2020,2020,NOP,DET,0,2,"$4,012,890","$2,006,445"
Jerian Grant,jerian grant,2020,2020,WAS,HOU,0,2,"$4,012,890","$2,006,445"
Damian Jones,damian jones,2020,2020,ATL,PHO,0,2,"$3,714,156","$1,857,078"
DeAndre' Bembry,deandre' bembry,2020,2020,ATL,TOR,0,2,"$3,714,156","$1,857,078"
Maurice Harkless,maurice harkless,2020,2020,NYK,MIA,0,1,"$3,623,000","$3,623,000"
Wesley Matthews,wesley matthews,2020,2020,MIL,LAL,0,1,"$3,623,000","$3,623,000"
Dwayne Bacon,dwayne bacon,2020,2020,CHO,ORL,0,2,"$3,502,857","$1,751,429"
Frank Jackson,frank jackson,2020,2020,NOP,OKC,0,2,"$3,502,857","$1,751,429"
Bismack Biyombo,bismack biyombo,2020,2020,CHO,CHO,1,1,"$3,500,000","$3,500,000"
Wenyen Gabriel,wenyen gabriel,2020,2020,POR,NOP,0,2,"$3,383,360","$1,691,680"
James Ennis III,james ennis iii,2020,2020,ORL,ORL,1,1,"$3,300,000","$3,300,000"
Oshae Brissett,oshae brissett,2020,2020,TOR,TOR,1,2,"$3,147,290","$1,573,645"
Kelan Martin,kelan martin,2020,2020,MIN,IND,0,2,"$3,147,290","$1,573,645"
Patrick Patterson,patrick patterson,2020,2020,LAC,LAC,1,1,"$3,077,704","$3,077,704"
Nicolas Batum,nicolas batum,2020,2020,CHO,LAC,0,1,"$2,564,753","$2,564,753"
Jeff Teague,jeff teague,2020,2020,ATL,BOS,0,1,"$2,564,753","$2,564,753"
Wayne Ellington,wayne ellington,2020,2020,NYK,DET,0,1,"$2,564,753","$2,564,753"
Jose Barea,jose barea,2020,2020,DAL,DAL,1,1,"$2,564,753","$2,564,753"
Jared Dudley,jared dudley,2020,2020,LAL,LAL,1,1,"$2,564,753","$2,564,753"
Udonis Haslem,udonis haslem,2020,2020,MIA,MIA,1,1,"$2,564,753","$2,564,753"
Dwight Howard,dwight howard,2020,2020,LAL,PHI,0,1,"$2,564,753","$2,564,753"
Carmelo Anthony,carmelo anthony,2020,2020,POR,POR,1,1,"$2,564,753","$2,564,753"
Jeff Green,jeff green,2020,2020,HOU,BRK,0,1,"$2,564,753","$2,564,753"
Reggie Jackson,reggie jackson,2020,2020,LAC,LAC,1,1,"$2,331,593","$2,331,593"
Markieff Morris,markieff morris,2020,2020,LAL,LAL,1,1,"$2,331,593","$2,331,593"
Hassan Whiteside,hassan whiteside,2020,2020,POR,SAC,0,1,"$2,320,044","$2,320,044"
Kent Bazemore,kent bazemore,2020,2020,SAC,GSW,0,1,"$2,320,044","$2,320,044"
Alex Len,alex len,2020,2020,SAC,TOR,0,1,"$2,258,000","$2,258,000"
Solomon Hill,solomon hill,2020,2020,MIA,ATL,0,1,"$2,174,318","$2,174,318"
Matthew Dellavedova,matthew dellavedova,2020,2020,CLE,CLE,1,1,"$2,174,318","$2,174,318"
Langston Galloway,langston galloway,2020,2020,DET,PHO,0,1,"$2,028,594","$2,028,594"
Glenn Robinson III,glenn robinson iii,2020,2020,PHI,SAC,0,1,"$2,028,594","$2,028,594"
Noah Vonleh,noah vonleh,2020,2020,DEN,CHI,0,1,"$2,028,594","$2,028,594"
Tyler Johnson,tyler johnson,2020,2020,BRK,BRK,1,1,"$2,028,594","$2,028,594"
Frank Kaminsky,frank kaminsky,2020,2020,PHO,SAC,0,1,"$1,882,867","$1,882,867"
Raul Neto,raul neto,2020,2020,PHI,WAS,0,1,"$1,882,867","$1,882,867"
JaKarr Sampson,jakarr sampson,2020,2020,IND,IND,1,1,"$1,882,867","$1,882,867"
Willy Hernangomez,willy hernangomez,2020,2020,CHO,NOP,0,1,"$1,737,145","$1,737,145"
Thon Maker,thon maker,2020,2020,DET,CLE,0,1,"$1,737,145","$1,737,145"
Harry Giles,harry giles,2020,2020,SAC,POR,0,1,"$1,678,854","$1,678,854"
Torrey Craig,torrey craig,2020,2020,DEN,MIL,0,1,"$1,678,854","$1,678,854"
Sindarius Thornwell,sindarius thornwell,2020,2020,NOP,NOP,1,1,"$1,678,854","$1,678,854"
Derrick Walton Jr.,derrick walton jr,2020,2020,DET,PHI,0,1,"$1,620,564","$1,620,564"
DaQuan Jeffries,daquan jeffries,2020,2020,SAC,SAC,1,1,"$1,445,697","$1,445,697"
Kawhi Leonard,kawhi leonard,2021,2021,LAC,LAC,1,4,"$176,265,152","$44,066,288"
John Collins,john collins,2021,2021,ATL,ATL,1,5,"$125,000,000","$25,000,000"
Chris Paul,chris paul,2021,2021,PHO,PHO,1,4,"$120,000,000","$30,000,000"
Jarrett Allen,jarrett allen,2021,2021,CLE,CLE,1,5,"$100,000,000","$20,000,000"
Norman Powell,norman powell,2021,2021,POR,POR,1,5,"$90,000,000","$18,000,000"
Duncan Robinson,duncan robinson,2021,2021,MIA,MIA,1,5,"$90,000,000","$18,000,000"
Kyle Lowry,kyle lowry,2021,2021,TOR,MIA,0,3,"$85,000,002","$28,333,334"
DeMar DeRozan,demar derozan,2021,2021,SAS,CHI,0,3,"$85,000,000","$28,333,333"
Lonzo Ball,lonzo ball,2021,2021,NOP,CHI,0,4,"$80,000,000","$20,000,000"
Tim Hardaway Jr.,tim hardaway jr,2021,2021,DAL,DAL,1,4,"$75,000,000","$18,750,000"
Evan Fournier,evan fournier,2021,2021,BOS,NYK,0,4,"$73,000,000","$18,250,000"
Mike Conley,mike conley,2021,2021,UTA,UTA,1,3,"$68,040,000","$22,680,000"
Lauri Markkanen,lauri markkanen,2021,2021,CHI,CLE,0,4,"$67,470,906","$16,867,727"
Spencer Dinwiddie,spencer dinwiddie,2021,2021,BRK,WAS,0,3,"$54,000,000","$18,000,000"
Gary Trent Jr.,gary trent jr,2021,2021,TOR,TOR,1,3,"$51,840,000","$17,280,000"
Devonte' Graham,devonte' graham,2021,2021,CHO,NOP,0,4,"$47,300,000","$11,825,000"
Richaun Holmes,richaun holmes,2021,2021,SAC,SAC,1,4,"$46,522,560","$11,630,640"
Derrick Rose,derrick rose,2021,2021,NYK,NYK,1,3,"$43,562,189","$14,520,730"
Doug McDermott,doug mcdermott,2021,2021,IND,SAS,0,3,"$42,000,000","$14,000,000"
Josh Hart,josh hart,2021,2021,NOP,NOP,1,3,"$37,920,000","$12,640,000"
Kelly Olynyk,kelly olynyk,2021,2021,HOU,DET,0,3,"$37,195,122","$12,398,374"
Alex Caruso,alex caruso,2021,2021,LAL,CHI,0,4,"$37,000,000","$9,250,000"
Daniel Theis,daniel theis,2021,2021,CHI,HOU,0,4,"$35,605,510","$8,901,378"
T.J. McConnell,tj mcconnell,2021,2021,IND,IND,1,4,"$33,600,000","$8,400,000"
Talen Horton-Tucker,talen horton tucker,2021,2021,LAL,LAL,1,3,"$30,780,000","$10,260,000"
Reggie Bullock,reggie bullock,2021,2021,NYK,DAL,0,3,"$30,038,400","$10,012,800"
Alec Burks,alec burks,2021,2021,NYK,NYK,1,3,"$30,038,400","$10,012,800"
Nerlens Noel,nerlens noel,2021,2021,NYK,NYK,1,3,"$27,720,000","$9,240,000"
Kelly Oubre Jr.,kelly oubre jr,2021,2021,GSW,CHO,0,2,"$25,000,000","$12,500,000"
Zach Collins,zach collins,2021,2021,POR,SAS,0,3,"$22,050,000","$7,350,000"
Reggie Jackson,reggie jackson,2021,2021,LAC,LAC,1,2,"$21,599,760","$10,799,880"
Khem Birch,khem birch,2021,2021,TOR,TOR,1,3,"$20,002,500","$6,667,500"
Danny Green,danny green,2021,2021,PHI,PHI,1,2,"$20,000,000","$10,000,000"
Cameron Payne,cameron payne,2021,2021,PHO,PHO,1,3,"$19,000,000","$6,333,333"
Rudy Gay,rudy gay,2021,2021,SAS,UTA,0,3,"$18,553,500","$6,184,500"
Kemba Walker,kemba walker,2021,2021,OKC,NYK,0,2,"$17,894,491","$8,947,246"
JaMychal Green,jamychal green,2021,2021,DEN,DEN,1,2,"$16,400,000","$8,200,000"
Garrett Temple,garrett temple,2021,2021,CHI,NOP,0,3,"$15,466,500","$5,155,500"
David Nwaba,david nwaba,2021,2021,HOU,HOU,1,3,"$15,000,000","$5,000,000"
P.J. Tucker,pj tucker,2021,2021,MIL,MIA,0,2,"$14,350,000","$7,175,000"
Jarred Vanderbilt,jarred vanderbilt,2021,2021,MIN,MIN,1,3,"$13,122,000","$4,374,000"
Patty Mills,patty mills,2021,2021,SAS,BRK,0,2,"$12,074,500","$6,037,250"
Hamidou Diallo,hamidou diallo,2021,2021,DET,DET,1,2,"$10,400,000","$5,200,000"
Kendrick Nunn,kendrick nunn,2021,2021,MIA,LAL,0,2,"$10,250,000","$5,125,000"
Taj Gibson,taj gibson,2021,2021,NYK,NYK,1,2,"$10,065,500","$5,032,750"
Cory Joseph,cory joseph,2021,2021,DET,DET,1,2,"$10,065,500","$5,032,750"
Torrey Craig,torrey craig,2021,2021,PHO,IND,0,2,"$10,000,000","$5,000,000"
Ishmael Smith,ishmael smith,2021,2021,WAS,CHO,0,2,"$9,225,000","$4,612,500"
Maurice Harkless,maurice harkless,2021,2021,SAC,SAC,1,2,"$9,000,000","$4,500,000"
Jeff Green,jeff green,2021,2021,BRK,DEN,0,2,"$9,000,000","$4,500,000"
Bobby Portis,bobby portis,2021,2021,MIL,MIL,1,2,"$8,912,580","$4,456,290"
Dante Exum,dante exum,2021,2021,HOU,HOU,1,3,"$8,100,000","$2,700,000"
Justise Winslow,justise winslow,2021,2021,MEM,LAC,0,2,"$8,000,000","$4,000,000"
George Hill,george hill,2021,2021,PHI,MIL,0,2,"$8,000,000","$4,000,000"
Terence Davis,terence davis,2021,2021,SAC,SAC,1,2,"$8,000,000","$4,000,000"
Didi Louzada,didi louzada,2021,2021,NOP,NOP,1,4,"$7,686,312","$1,921,578"
Alex Len,alex len,2021,2021,WAS,SAC,0,2,"$7,650,600","$3,825,300"
Willy Hernangomez,willy hernangomez,2021,2021,NOP,NOP,1,3,"$7,330,743","$2,443,581"
Boban Marjanovic,boban marjanovic,2021,2021,DAL,DAL,1,2,"$7,000,000","$3,500,000"
Mike Muscala,mike muscala,2021,2021,OKC,OKC,1,2,"$7,000,000","$3,500,000"
Georges Niang,georges niang,2021,2021,UTA,PHI,0,2,"$6,765,000","$3,382,500"
Nicolas Batum,nicolas batum,2021,2021,LAC,LAC,1,2,"$6,498,559","$3,249,280"
Jordan McLaughlin,jordan mclaughlin,2021,2021,MIN,MIN,1,3,"$6,480,000","$2,160,000"
Frank Jackson,frank jackson,2021,2021,DET,DET,1,2,"$6,150,000","$3,075,000"
Sterling Brown,sterling brown,2021,2021,HOU,DAL,0,2,"$6,000,000","$3,000,000"
Dennis Schröder,dennis schroder,2021,2021,LAL,BOS,0,1,"$5,890,000","$5,890,000"
Saben Lee,saben lee,2021,2021,DET,DET,1,3,"$5,143,840","$1,714,613"
Trey Lyles,trey lyles,2021,2021,SAS,DET,0,2,"$5,125,000","$2,562,500"
Louis Williams,louis williams,2021,2021,ATL,ATL,1,1,"$5,000,000","$5,000,000"
JaVale McGee,javale mcgee,2021,2021,DEN,PHO,0,1,"$5,000,000","$5,000,000"
Robin Lopez,robin lopez,2021,2021,WAS,ORL,0,1,"$5,000,000","$5,000,000"
Bruce Brown Jr.,bruce brown jr,2021,2021,BRK,BRK,1,1,"$4,736,102","$4,736,102"
Bryn Forbes,bryn forbes,2021,2021,MIL,SAS,0,1,"$4,500,000","$4,500,000"
Abdel Nader,abdel nader,2021,2021,PHO,PHO,1,2,"$4,160,000","$2,080,000"
Denzel Valentine,denzel valentine,2021,2021,CHI,CLE,0,2,"$4,133,270","$2,066,635"
Gorgui Dieng,gorgui dieng,2021,2021,SAS,ATL,0,1,"$4,000,000","$4,000,000"
Frank Ntilikina,frank ntilikina,2021,2021,NYK,DAL,0,2,"$3,825,574","$1,912,787"
Tony Bradley,tony bradley,2021,2021,OKC,CHI,0,2,"$3,825,574","$1,912,787"
Sviatoslav Mykhailiuk,sviatoslav mykhailiuk,2021,2021,OKC,TOR,0,2,"$3,607,937","$1,803,969"
Thanasis Antetokounmpo,thanasis antetokounmpo,2021,2021,MIL,MIL,1,2,"$3,607,937","$1,803,969"
Keita Bates-Diop,keita bates diop,2021,2021,SAS,SAS,1,2,"$3,607,937","$1,803,969"
Alize Johnson,alize johnson,2021,2021,BRK,CHI,0,2,"$3,607,937","$1,803,969"
Moritz Wagner,moritz wagner,2021,2021,ORL,ORL,1,2,"$3,607,937","$1,803,969"
Javonte Green,javonte green,2021,2021,CHI,CHI,1,2,"$3,484,855","$1,742,428"
Gabe Vincent,gabe vincent,2021,2021,MIA,MIA,1,2,"$3,484,855","$1,742,428"
Max Strus,max strus,2021,2021,MIA,MIA,1,2,"$3,421,816","$1,710,908"
Omer Yurtseven,omer yurtseven,2021,2021,MIA,MIA,1,2,"$3,241,703","$1,620,852"
Will Barton,will barton,2021,2021,DEN,DEN,1,2,"$3,000,000","$1,500,000"
James Johnson,james johnson,2021,2021,NOP,BRK,0,1,"$2,641,691","$2,641,691"
Trevor Ariza,trevor ariza,2021,2021,MIA,LAL,0,1,"$2,641,691","$2,641,691"
DeAndre Jordan,deandre jordan,2021,2021,DET,LAL,0,1,"$2,641,691","$2,641,691"
Enes Freedom,enes freedom,2021,2021,POR,BOS,0,1,"$2,641,691","$2,641,691"
Patrick Patterson,patrick patterson,2021,2021,LAC,POR,0,1,"$2,641,691","$2,641,691"
Udonis Haslem,udonis haslem,2021,2021,MIA,MIA,1,1,"$2,641,691","$2,641,691"
Dwight Howard,dwight howard,2021,2021,PHI,LAL,0,1,"$2,641,691","$2,641,691"
Avery Bradley,avery bradley,2021,2021,HOU,GSW,0,1,"$2,641,691","$2,641,691"
Rajon Rondo,rajon rondo,2021,2021,MEM,LAL,0,1,"$2,641,691","$2,641,691"
Paul Millsap,paul millsap,2021,2021,DEN,BRK,0,1,"$2,641,691","$2,641,691"
Carmelo Anthony,carmelo anthony,2021,2021,POR,LAL,0,1,"$2,641,691","$2,641,691"
E'Twaun Moore,e'twaun moore,2021,2021,PHO,ORL,0,1,"$2,641,691","$2,641,691"
Markieff Morris,markieff morris,2021,2021,LAL,MIA,0,1,"$2,641,691","$2,641,691"
Wayne Ellington,wayne ellington,2021,2021,DET,LAL,0,1,"$2,641,691","$2,641,691"
Blake Griffin,blake griffin,2021,2021,BRK,BRK,1,1,"$2,641,691","$2,641,691"
LaMarcus Aldridge,lamarcus aldridge,2021,2021,BRK,BRK,1,1,"$2,641,691","$2,641,691"
Jock Landale,jock landale,2021,2021,,SAS,0,2,"$2,488,776","$1,244,388"
Kent Bazemore,kent bazemore,2021,2021,GSW,LAL,0,1,"$2,401,537","$2,401,537"
Hassan Whiteside,hassan whiteside,2021,2021,SAC,UTA,0,1,"$2,401,537","$2,401,537"
Andre Drummond,andre drummond,2021,2021,LAL,PHI,0,1,"$2,401,537","$2,401,537"
Austin Rivers,austin rivers,2021,2021,DEN,DEN,1,1,"$2,401,537","$2,401,537"
Victor Oladipo,victor oladipo,2021,2021,MIA,MIA,1,1,"$2,389,641","$2,389,641"
Cody Zeller,cody zeller,2021,2021,CHO,POR,0,1,"$2,389,641","$2,389,641"
Tony Snell,tony snell,2021,2021,ATL,POR,0,1,"$2,389,641","$2,389,641"
Otto Porter Jr.,otto porter jr,2021,2021,ORL,GSW,0,1,"$2,389,641","$2,389,641"
Solomon Hill,solomon hill,2021,2021,ATL,ATL,1,1,"$2,389,641","$2,389,641"
Ben McLemore,ben mclemore,2021,2021,LAL,POR,0,1,"$2,389,641","$2,389,641"
Dewayne Dedmon,dewayne dedmon,2021,2021,MIA,MIA,1,1,"$2,389,641","$2,389,641"
Rodney Hood,rodney hood,2021,2021,TOR,MIL,0,1,"$2,239,544","$2,239,544"
Elfrid Payton,elfrid payton,2021,2021,NYK,PHO,0,1,"$2,239,544","$2,239,544"
Langston Galloway,langston galloway,2021,2021,PHO,GSW,0,1,"$2,239,544","$2,239,544"
Nemanja Bjelica,nemanja bjelica,2021,2021,MIA,GSW,0,1,"$2,089,448","$2,089,448"
Stanley Johnson,stanley johnson,2021,2021,TOR,CHI,0,1,"$2,089,448","$2,089,448"
Jahlil Okafor,jahlil okafor,2021,2021,BRK,ATL,0,1,"$2,089,448","$2,089,448"
Raul Neto,raul neto,2021,2021,WAS,WAS,1,1,"$2,089,448","$2,089,448"
Frank Kaminsky,frank kaminsky,2021,2021,PHO,PHO,1,1,"$2,089,448","$2,089,448"
DeAndre' Bembry,deandre' bembry,2021,2021,TOR,BRK,0,1,"$1,939,350","$1,939,350"
Timothe Luwawu-Cabarrot,timothe luwawu cabarrot,2021,2021,BRK,ATL,0,1,"$1,939,350","$1,939,350"
Malik Monk,malik monk,2021,2021,CHO,LAL,0,1,"$1,789,256","$1,789,256"
Dennis Smith Jr.,dennis smith jr,2021,2021,DET,POR,0,1,"$1,789,256","$1,789,256"
DJ Wilson,dj wilson,2021,2021,HOU,OKC,0,1,"$1,789,256","$1,789,256"
Semi Ojeleye,semi ojeleye,2021,2021,BOS,MIL,0,1,"$1,789,256","$1,789,256"
Ryan Arcidiacono,ryan arcidiacono,2021,2021,CHI,BOS,0,1,"$1,789,256","$1,789,256"
Luke Kornet,luke kornet,2021,2021,BOS,BOS,1,1,"$1,789,256","$1,789,256"
Dwayne Bacon,dwayne bacon,2021,2021,ORL,NYK,0,1,"$1,789,256","$1,789,256"
Harry Giles,harry giles,2021,2021,POR,LAC,0,1,"$1,789,256","$1,789,256"
Chasson Randle,chasson randle,2021,2021,ORL,PHO,0,1,"$1,789,256","$1,789,256"
Shaquille Harrison,shaquille harrison,2021,2021,DEN,PHI,0,1,"$1,789,256","$1,789,256"
Jordan Bell,jordan bell,2021,2021,GSW,GSW,1,1,"$1,789,256","$1,789,256"
Sam Dekker,sam dekker,2021,2021,WAS,TOR,0,1,"$1,789,256","$1,789,256"
Isaac Bonga,isaac bonga,2021,2021,WAS,TOR,0,1,"$1,729,217","$1,729,217"
Theo Pinson,theo pinson,2021,2021,NYK,BOS,0,1,"$1,729,217","$1,729,217"
Kyle Guy,kyle guy,2021,2021,SAC,CLE,0,1,"$1,669,178","$1,669,178"
Juwan Morgan,juwan morgan,2021,2021,UTA,BOS,0,1,"$1,669,178","$1,669,178"
Garrison Mathews,garrison mathews,2021,2021,WAS,BOS,0,1,"$1,669,178","$1,669,178"
Tacko Fall,tacko fall,2021,2021,BOS,CLE,0,1,"$1,669,178","$1,669,178"
Tremont Waters,tremont waters,2021,2021,BOS,MIL,0,1,"$1,669,178","$1,669,178"
Jared Harper,jared harper,2021,2021,NYK,NYK,1,1,"$1,669,178","$1,669,178"
Jarrell Brantley,jarrell brantley,2021,2021,UTA,UTA,1,1,"$1,669,178","$1,669,178"
DaQuan Jeffries,daquan jeffries,2021,2021,SAS,ATL,0,1,"$1,669,178","$1,669,178"
Deividas Sirvydis,deividas sirvydis,2021,2021,DET,DET,1,1,"$1,669,178","$1,669,178"
Tyler Cook,tyler cook,2021,2021,DET,CHI,0,1,"$1,669,178","$1,669,178"
Chris Silva,chris silva,2021,2021,SAC,MIN,0,1,"$1,669,178","$1,669,178"
Reggie Perry,reggie perry,2021,2021,BRK,TOR,0,1,"$1,489,065","$1,489,065"
Cassius Stanley,cassius stanley,2021,2021,IND,DET,0,1,"$1,489,065","$1,489,065"
Nate Hinton,nate hinton,2021,2021,DAL,IND,0,1,"$1,489,065","$1,489,065"
Armoni Brooks,armoni brooks,2021,2021,HOU,HOU,1,1,"$1,489,065","$1,489,065"
Chandler Hutchison,chandler hutchison,2021,2021,SAS,PHO,0,1,$0,$0
Amir Coffey,amir coffey,2021,2021,LAC,LAC,1,1,$0,$0
Justin James,justin james,2021,2021,SAC,UTA,0,1,$0,$0
Caleb Martin,caleb martin,2021,2021,CHO,MIA,0,1,$0,$0
Devon Dotson,devon dotson,2021,2021,CHI,CHI,1,1,$0,$0
Killian Tillie,killian tillie,2021,2021,MEM,MEM,1,1,$0,$0
Nathan Knight,nathan knight,2021,2021,ATL,MIN,0,1,$0,$0
Keljin Blevins,keljin blevins,2021,2021,POR,POR,1,1,$0,$0
Trent Forrest,trent forrest,2021,2021,UTA,UTA,1,1,$0,$0
Cassius Winston,cassius winston,2021,2021,WAS,WAS,1,1,$0,$0
Markus Howard,markus howard,2021,2021,DEN,DEN,1,1,$0,$0
Grant Riller,grant riller,2021,2021,CHO,PHI,0,1,$0,$0
Josh Hall,josh hall,2021,2021,OKC,OKC,1,1,$0,$0
Paul Watson,paul watson,2021,2021,TOR,OKC,0,1,$0,$0
Chris Chiozza,chris chiozza,2021,2021,BRK,GSW,0,1,$0,$0
Rayjon Tucker,rayjon tucker,2021,2021,PHI,PHI,1,1,$0,$0
Brodric Thomas,brodric thomas,2021,2021,CLE,BOS,0,1,$0,$0
Anthony Lamb,anthony lamb,2021,2021,HOU,HOU,1,1,$0,$0
Ignas Brazdeikis,ignas brazdeikis,2021,2021,ORL,ORL,1,1,$0,$0
Bradley Beal,bradley beal,2022,2022,WAS,WAS,1,5,"$251,019,650","$50,203,930"
Zach LaVine,zach lavine,2022,2022,CHI,CHI,1,5,"$215,159,700","$43,031,940"
Deandre Ayton,deandre ayton,2022,2022,PHO,PHO,1,4,"$132,929,128","$33,232,282"
Jalen Brunson,jalen brunson,2022,2022,DAL,NYK,0,4,"$104,000,000","$26,000,000"
Anfernee Simons,anfernee simons,2022,2022,POR,POR,1,4,"$100,000,000","$25,000,000"
Luguentz Dort,luguentz dort,2022,2022,OKC,OKC,1,5,"$82,500,000","$16,500,000"
Collin Sexton,collin sexton,2022,2022,CLE,UTA,0,4,"$70,950,000","$17,737,500"
Jusuf Nurkic,jusuf nurkic,2022,2022,POR,POR,1,4,"$70,000,000","$17,500,000"
James Harden,james harden,2022,2022,PHI,PHI,1,2,"$68,640,000","$34,320,000"
Mitchell Robinson,mitchell robinson,2022,2022,NYK,NYK,1,4,"$60,000,000","$15,000,000"
Bobby Portis,bobby portis,2022,2022,MIL,MIL,1,4,"$48,578,208","$12,144,552"
Marvin Bagley III,marvin bagley iii,2022,2022,DET,DET,1,3,"$37,500,000","$12,500,000"
Chris Boucher,chris boucher,2022,2022,TOR,TOR,1,3,"$35,250,000","$11,750,000"
P.J. Tucker,pj tucker,2022,2022,MIA,PHI,0,3,"$33,043,500","$11,014,500"
Cody Martin,cody martin,2022,2022,CHO,CHO,1,4,"$31,360,000","$7,840,000"
Tyus Jones,tyus jones,2022,2022,MEM,MEM,1,2,"$29,000,000","$14,500,000"
Gary Payton II,gary payton ii,2022,2022,GSW,POR,0,3,"$26,145,000","$8,715,000"
Nicolas Batum,nicolas batum,2022,2022,LAC,LAC,1,2,"$22,554,168","$11,277,084"
Kevon Looney,kevon looney,2022,2022,GSW,GSW,1,3,"$22,500,000","$7,500,000"
Jae’Sean Tate,jae’sean tate,2022,2022,HOU,HOU,1,3,"$20,630,434","$6,876,811"
Mohamed Bamba,mohamed bamba,2022,2022,ORL,ORL,1,2,"$20,600,000","$10,300,000"
Caleb Martin,caleb martin,2022,2022,MIA,MIA,1,3,"$20,408,850","$6,802,950"
Malik Monk,malik monk,2022,2022,LAL,SAC,0,2,"$19,418,049","$9,709,025"
Ricky Rubio,ricky rubio,2022,2022,IND,CLE,0,3,"$18,439,026","$6,146,342"
Victor Oladipo,victor oladipo,2022,2022,MIA,MIA,1,2,"$18,200,000","$9,100,000"
Kyle Anderson,kyle anderson,2022,2022,MEM,MIN,0,2,"$18,000,000","$9,000,000"
Nicolas Claxton,nicolas claxton,2022,2022,BRK,BRK,1,2,"$17,250,000","$8,625,000"
JaVale McGee,javale mcgee,2022,2022,PHO,DAL,0,3,"$17,202,840","$5,734,280"
Delon Wright,delon wright,2022,2022,ATL,WAS,0,2,"$16,000,000","$8,000,000"
Isaiah Hartenstein,isaiah hartenstein,2022,2022,LAC,NYK,0,2,"$16,000,000","$8,000,000"
Jalen Smith,jalen smith,2022,2022,IND,IND,1,3,"$15,131,319","$5,043,773"
John Wall,john wall,2022,2022,HOU,LAC,0,2,"$13,281,950","$6,640,975"
Danilo Gallinari,danilo gallinari,2022,2022,SAS,BOS,0,2,"$13,281,950","$6,640,975"
Bruce Brown Jr.,bruce brown jr,2022,2022,BRK,DEN,0,2,"$13,281,950","$6,640,975"
Patty Mills,patty mills,2022,2022,BRK,BRK,1,2,"$13,281,950","$6,640,975"
Otto Porter Jr.,otto porter jr,2022,2022,GSW,TOR,0,2,"$12,300,000","$6,150,000"
Donte DiVincenzo,donte divincenzo,2022,2022,SAC,GSW,0,2,"$9,225,000","$4,612,500"
Dewayne Dedmon,dewayne dedmon,2022,2022,MIA,MIA,1,2,"$9,024,000","$4,512,000"
Danuel House Jr.,danuel house jr,2022,2022,UTA,PHI,0,2,"$8,415,250","$4,207,625"
Mike Muscala,mike muscala,2022,2022,OKC,OKC,1,2,"$7,000,000","$3,500,000"
Vlatko Cancar,vlatko cancar,2022,2022,DEN,DEN,1,3,"$6,815,324","$2,271,775"
Derrick Jones Jr.,derrick jones jr,2022,2022,CHI,CHI,1,2,"$6,560,000","$3,280,000"
Andre Drummond,andre drummond,2022,2022,BRK,CHI,0,2,"$6,560,000","$3,280,000"
Joe Ingles,joe ingles,2022,2022,POR,MIL,0,1,"$6,479,000","$6,479,000"
Lonnie Walker IV,lonnie walker iv,2022,2022,SAS,LAL,0,1,"$6,479,000","$6,479,000"
Kevin Knox,kevin knox,2022,2022,ATL,DET,0,2,"$6,000,000","$3,000,000"
Jordan Nwora,jordan nwora,2022,2022,MIL,MIL,1,2,"$5,800,000","$2,900,000"
Jericho Sims,jericho sims,2022,2022,NYK,NYK,1,3,"$5,658,206","$1,886,069"
Sam Hauser,sam hauser,2022,2022,BOS,BOS,1,3,"$5,658,206","$1,886,069"
Montrezl Harrell,montrezl harrell,2022,2022,CHO,PHI,0,2,"$5,223,516","$2,611,758"
Damian Jones,damian jones,2022,2022,SAC,LAL,0,2,"$4,885,050","$2,442,525"
Luke Kornet,luke kornet,2022,2022,BOS,BOS,1,2,"$4,546,582","$2,273,291"
DJ Wilson,dj wilson,2022,2022,TOR,TOR,1,2,"$4,546,582","$2,273,291"
Bol Bol,bol bol,2022,2022,ORL,ORL,1,2,"$4,400,000","$2,200,000"
Joe Wieskamp,joe wieskamp,2022,2022,SAS,SAS,1,2,"$4,375,000","$2,187,500"
Jevon Carter,jevon carter,2022,2022,MIL,MIL,1,2,"$4,339,943","$2,169,972"
Davon Reed,davon reed,2022,2022,DEN,DEN,1,2,"$3,968,718","$1,984,359"
KZ Okpala,kz okpala,2022,2022,OKC,SAC,0,2,"$3,968,718","$1,984,359"
Anthony Gill,anthony gill,2022,2022,WAS,WAS,1,2,"$3,833,328","$1,916,664"
Nathan Knight,nathan knight,2022,2022,MIN,MIN,1,2,"$3,833,328","$1,916,664"
Justin Champagnie,justin champagnie,2022,2022,TOR,TOR,1,2,"$3,565,862","$1,782,931"
Kessler Edwards,kessler edwards,2022,2022,BRK,BRK,1,2,"$3,565,862","$1,782,931"
Serge Ibaka,serge ibaka,2022,2022,MIL,MIL,1,1,"$2,905,851","$2,905,851"
Blake Griffin,blake griffin,2022,2022,BRK,BOS,0,1,"$2,905,851","$2,905,851"
Austin Rivers,austin rivers,2022,2022,DEN,MIN,0,1,"$2,905,851","$2,905,851"
Taj Gibson,taj gibson,2022,2022,NYK,WAS,0,1,"$2,905,851","$2,905,851"
Robin Lopez,robin lopez,2022,2022,ORL,CLE,0,1,"$2,905,851","$2,905,851"
Andre Iguodala,andre iguodala,2022,2022,GSW,GSW,1,1,"$2,905,851","$2,905,851"
Udonis Haslem,udonis haslem,2022,2022,MIA,MIA,1,1,"$2,905,851","$2,905,851"
Wesley Matthews,wesley matthews,2022,2022,MIL,MIL,1,1,"$2,905,851","$2,905,851"
Bismack Biyombo,bismack biyombo,2022,2022,PHO,PHO,1,1,"$2,905,851","$2,905,851"
Goran Dragic,goran dragic,2022,2022,BRK,CHI,0,1,"$2,905,851","$2,905,851"
DeAndre Jordan,deandre jordan,2022,2022,PHI,DEN,0,1,"$2,905,851","$2,905,851"
Gorgui Dieng,gorgui dieng,2022,2022,ATL,SAS,0,1,"$2,641,682","$2,641,682"
Dennis Schröder,dennis schroder,2022,2022,HOU,LAL,0,1,"$2,641,682","$2,641,682"
T.J. Warren,tj warren,2022,2022,IND,BRK,0,1,"$2,628,597","$2,628,597"
JaMychal Green,jamychal green,2022,2022,OKC,GSW,0,1,"$2,628,597","$2,628,597"
Matthew Dellavedova,matthew dellavedova,2022,2022,CLE,SAC,0,1,"$2,628,597","$2,628,597"
Raul Neto,raul neto,2022,2022,WAS,CLE,0,1,"$2,463,490","$2,463,490"
Frank Kaminsky,frank kaminsky,2022,2022,PHO,ATL,0,1,"$2,463,490","$2,463,490"
Jake Layman,jake layman,2022,2022,MIN,BOS,0,1,"$2,298,385","$2,298,385"
Juancho Hernangomez,juancho hernangomez,2022,2022,UTA,TOR,0,1,"$2,298,385","$2,298,385"
Rodney McGruder,rodney mcgruder,2022,2022,DET,DET,1,1,"$2,298,385","$2,298,385"
Bryn Forbes,bryn forbes,2022,2022,DEN,MIN,0,1,"$2,298,385","$2,298,385"
Thomas Bryant,thomas bryant,2022,2022,WAS,LAL,0,1,"$2,133,278","$2,133,278"
Damion Lee,damion lee,2022,2022,GSW,PHO,0,1,"$2,133,278","$2,133,278"
Josh Jackson,josh jackson,2022,2022,SAC,TOR,0,1,"$2,133,278","$2,133,278"
Frank Jackson,frank jackson,2022,2022,DET,PHO,0,1,"$2,133,278","$2,133,278"
Ryan Arcidiacono,ryan arcidiacono,2022,2022,NYK,NYK,1,1,"$2,133,278","$2,133,278"
Troy Brown Jr.,troy brown jr,2022,2022,CHI,LAL,0,1,"$1,968,185","$1,968,185"
Aaron Holiday,aaron holiday,2022,2022,PHO,ATL,0,1,"$1,968,175","$1,968,175"
Josh Okogie,josh okogie,2022,2022,MIN,PHO,0,1,"$1,968,175","$1,968,175"
Yuta Watanabe,yuta watanabe,2022,2022,TOR,BRK,0,1,"$1,968,175","$1,968,175"
Chris Chiozza,chris chiozza,2022,2022,GSW,BRK,0,1,"$1,968,175","$1,968,175"
Theo Pinson,theo pinson,2022,2022,DAL,DAL,1,1,"$1,968,175","$1,968,175"
Drew Eubanks,drew eubanks,2022,2022,POR,POR,1,1,"$1,968,175","$1,968,175"
Juan Toscano-Anderson,juan toscano anderson,2022,2022,GSW,LAL,0,1,"$1,902,133","$1,902,133"
Tyler Cook,tyler cook,2022,2022,CHI,UTA,0,1,"$1,902,133","$1,902,133"
Devontae Cacok,devontae cacok,2022,2022,SAS,POR,0,1,"$1,902,133","$1,902,133"
Mychal Mulder,mychal mulder,2022,2022,MIA,MIA,1,1,"$1,902,133","$1,902,133"
Moses Brown,moses brown,2022,2022,CLE,LAC,0,1,"$1,902,133","$1,902,133"
Rayjon Tucker,rayjon tucker,2022,2022,MIL,MIL,1,1,"$1,902,133","$1,902,133"
Facundo Campazzo,facundo campazzo,2022,2022,DEN,DAL,0,1,"$1,836,090","$1,836,090"
CJ Elleby,cj elleby,2022,2022,POR,MIN,0,1,"$1,836,090","$1,836,090"
Jay Scrubb,jay scrubb,2022,2022,LAC,ORL,0,1,"$1,836,090","$1,836,090"
Elijah Hughes,elijah hughes,2022,2022,POR,MIL,0,1,"$1,836,090","$1,836,090"
Skylar Mays,skylar mays,2022,2022,ATL,PHI,0,1,"$1,836,090","$1,836,090"
Brodric Thomas,brodric thomas,2022,2022,BOS,BOS,1,1,"$1,836,090","$1,836,090"
Robert Woodard II,robert woodard ii,2022,2022,SAS,OKC,0,1,"$1,836,090","$1,836,090"
Malik Fitts,malik fitts,2022,2022,IND,LAC,0,1,"$1,836,090","$1,836,090"
Anthony Lamb,anthony lamb,2022,2022,HOU,GSW,0,1,"$1,836,090","$1,836,090"
Luca Vildoza,luca vildoza,2022,2022,MIL,MIL,1,1,"$1,836,090","$1,836,090"
Nate Hinton,nate hinton,2022,2022,IND,CLE,0,1,"$1,836,090","$1,836,090"
Sharife Cooper,sharife cooper,2022,2022,ATL,CLE,0,1,"$1,637,966","$1,637,966"
McKinley Wright IV,mckinley wright iv,2022,2022,MIN,DAL,0,1,"$1,637,966","$1,637,966"
David Johnson,david johnson,2022,2022,TOR,TOR,1,1,"$1,637,966","$1,637,966"
Jamorko Pickett,jamorko pickett,2022,2022,DET,CLE,0,1,"$1,637,966","$1,637,966"
Matt Ryan,matt ryan,2022,2022,BOS,LAL,0,1,"$1,637,966","$1,637,966"
Bruno Fernando,bruno fernando,2022,2022,HOU,HOU,1,1,$0,$0
Jarrett Culver,jarrett culver,2022,2022,MEM,ATL,0,1,$0,$0
David Duke Jr.,david duke jr,2022,2022,BRK,BRK,1,1,$0,$0
Neemias Queta,neemias queta,2022,2022,SAC,SAC,1,1,$0,$0
Trent Forrest,trent forrest,2022,2022,UTA,ATL,0,1,$0,$0
Ishmail Wainright,ishmail wainright,2022,2022,PHO,PHO,1,1,$0,$0
Trevelin Queen,trevelin queen,2022,2022,HOU,IND,0,1,$0,$0
Quinndary Weatherspoon,quinndary weatherspoon,2022,2022,GSW,GSW,1,1,$0,$0
Admiral Schofield,admiral schofield,2022,2022,ORL,ORL,1,1,$0,$0
Lindell Wigginton,lindell wigginton,2022,2022,MIL,MIL,1,2,$0,$0
Malcolm Hill,malcolm hill,2022,2022,CHI,CHI,1,1,$0,$0
Xavier Moon,xavier moon,2022,2022,LAC,LAC,1,1,$0,$0
Gabe York,gabe york,2022,2022,IND,IND,1,1,$0,$0
Duane Washington Jr.,duane washington jr,2022,2022,IND,PHO,0,1,$0,$0
R.J. Nembhard,rj nembhard,2022,2022,CLE,CLE,1,1,$0,$0
Jerami Grant,jerami grant,2023,2023,POR,POR,1,5,"$160,000,000","$32,000,000"
Fred VanVleet,fred vanvleet,2023,2023,TOR,HOU,0,3,"$128,539,845","$42,846,615"
Kyrie Irving,kyrie irving,2023,2023,DAL,DAL,1,3,"$120,000,000","$40,000,000"
Draymond Green,draymond green,2023,2023,GSW,GSW,1,4,"$100,000,000","$25,000,000"
Cameron Johnson,cameron johnson,2023,2023,BRK,BRK,1,4,"$94,500,000","$23,625,000"
Khris Middleton,khris middleton,2023,2023,MIL,MIL,1,3,"$93,000,000","$31,000,000"
Kyle Kuzma,kyle kuzma,2023,2023,WAS,WAS,1,4,"$90,000,000","$22,500,000"
Dillon Brooks,dillon brooks,2023,2023,MEM,HOU,0,4,"$86,000,001","$21,500,000"
Jakob Poeltl,jakob poeltl,2023,2023,TOR,TOR,1,4,"$78,000,000","$19,500,000"
Max Strus,max strus,2023,2023,MIA,CLE,0,4,"$62,297,040","$15,574,260"
Austin Reaves,austin reaves,2023,2023,LAL,LAL,1,4,"$53,827,872","$13,456,968"
Herb Jones,herb jones,2023,2023,NOP,NOP,1,4,"$53,827,872","$13,456,968"
Grant Williams,grant williams,2023,2023,BOS,DAL,0,4,"$53,341,500","$13,335,375"
Rui Hachimura,rui hachimura,2023,2023,LAL,LAL,1,3,"$51,000,000","$17,000,000"
Brook Lopez,brook lopez,2023,2023,MIL,MIL,1,2,"$48,000,000","$24,000,000"
Donte DiVincenzo,donte divincenzo,2023,2023,GSW,NYK,0,4,"$46,870,000","$11,717,500"
PJ Washington,pj washington,2023,2023,CHO,CHO,1,3,"$46,500,000","$15,500,000"
Bruce Brown Jr.,bruce brown jr,2023,2023,DEN,IND,0,2,"$45,000,000","$22,500,000"
D'Angelo Russell,d'angelo russell,2023,2023,LAL,LAL,1,2,"$36,000,000","$18,000,000"
Coby White,coby white,2023,2023,CHI,CHI,1,3,"$36,000,000","$12,000,000"
Matisse Thybulle,matisse thybulle,2023,2023,POR,POR,1,3,"$33,075,000","$11,025,000"
Gabe Vincent,gabe vincent,2023,2023,MIA,LAL,0,3,"$33,000,000","$11,000,000"
Caris LeVert,caris levert,2023,2023,CLE,CLE,1,2,"$32,000,000","$16,000,000"
Jock Landale,jock landale,2023,2023,PHO,HOU,0,4,"$32,000,000","$8,000,000"
Georges Niang,georges niang,2023,2023,PHI,CLE,0,3,"$25,500,000","$8,500,000"
Dennis Schröder,dennis schroder,2023,2023,LAL,TOR,0,2,"$25,430,250","$12,715,125"
Paul Reed,paul reed,2023,2023,PHI,PHI,1,3,"$23,555,150","$7,851,717"
Joe Ingles,joe ingles,2023,2023,MIL,ORL,0,2,"$22,000,000","$11,000,000"
Ayo Dosunmu,ayo dosunmu,2023,2023,CHI,CHI,1,3,"$21,000,000","$7,000,000"
Tre Jones,tre jones,2023,2023,SAS,SAS,1,2,"$20,000,000","$10,000,000"
Jevon Carter,jevon carter,2023,2023,MIL,CHI,0,3,"$19,500,000","$6,500,000"
Jeff Green,jeff green,2023,2023,DEN,HOU,0,2,"$16,000,000","$8,000,000"
Trey Lyles,trey lyles,2023,2023,SAC,SAC,1,2,"$16,000,000","$8,000,000"
Moritz Wagner,moritz wagner,2023,2023,ORL,ORL,1,2,"$16,000,000","$8,000,000"
Dwight Powell,dwight powell,2023,2023,DAL,DAL,1,3,"$12,000,000","$4,000,000"
Julian Champagnie,julian champagnie,2023,2023,SAS,SAS,1,4,"$12,000,000","$3,000,000"
Reggie Jackson,reggie jackson,2023,2023,DEN,DEN,1,2,"$10,250,000","$5,125,000"
Shake Milton,shake milton,2023,2023,PHI,MIN,0,2,"$10,000,000","$5,000,000"
Jalen McDaniels,jalen mcdaniels,2023,2023,PHI,TOR,0,2,"$9,257,800","$4,628,900"
Nickeil Alexander-Walker,nickeil alexander walker,2023,2023,MIN,MIN,1,2,"$9,000,000","$4,500,000"
Seth Curry,seth curry,2023,2023,BRK,DAL,0,2,"$8,000,000","$4,000,000"
Troy Brown Jr.,troy brown jr,2023,2023,LAL,MIN,0,2,"$8,000,000","$4,000,000"
Miles Bridges,miles bridges,2023,2023,CHO,CHO,1,1,"$7,921,300","$7,921,300"
Kevin Love,kevin love,2023,2023,MIA,MIA,1,2,"$7,863,263","$3,931,632"
Russell Westbrook,russell westbrook,2023,2023,LAC,LAC,1,2,"$7,863,263","$3,931,632"
Eric Gordon,eric gordon,2023,2023,LAC,PHO,0,2,"$6,552,719","$3,276,360"
Derrick Rose,derrick rose,2023,2023,NYK,MEM,0,2,"$6,552,719","$3,276,360"
AJ Green,aj green,2023,2023,MIL,MIL,1,3,"$6,324,049","$2,108,016"
Josh Richardson,josh richardson,2023,2023,NOP,MIA,0,2,"$5,942,620","$2,971,310"
Josh Okogie,josh okogie,2023,2023,PHO,PHO,1,2,"$5,772,671","$2,886,336"
Christian Wood,christian wood,2023,2023,DAL,LAL,0,2,"$5,745,889","$2,872,945"
Omer Yurtseven,omer yurtseven,2023,2023,MIA,UTA,0,2,"$5,460,000","$2,730,000"
Torrey Craig,torrey craig,2023,2023,PHO,CHI,0,2,"$5,373,575","$2,686,788"
Damion Lee,damion lee,2023,2023,PHO,PHO,1,2,"$5,373,575","$2,686,788"
Thomas Bryant,thomas bryant,2023,2023,DEN,MIA,0,2,"$5,373,575","$2,686,788"
Keita Bates-Diop,keita bates diop,2023,2023,SAS,PHO,0,2,"$5,001,258","$2,500,629"
Drew Eubanks,drew eubanks,2023,2023,POR,PHO,0,2,"$5,001,258","$2,500,629"
Yuta Watanabe,yuta watanabe,2023,2023,BRK,PHO,0,2,"$5,001,258","$2,500,629"
Mason Plumlee,mason plumlee,2023,2023,LAC,LAC,1,1,"$5,000,000","$5,000,000"
Bismack Biyombo,bismack biyombo,2023,2023,PHO,MEM,0,1,"$5,000,000","$5,000,000"
Ty Jerome,ty jerome,2023,2023,GSW,CLE,0,2,"$5,000,000","$2,500,000"
Cam Reddish,cam reddish,2023,2023,POR,LAL,0,2,"$4,628,946","$2,314,473"
Jaxson Hayes,jaxson hayes,2023,2023,NOP,LAL,0,2,"$4,628,946","$2,314,473"
Oshae Brissett,oshae brissett,2023,2023,IND,BOS,0,2,"$4,628,946","$2,314,473"
Taurean Prince,taurean prince,2023,2023,MIN,LAL,0,1,"$4,516,000","$4,516,000"
Dalano Banton,dalano banton,2023,2023,TOR,BOS,0,2,"$4,216,676","$2,108,338"
Terry Taylor,terry taylor,2023,2023,CHI,CHI,1,2,"$4,216,676","$2,108,338"
Jack White,jack white,2023,2023,DEN,OKC,0,2,"$3,922,463","$1,961,232"
Orlando Robinson,orlando robinson,2023,2023,MIA,MIA,1,2,"$3,922,462","$1,961,231"
Jae Crowder,jae crowder,2023,2023,MIL,MIL,1,1,"$3,196,448","$3,196,448"
Alex Len,alex len,2023,2023,SAC,SAC,1,1,"$3,196,448","$3,196,448"
Cory Joseph,cory joseph,2023,2023,DET,GSW,0,1,"$3,196,448","$3,196,448"
Garrett Temple,garrett temple,2023,2023,NOP,TOR,0,1,"$3,196,448","$3,196,448"
Ishmael Smith,ishmael smith,2023,2023,DEN,CHO,0,1,"$3,196,448","$3,196,448"
Wesley Matthews,wesley matthews,2023,2023,MIL,ATL,0,1,"$3,196,448","$3,196,448"
DeAndre Jordan,deandre jordan,2023,2023,DEN,DEN,1,1,"$3,196,448","$3,196,448"
Robin Lopez,robin lopez,2023,2023,CLE,MIL,0,1,"$3,196,448","$3,196,448"
Taj Gibson,taj gibson,2023,2023,WAS,WAS,1,1,"$3,196,448","$3,196,448"
Markieff Morris,markieff morris,2023,2023,DAL,DAL,1,1,"$3,196,448","$3,196,448"
Danny Green,danny green,2023,2023,CLE,PHI,0,1,"$3,196,448","$3,196,448"
Justin Holiday,justin holiday,2023,2023,DAL,DEN,0,1,"$3,196,448","$3,196,448"
Cody Zeller,cody zeller,2023,2023,MIA,NOP,0,1,"$3,196,448","$3,196,448"
Patrick Beverley,patrick beverley,2023,2023,CHI,PHI,0,1,"$3,196,448","$3,196,448"
Tristan Thompson,tristan thompson,2023,2023,LAL,CLE,0,1,"$3,196,448","$3,196,448"
Kelly Oubre Jr.,kelly oubre jr,2023,2023,CHO,PHI,0,1,"$2,891,467","$2,891,467"
Justise Winslow,justise winslow,2023,2023,POR,TOR,0,1,"$2,891,467","$2,891,467"
Boban Marjanovic,boban marjanovic,2023,2023,HOU,HOU,1,1,"$2,891,467","$2,891,467"
Montrezl Harrell,montrezl harrell,2023,2023,PHI,PHI,1,1,"$2,891,467","$2,891,467"
Dario Saric,dario saric,2023,2023,OKC,GSW,0,1,"$2,709,849","$2,709,849"
Rodney McGruder,rodney mcgruder,2023,2023,DET,GSW,0,1,"$2,709,849","$2,709,849"
Derrick Jones Jr.,derrick jones jr,2023,2023,CHI,DAL,0,1,"$2,709,849","$2,709,849"
Malik Beasley,malik beasley,2023,2023,LAL,MIL,0,1,"$2,709,849","$2,709,849"
Frank Ntilikina,frank ntilikina,2023,2023,DAL,CHO,0,1,"$2,528,233","$2,528,233"
Dennis Smith Jr.,dennis smith jr,2023,2023,CHO,BRK,0,1,"$2,528,233","$2,528,233"
Shaquille Harrison,shaquille harrison,2023,2023,LAL,MEM,0,1,"$2,528,233","$2,528,233"
Chimezie Metu,chimezie metu,2023,2023,SAC,PHO,0,1,"$2,346,614","$2,346,614"
Thanasis Antetokounmpo,thanasis antetokounmpo,2023,2023,MIL,MIL,1,1,"$2,346,614","$2,346,614"
Wenyen Gabriel,wenyen gabriel,2023,2023,LAL,BOS,0,1,"$2,346,614","$2,346,614"
Hamidou Diallo,hamidou diallo,2023,2023,DET,WAS,0,1,"$2,346,614","$2,346,614"
Lonnie Walker IV,lonnie walker iv,2023,2023,LAL,BRK,0,1,"$2,346,614","$2,346,614"
Mohamed Bamba,mohamed bamba,2023,2023,LAL,PHI,0,1,"$2,346,614","$2,346,614"
Aaron Holiday,aaron holiday,2023,2023,ATL,HOU,0,1,"$2,346,614","$2,346,614"
Sviatoslav Mykhailiuk,sviatoslav mykhailiuk,2023,2023,CHO,BOS,0,1,"$2,346,614","$2,346,614"
Kevin Knox,kevin knox,2023,2023,POR,POR,1,1,"$2,346,614","$2,346,614"
Darius Bazley,darius bazley,2023,2023,PHO,BRK,0,1,"$2,165,000","$2,165,000"
Romeo Langford,romeo langford,2023,2023,SAS,UTA,0,1,"$2,165,000","$2,165,000"
Jaylen Nowell,jaylen nowell,2023,2023,MIN,SAC,0,1,"$2,165,000","$2,165,000"
Javonte Green,javonte green,2023,2023,CHI,GSW,0,1,"$2,165,000","$2,165,000"
Bol Bol,bol bol,2023,2023,ORL,PHO,0,1,"$2,165,000","$2,165,000"
Louis King,louis king,2023,2023,PHI,LAL,0,1,"$2,165,000","$2,165,000"
Mamadi Diakite,mamadi diakite,2023,2023,CLE,NYK,0,1,"$2,092,354","$2,092,354"
Trendon Watford,trendon watford,2023,2023,POR,BRK,0,1,"$2,019,706","$2,019,706"
Daishen Nix,daishen nix,2023,2023,HOU,MIN,0,1,"$2,019,706","$2,019,706"
Mac McClung,mac mcclung,2023,2023,PHI,ORL,0,1,"$2,019,706","$2,019,706"
Sandro Mamukelashvili,sandro mamukelashvili,2023,2023,SAS,SAS,1,1,"$2,019,706","$2,019,706"
David Duke Jr.,david duke jr,2023,2023,BRK,PHI,0,1,"$2,019,706","$2,019,706"
Trevor Keels,trevor keels,2023,2023,NYK,MIN,0,1,"$1,801,769","$1,801,769"
Dylan Windler,dylan windler,2023,2023,CLE,NYK,0,1,$0,$0
Udoka Azubuike,udoka azubuike,2023,2023,UTA,PHO,0,1,$0,$0
Lindy Waters III,lindy waters iii,2023,2023,OKC,OKC,1,1,$0,$0
Trevor Hudgins,trevor hudgins,2023,2023,HOU,HOU,1,1,$0,$0
Scotty Pippen Jr.,scotty pippen jr,2023,2023,LAL,MEM,0,2,$0,$0
Buddy Boeheim,buddy boeheim,2023,2023,DET,DET,1,2,$0,$0
Isaiah Mobley,isaiah mobley,2023,2023,CLE,CLE,1,1,$0,$0
Neemias Queta,neemias queta,2023,2023,SAC,BOS,0,1,$0,$0
Keon Ellis,keon ellis,2023,2023,SAC,SAC,1,1,$0,$0
Collin Gillespie,collin gillespie,2023,2023,DEN,DEN,1,1,$0,$0
J.D. Davison,jd davison,2023,2023,BOS,BOS,1,1,$0,$0
Dominick Barlow,dominick barlow,2023,2023,SAS,SAS,1,1,$0,$0
Ron Harper Jr.,ron harper jr,2023,2023,TOR,TOR,1,1,$0,$0
Johnny Juzang,johnny juzang,2023,2023,UTA,UTA,1,1,$0,$0
Jamal Cain,jamal cain,2023,2023,MIA,MIA,1,1,$0,$0
Jeff Dowtin,jeff dowtin,2023,2023,TOR,PHI,0,1,$0,$0
Moussa Diabate,moussa diabate,2023,2023,LAC,LAC,1,1,$0,$0
Trent Forrest,trent forrest,2023,2023,ATL,ATL,1,1,$0,$0
Luka Garza,luka garza,2023,2023,MIN,MIN,1,1,$0,$0
Kendall Brown,kendall brown,2023,2023,IND,IND,1,1,$0,$0
Darius Days,darius days,2023,2023,HOU,HOU,1,1,$0,$0
Theo Maledon,theo maledon,2023,2023,CHO,CHO,1,1,$0,$0
John Butler Jr.,john butler jr,2023,2023,POR,WAS,0,1,$0,$0
Ibou Badji,ibou badji,2023,2023,POR,POR,1,1,$0,$0
Matt Ryan,matt ryan,2023,2023,MIN,MIN,1,1,$0,$0
Jared Rhoden,jared rhoden,2023,2023,DET,DET,1,1,$0,$0
Saben Lee,saben lee,2023,2023,PHO,PHO,1,1,$0,$0
Olivier Sarr,olivier sarr,2023,2023,OKC,OKC,1,1,$0,$0
Duane Washington Jr.,duane washington jr,2023,2023,NYK,NYK,1,1,$0,$0
Xavier Moon,xavier moon,2023,2023,LAC,LAC,1,1,$0,$0
Jay Huff,jay huff,2023,2023,WAS,DEN,0,1,$0,$0
Jared Butler,jared butler,2023,2023,OKC,WAS,0,1,$0,$0
Lester Quinones,lester quinones,2023,2023,GSW,GSW,1,1,$0,$0
Nathan Knight,nathan knight,2023,2023,MIN,NYK,0,1,$0,$0
Admiral Schofield,admiral schofield,2023,2023,ORL,ORL,1,1,$0,$0
Dru Smith,dru smith,2023,2023,BRK,MIA,0,1,$0,$0
OG Anunoby,og anunoby,2024,2024,NYK,NYK,1,5,"$212,500,000","$42,500,000"
Paul George,paul george,2024,2024,LAC,PHI,0,4,"$211,584,940","$52,896,235"
Tyrese Maxey,tyrese maxey,2024,2024,PHI,PHI,1,5,"$203,852,600","$40,770,520"
Pascal Siakam,pascal siakam,2024,2024,IND,IND,1,4,"$188,950,272","$47,237,568"
Immanuel Quickley,immanuel quickley,2024,2024,TOR,TOR,1,5,"$162,500,000","$32,500,000"
LeBron James,lebron james,2024,2024,LAL,LAL,1,2,"$101,355,998","$50,677,999"
Nicolas Claxton,nicolas claxton,2024,2024,BRK,BRK,1,4,"$97,000,000","$24,250,000"
Patrick Williams,patrick williams,2024,2024,CHI,CHI,1,5,"$90,000,000","$18,000,000"
Isaiah Hartenstein,isaiah hartenstein,2024,2024,NYK,OKC,0,3,"$87,000,000","$29,000,000"
Malik Monk,malik monk,2024,2024,SAC,SAC,1,4,"$77,975,308","$19,493,827"
Miles Bridges,miles bridges,2024,2024,CHO,CHO,1,3,"$75,000,000","$25,000,000"
DeMar DeRozan,demar derozan,2024,2024,CHI,SAC,0,3,"$73,710,000","$24,570,000"
James Harden,james harden,2024,2024,LAC,LAC,1,2,"$70,000,000","$35,000,000"
Kentavious Caldwell-Pope,kentavious caldwell pope,2024,2024,DEN,ORL,0,3,"$66,000,000","$22,000,000"
Obi Toppin,obi toppin,2024,2024,IND,IND,1,4,"$58,000,000","$14,500,000"
Tobias Harris,tobias harris,2024,2024,PHI,DET,0,2,"$52,000,000","$26,000,000"
Klay Thompson,klay thompson,2024,2024,GSW,DAL,0,3,"$50,000,000","$16,666,667"
Isaiah Joe,isaiah joe,2024,2024,OKC,OKC,1,4,"$48,000,000","$12,000,000"
Aaron Wiggins,aaron wiggins,2024,2024,OKC,OKC,1,4,"$45,000,000","$11,250,000"
Royce O'Neale,royce o'neale,2024,2024,PHO,PHO,1,4,"$42,000,000","$10,500,000"
Buddy Hield,buddy hield,2024,2024,PHI,GSW,0,4,"$37,756,096","$9,439,024"
Caleb Martin,caleb martin,2024,2024,MIA,PHI,0,4,"$35,040,704","$8,760,176"
Isaac Okoro,isaac okoro,2024,2024,CLE,CLE,1,3,"$33,000,000","$11,000,000"
Max Christie,max christie,2024,2024,LAL,LAL,1,4,"$32,000,000","$8,000,000"
Jonas Valanciunas,jonas valanciunas,2024,2024,NOP,WAS,0,3,"$30,295,000","$10,098,333"
Derrick Jones Jr.,derrick jones jr,2024,2024,DAL,LAC,0,3,"$30,000,000","$10,000,000"
Kyle Anderson,kyle anderson,2024,2024,MIN,GSW,0,3,"$27,658,536","$9,219,512"
Naji Marshall,naji marshall,2024,2024,NOP,DAL,0,3,"$27,000,000","$9,000,000"
Jalen Smith,jalen smith,2024,2024,IND,CHI,0,3,"$27,000,000","$9,000,000"
Goga Bitadze,goga bitadze,2024,2024,ORL,ORL,1,3,"$25,000,000","$8,333,333"
Moritz Wagner,moritz wagner,2024,2024,ORL,ORL,1,2,"$22,000,000","$11,000,000"
Saddiq Bey,saddiq bey,2024,2024,ATL,WAS,0,3,"$19,000,000","$6,333,333"
Kelly Oubre Jr.,kelly oubre jr,2024,2024,PHI,PHI,1,2,"$16,365,150","$8,182,575"
Kris Dunn,kris dunn,2024,2024,UTA,LAC,0,3,"$16,279,200","$5,426,400"
Simone Fontecchio,simone fontecchio,2024,2024,DET,DET,1,2,"$16,000,000","$8,000,000"
Josh Okogie,josh okogie,2024,2024,PHO,PHO,1,2,"$16,000,000","$8,000,000"
Sviatoslav Mykhailiuk,sviatoslav mykhailiuk,2024,2024,BOS,UTA,0,4,"$15,050,000","$3,762,500"
Gary Harris,gary harris,2024,2024,ORL,ORL,1,2,"$15,000,000","$7,500,000"
De'Anthony Melton,de'anthony melton,2024,2024,PHI,GSW,0,1,"$12,822,000","$12,822,000"
Johnny Juzang,johnny juzang,2024,2024,UTA,UTA,1,4,"$11,425,252","$2,856,313"
Cody Zeller,cody zeller,2024,2024,NOP,ATL,0,3,"$11,025,000","$3,675,000"
Haywood Highsmith,haywood highsmith,2024,2024,MIA,MIA,1,2,"$10,816,000","$5,408,000"
Dario Saric,dario saric,2024,2024,GSW,DEN,0,2,"$10,594,400","$5,297,200"
Chris Paul,chris paul,2024,2024,GSW,SAS,0,1,"$10,460,000","$10,460,000"
Vit Krejci,vit krejci,2024,2024,ATL,ATL,1,4,"$10,185,213","$2,546,303"
Andre Drummond,andre drummond,2024,2024,CHI,PHI,0,2,"$10,000,000","$5,000,000"
Drew Eubanks,drew eubanks,2024,2024,PHO,UTA,0,2,"$9,750,000","$4,875,000"
Nicolas Batum,nicolas batum,2024,2024,PHI,LAC,0,2,"$9,569,400","$4,784,700"
Aaron Holiday,aaron holiday,2024,2024,HOU,HOU,1,2,"$9,569,400","$4,784,700"
Luke Kennard,luke kennard,2024,2024,MEM,MEM,1,1,"$9,250,000","$9,250,000"
Shake Milton,shake milton,2024,2024,NYK,BRK,0,3,"$9,162,406","$3,054,135"
DaQuan Jeffries,daquan jeffries,2024,2024,NYK,CHO,0,3,"$8,250,098","$2,750,033"
Kevin Love,kevin love,2024,2024,MIA,MIA,1,2,"$8,000,000","$4,000,000"
Charlie Brown Jr.,charlie brown jr,2024,2024,NYK,CHO,0,3,"$7,658,796","$2,552,932"
Neemias Queta,neemias queta,2024,2024,BOS,BOS,1,3,"$7,180,128","$2,393,376"
Eric Gordon,eric gordon,2024,2024,PHO,PHI,0,2,"$6,772,731","$3,386,366"
Russell Westbrook,russell westbrook,2024,2024,UTA,DEN,0,2,"$6,772,731","$3,386,366"
Precious Achiuwa,precious achiuwa,2024,2024,NYK,NYK,1,1,"$6,000,000","$6,000,000"
Malik Beasley,malik beasley,2024,2024,MIL,DET,0,1,"$6,000,000","$6,000,000"
James Wiseman,james wiseman,2024,2024,DET,IND,0,2,"$4,784,366","$2,392,183"
Xavier Tillman,xavier tillman,2024,2024,BOS,BOS,1,2,"$4,784,366","$2,392,183"
Anthony Gill,anthony gill,2024,2024,WAS,WAS,1,2,"$4,784,366","$2,392,183"
Luka Garza,luka garza,2024,2024,MIN,MIN,1,2,"$4,512,184","$2,256,092"
Keon Johnson,keon johnson,2024,2024,BRK,BRK,1,2,"$4,512,184","$2,256,092"
Doug McDermott,doug mcdermott,2024,2024,IND,SAC,0,1,"$3,303,771","$3,303,771"
Alec Burks,alec burks,2024,2024,NYK,MIA,0,1,"$3,303,771","$3,303,771"
DeAndre Jordan,deandre jordan,2024,2024,DEN,DEN,1,1,"$3,303,771","$3,303,771"
Seth Curry,seth curry,2024,2024,CHO,CHO,1,1,"$3,303,771","$3,303,771"
Alex Len,alex len,2024,2024,SAC,SAC,1,1,"$3,303,771","$3,303,771"
Mason Plumlee,mason plumlee,2024,2024,LAC,PHO,0,1,"$3,303,771","$3,303,771"
Garrett Temple,garrett temple,2024,2024,TOR,TOR,1,1,"$3,303,771","$3,303,771"
Tristan Thompson,tristan thompson,2024,2024,CLE,CLE,1,1,"$3,303,771","$3,303,771"
Markieff Morris,markieff morris,2024,2024,DAL,DAL,1,1,"$3,303,771","$3,303,771"
Joe Ingles,joe ingles,2024,2024,ORL,MIN,0,1,"$3,303,771","$3,303,771"
James Johnson,james johnson,2024,2024,IND,IND,1,1,"$3,303,771","$3,303,771"
Spencer Dinwiddie,spencer dinwiddie,2024,2024,LAL,DAL,0,1,"$3,303,771","$3,303,771"
Kyle Lowry,kyle lowry,2024,2024,PHI,PHI,1,1,"$3,303,771","$3,303,771"
Patty Mills,patty mills,2024,2024,MIA,UTA,0,1,"$3,303,771","$3,303,771"
Taj Gibson,taj gibson,2024,2024,DET,CHO,0,1,"$3,303,771","$3,303,771"
T.J. Warren,tj warren,2024,2024,MIN,NYK,0,1,"$3,303,771","$3,303,771"
Marcus Morris Sr.,marcus morris sr,2024,2024,CLE,NYK,0,1,"$3,303,771","$3,303,771"
Tyus Jones,tyus jones,2024,2024,WAS,PHO,0,1,"$3,003,427","$3,003,427"
Cameron Payne,cameron payne,2024,2024,PHI,NYK,0,1,"$3,003,427","$3,003,427"
Delon Wright,delon wright,2024,2024,MIA,MIL,0,1,"$3,003,427","$3,003,427"
Taurean Prince,taurean prince,2024,2024,LAL,MIL,0,1,"$2,988,550","$2,988,550"
Monte Morris,monte morris,2024,2024,MIN,PHO,0,1,"$2,800,834","$2,800,834"
Luke Kornet,luke kornet,2024,2024,BOS,BOS,1,1,"$2,800,834","$2,800,834"
Thomas Bryant,thomas bryant,2024,2024,MIA,MIA,1,1,"$2,800,834","$2,800,834"
Damion Lee,damion lee,2024,2024,PHO,PHO,1,1,"$2,800,834","$2,800,834"
Daniel Theis,daniel theis,2024,2024,LAC,NOP,0,1,"$2,800,834","$2,800,834"
Trendon Watford,trendon watford,2024,2024,BRK,BRK,1,1,"$2,726,603","$2,726,603"
Landry Shamet,landry shamet,2024,2024,WAS,NYK,0,1,"$2,613,120","$2,613,120"
Gary Trent Jr.,gary trent jr,2024,2024,TOR,MIL,0,1,"$2,613,120","$2,613,120"
Devonte' Graham,devonte' graham,2024,2024,CHO,POR,0,1,"$2,613,120","$2,613,120"
Lonnie Walker IV,lonnie walker iv,2024,2024,BRK,BOS,0,1,"$2,613,120","$2,613,120"
Mohamed Bamba,mohamed bamba,2024,2024,PHI,LAC,0,1,"$2,613,120","$2,613,120"
Talen Horton-Tucker,talen horton tucker,2024,2024,UTA,CHI,0,1,"$2,425,403","$2,425,403"
Jordan McLaughlin,jordan mclaughlin,2024,2024,MIN,SAC,0,1,"$2,425,403","$2,425,403"
Bol Bol,bol bol,2024,2024,PHO,PHO,1,1,"$2,425,403","$2,425,403"
Moses Brown,moses brown,2024,2024,POR,NYK,0,1,"$2,425,403","$2,425,403"
Vlatko Cancar,vlatko cancar,2024,2024,DEN,DEN,1,1,"$2,425,403","$2,425,403"
Javonte Green,javonte green,2024,2024,CHI,NOP,0,1,"$2,425,403","$2,425,403"
Chuma Okeke,chuma okeke,2024,2024,ORL,NYK,0,1,"$2,237,691","$2,237,691"
Malachi Flynn,malachi flynn,2024,2024,DET,SAS,0,1,"$2,237,691","$2,237,691"
Kira Lewis Jr.,kira lewis jr,2024,2024,UTA,WAS,0,1,"$2,237,691","$2,237,691"
Lamar Stevens,lamar stevens,2024,2024,MEM,DET,0,1,"$2,237,691","$2,237,691"
Skylar Mays,skylar mays,2024,2024,LAL,MIN,0,1,"$2,237,691","$2,237,691"
Brandon Boston Jr,brandon boston jr,2024,2024,LAC,SAS,0,1,"$2,162,606","$2,162,606"
Sandro Mamukelashvili,sandro mamukelashvili,2024,2024,SAS,SAS,1,1,"$2,162,606","$2,162,606"
Braxton Key,braxton key,2024,2024,DEN,LAC,0,1,"$2,162,606","$2,162,606"
Nate Hinton,nate hinton,2024,2024,HOU,HOU,1,1,"$2,162,606","$2,162,606"
Jordan Goodwin,jordan goodwin,2024,2024,MEM,LAL,0,1,"$2,162,606","$2,162,606"
Kevon Harris,kevon harris,2024,2024,ORL,ATL,0,1,"$2,087,519","$2,087,519"
Dereon Seabron,dereon seabron,2024,2024,NOP,DET,0,1,"$2,087,519","$2,087,519"
Orlando Robinson,orlando robinson,2024,2024,MIA,SAC,0,1,"$2,087,519","$2,087,519"
Jared Rhoden,jared rhoden,2024,2024,DET,TOR,0,1,"$2,087,519","$2,087,519"
Isaiah Mobley,isaiah mobley,2024,2024,CLE,PHI,0,1,"$2,087,519","$2,087,519"
Cole Swider,cole swider,2024,2024,MIA,IND,0,1,"$2,087,519","$2,087,519"
Ibou Badji,ibou badji,2024,2024,POR,MIL,0,1,"$2,087,519","$2,087,519"
Jacob Gilyard,jacob gilyard,2024,2024,BRK,CLE,0,1,"$2,087,519","$2,087,519"
Jalen Slawson,jalen slawson,2024,2024,SAC,ORL,0,1,"$1,862,265","$1,862,265"
Isaiah Wong,isaiah wong,2024,2024,IND,UTA,0,1,"$1,862,265","$1,862,265"
Keyontae Johnson,keyontae johnson,2024,2024,OKC,CHO,0,1,"$1,862,265","$1,862,265"
Amari Bailey,amari bailey,2024,2024,CHO,BRK,0,1,"$1,862,265","$1,862,265"
Jermaine Samuels,jermaine samuels,2024,2024,HOU,HOU,1,1,"$1,862,265","$1,862,265"
Henri Drell,henri drell,2024,2024,CHI,POR,0,1,"$1,862,265","$1,862,265"
Malik Williams,malik williams,2024,2024,TOR,MIA,0,1,"$1,862,265","$1,862,265"
Jules Bernard,jules bernard,2024,2024,WAS,CLE,0,1,"$1,862,265","$1,862,265"
JT Thor,jt thor,2024,2024,CHO,CLE,0,1,$0,$0
Bryce McGowens,bryce mcgowens,2024,2024,CHO,POR,0,1,$0,$0
Kessler Edwards,kessler edwards,2024,2024,SAC,DAL,0,1,$0,$0
Micah Potter,micah potter,2024,2024,UTA,UTA,1,1,$0,$0
Oscar Tshiebwe,oscar tshiebwe,2024,2024,IND,UTA,0,1,$0,$0
Colin Castleton,colin castleton,2024,2024,LAL,MEM,0,1,$0,$0
Seth Lundy,seth lundy,2024,2024,ATL,LAC,0,2,$0,$0
Emoni Bates,emoni bates,2024,2024,CLE,CLE,1,1,$0,$0
J.D. Davison,jd davison,2024,2024,BOS,BOS,1,1,$0,$0
Adama Sanogo,adama sanogo,2024,2024,CHI,CHI,1,1,$0,$0
Jay Huff,jay huff,2024,2024,DEN,MEM,0,1,$0,$0
Moussa Diabate,moussa diabate,2024,2024,LAC,CHO,0,1,$0,$0
Lester Quinones,lester quinones,2024,2024,GSW,PHI,0,1,$0,$0
Dominick Barlow,dominick barlow,2024,2024,SAS,ATL,0,1,$0,$0
Jeenathan Williams,jeenathan williams,2024,2024,HOU,HOU,1,1,$0,$0
Jamal Cain,jamal cain,2024,2024,MIA,NOP,0,1,$0,$0
Trevelin Queen,trevelin queen,2024,2024,ORL,ORL,1,1,$0,$0
Justin Minaya,justin minaya,2024,2024,POR,POR,1,0,$0,
David Duke Jr.,david duke jr,2024,2024,SAS,SAS,1,1,$0,$0
Brandon Williams,brandon williams,2024,2024,DAL,DAL,1,1,$0,$0
Duane Washington Jr.,duane washington jr,2024,2024,NYK,CHO,0,0,$0,
Pete Nance,pete nance,2024,2024,CLE,PHI,0,1,$0,$0
Jeff Dowtin,jeff dowtin,2024,2024,PHI,PHI,1,1,$0,$0
Quenton Jackson,quenton jackson,2024,2024,IND,IND,1,1,$0,$0
Jacob Toppin,jacob toppin,2024,2024,NYK,ATL,0,1,$0,$0
Tristan Vukcevic,tristan vukcevic,2024,2024,WAS,WAS,1,1,$0,$0
Kai Jones,kai jones,2024,2024,LAC,DAL,0,1,$0,$0
Collin Gillespie,collin gillespie,2024,2024,DEN,PHO,0,1,$0,$0
Kyrie Irving,kyrie irving,2025,2025,DAL,DAL,1,3,"$118,473,846","$39,491,282"
Myles Turner,myles turner,2025,2025,IND,MIL,0,4,"$108,868,482","$27,217,121"
Josh Giddey,josh giddey,2025,2025,CHI,CHI,1,4,"$100,000,000","$25,000,000"
Nickeil Alexander-Walker,nickeil alexander walker,2025,2025,MIN,ATL,0,4,"$60,647,200","$15,161,800"
Dorian Finney-Smith,dorian finney smith,2025,2025,LAL,HOU,0,4,"$52,705,000","$13,176,250"
Santi Aldama,santi aldama,2025,2025,MEM,MEM,1,3,"$52,500,002","$17,500,001"
Fred VanVleet,fred vanvleet,2025,2025,HOU,HOU,1,2,"$50,000,000","$25,000,000"
Duncan Robinson,duncan robinson,2025,2025,MIA,DET,0,3,"$47,978,871","$15,992,957"
Jonathan Kuminga,jonathan kuminga,2025,2025,GSW,GSW,1,2,"$46,800,000","$23,400,000"
Dennis Schröder,dennis schroder,2025,2025,DET,SAC,0,3,"$44,427,600","$14,809,200"
Bobby Portis,bobby portis,2025,2025,MIL,MIL,1,3,"$43,564,242","$14,521,414"
Luke Kornet,luke kornet,2025,2025,BOS,SAS,0,4,"$40,700,000","$10,175,000"
Sam Merrill,sam merrill,2025,2025,CLE,CLE,1,4,"$38,000,000","$9,500,000"
Caris LeVert,caris levert,2025,2025,ATL,DET,0,2,"$28,913,200","$14,456,600"
Ty Jerome,ty jerome,2025,2025,CLE,MEM,0,3,"$27,660,150","$9,220,050"
Davion Mitchell,davion mitchell,2025,2025,MIA,MIA,1,2,"$24,000,000","$12,000,000"
Tre Mann,tre mann,2025,2025,CHO,CHO,1,3,"$24,000,000","$8,000,000"
Tre Jones,tre jones,2025,2025,CHI,CHI,1,3,"$24,000,000","$8,000,000"
Clint Capela,clint capela,2025,2025,ATL,HOU,0,3,"$21,105,000","$7,035,000"
Isaiah Jackson,isaiah jackson,2025,2025,IND,IND,1,3,"$21,000,000","$7,000,000"
Brook Lopez,brook lopez,2025,2025,MIL,LAC,0,2,"$17,937,500","$8,968,750"
Kevon Looney,kevon looney,2025,2025,GSW,NOP,0,2,"$16,000,000","$8,000,000"
Day'Ron Sharpe,day'ron sharpe,2025,2025,BRK,BRK,1,2,"$12,500,000","$6,250,000"
Ziaire Williams,ziaire williams,2025,2025,BRK,BRK,1,2,"$12,500,000","$6,250,000"
Jake LaRavia,jake laravia,2025,2025,SAC,LAL,0,2,"$12,000,000","$6,000,000"
Ryan Rollins,ryan rollins,2025,2025,MIL,MIL,1,3,"$12,000,000","$4,000,000"
Al Horford,al horford,2025,2025,BOS,GSW,0,2,"$11,654,250","$5,827,125"
D'Angelo Russell,d'angelo russell,2025,2025,BRK,DAL,0,2,"$11,654,250","$5,827,125"
Nicolas Batum,nicolas batum,2025,2025,LAC,LAC,1,2,"$11,483,280","$5,741,640"
Luke Kennard,luke kennard,2025,2025,MEM,ATL,0,1,"$11,000,000","$11,000,000"
Paul Reed,paul reed,2025,2025,DET,DET,1,2,"$10,938,583","$5,469,292"
Kevin Porter Jr.,kevin porter jr,2025,2025,MIL,MIL,1,2,"$10,524,700","$5,262,350"
Cam Spencer,cam spencer,2025,2025,MEM,MEM,1,4,"$10,396,518","$2,599,130"
Quentin Grimes,quentin grimes,2025,2025,PHI,PHI,1,1,"$8,741,209","$8,741,209"
Dru Smith,dru smith,2025,2025,MIA,MIA,1,3,"$7,898,151","$2,632,717"
Gary Trent Jr.,gary trent jr,2025,2025,MIL,MIL,1,2,"$7,579,065","$3,789,533"
Gary Harris,gary harris,2025,2025,ORL,MIL,0,2,"$7,450,014","$3,725,007"
Taurean Prince,taurean prince,2025,2025,MIL,MIL,1,2,"$7,119,635","$3,559,818"
Justin Edwards,justin edwards,2025,2025,PHI,PHI,1,3,"$7,076,338","$2,358,779"
Tyus Jones,tyus jones,2025,2025,PHO,ORL,0,1,"$7,000,000","$7,000,000"
De'Anthony Melton,de'anthony melton,2025,2025,BRK,GSW,0,2,"$6,532,700","$3,266,350"
Cameron Thomas,cameron thomas,2025,2025,BRK,BRK,1,1,"$5,993,172","$5,993,172"
Jericho Sims,jericho sims,2025,2025,MIL,MIL,1,2,"$5,262,809","$2,631,405"
Luka Garza,luka garza,2025,2025,MIN,BOS,0,2,"$5,262,809","$2,631,405"
Trendon Watford,trendon watford,2025,2025,BRK,PHI,0,2,"$5,262,809","$2,631,405"
Sandro Mamukelashvili,sandro mamukelashvili,2025,2025,SAS,TOR,0,2,"$5,262,809","$2,631,405"
Moritz Wagner,moritz wagner,2025,2025,ORL,ORL,1,1,"$5,000,000","$5,000,000"
Josh Minott,josh minott,2025,2025,MIN,BOS,0,2,"$4,963,409","$2,481,705"
N'Faly Dante,n'faly dante,2025,2025,HOU,ATL,0,2,"$4,459,584","$2,229,792"
Larry Nance Jr.,larry nance jr,2025,2025,ATL,CLE,0,1,"$3,634,153","$3,634,153"
Tim Hardaway Jr.,tim hardaway jr,2025,2025,DET,DEN,0,1,"$3,634,153","$3,634,153"
Jeff Green,jeff green,2025,2025,HOU,HOU,1,1,"$3,634,153","$3,634,153"
Chris Paul,chris paul,2025,2025,SAS,LAC,0,1,"$3,634,153","$3,634,153"
Eric Gordon,eric gordon,2025,2025,PHI,PHI,1,1,"$3,634,153","$3,634,153"
Mason Plumlee,mason plumlee,2025,2025,PHO,CHO,0,1,"$3,634,153","$3,634,153"
Delon Wright,delon wright,2025,2025,NYK,IND,0,1,"$3,634,153","$3,634,153"
Garrett Temple,garrett temple,2025,2025,TOR,TOR,1,1,"$3,634,153","$3,634,153"
Joe Ingles,joe ingles,2025,2025,MIN,MIN,1,1,"$3,634,153","$3,634,153"
Kyle Lowry,kyle lowry,2025,2025,PHI,PHI,1,1,"$3,634,153","$3,634,153"
Cameron Payne,cameron payne,2025,2025,NYK,IND,0,1,"$3,634,153","$3,634,153"
Seth Curry,seth curry,2025,2025,CHO,GSW,0,1,"$3,634,153","$3,634,153"
Spencer Dinwiddie,spencer dinwiddie,2025,2025,DAL,CHO,0,1,"$3,634,153","$3,634,153"
Russell Westbrook,russell westbrook,2025,2025,DEN,SAC,0,1,"$3,634,153","$3,634,153"
Doug McDermott,doug mcdermott,2025,2025,SAC,SAC,1,1,"$3,634,153","$3,634,153"
Alex Len,alex len,2025,2025,LAL,NYK,0,1,"$3,634,153","$3,634,153"
Bismack Biyombo,bismack biyombo,2025,2025,SAS,SAS,1,1,"$3,634,153","$3,634,153"
Jaxson Hayes,jaxson hayes,2025,2025,LAL,LAL,1,1,"$3,449,323","$3,449,323"
Malcolm Brogdon,malcolm brogdon,2025,2025,WAS,NYK,0,1,"$3,303,774","$3,303,774"
Gary Payton II,gary payton ii,2025,2025,GSW,GSW,1,1,"$3,303,774","$3,303,774"
Dante Exum,dante exum,2025,2025,DAL,DAL,1,1,"$3,303,774","$3,303,774"
Chris Boucher,chris boucher,2025,2025,TOR,BOS,0,1,"$3,287,409","$3,287,409"
Thomas Bryant,thomas bryant,2025,2025,IND,CLE,0,1,"$3,287,409","$3,287,409"
Marvin Bagley III,marvin bagley iii,2025,2025,MEM,WAS,0,1,"$3,080,921","$3,080,921"
Bruce Brown Jr.,bruce brown jr,2025,2025,NOP,DEN,0,1,"$3,080,921","$3,080,921"
Aaron Holiday,aaron holiday,2025,2025,HOU,HOU,1,1,"$3,080,921","$3,080,921"
Landry Shamet,landry shamet,2025,2025,NYK,NYK,1,1,"$3,080,921","$3,080,921"
Kevin Knox,kevin knox,2025,2025,GSW,CHI,0,1,"$3,080,921","$3,080,921"
Amir Coffey,amir coffey,2025,2025,LAC,MIL,0,1,"$2,874,436","$2,874,436"
Jordan McLaughlin,jordan mclaughlin,2025,2025,SAS,SAS,1,1,"$2,874,436","$2,874,436"
Javonte Green,javonte green,2025,2025,CLE,DET,0,1,"$2,874,436","$2,874,436"
Jae’Sean Tate,jae’sean tate,2025,2025,HOU,HOU,1,1,"$2,667,947","$2,667,947"
Precious Achiuwa,precious achiuwa,2025,2025,NYK,MIA,0,1,"$2,667,947","$2,667,947"
Dalano Banton,dalano banton,2025,2025,POR,DAL,0,1,"$2,461,463","$2,461,463"
Lindy Waters III,lindy waters iii,2025,2025,DET,SAS,0,1,"$2,461,463","$2,461,463"
Jeremiah Robinson-Earl,jeremiah robinson earl,2025,2025,NOP,DAL,0,1,"$2,461,463","$2,461,463"
Charles Bassey,charles bassey,2025,2025,SAS,ATL,0,1,"$2,461,463","$2,461,463"
David Duke Jr.,david duke jr,2025,2025,SAS,PHO,0,1,"$2,461,463","$2,461,463"
Micah Potter,micah potter,2025,2025,UTA,SAS,0,1,"$2,461,463","$2,461,463"
Kessler Edwards,kessler edwards,2025,2025,DAL,DEN,0,1,"$2,461,463","$2,461,463"
Jared Butler,jared butler,2025,2025,PHI,PHO,0,1,"$2,461,463","$2,461,463"
Nah'Shon Hyland,nah'shon hyland,2025,2025,MIN,MIN,1,1,"$2,461,463","$2,461,463"
Braxton Key,braxton key,2025,2025,GSW,MEM,0,1,"$2,461,463","$2,461,463"
Justin Minaya,justin minaya,2025,2025,POR,ORL,0,1,"$2,378,870","$2,378,870"
Collin Gillespie,collin gillespie,2025,2025,PHO,PHO,1,1,"$2,378,870","$2,378,870"
TyTy Washington Jr.,tyty washington jr,2025,2025,PHO,LAC,0,1,"$2,378,870","$2,378,870"
Mac McClung,mac mcclung,2025,2025,ORL,CHI,0,1,"$2,378,870","$2,378,870"
Wendell Moore Jr.,wendell moore jr,2025,2025,CHO,BOS,0,1,"$2,378,870","$2,378,870"
MarJon Beauchamp,marjon beauchamp,2025,2025,NYK,POR,0,1,"$2,378,870","$2,378,870"
Adam Flagler,adam flagler,2025,2025,OKC,SAS,0,1,"$2,296,274","$2,296,274"
Emoni Bates,emoni bates,2025,2025,CLE,PHI,0,1,"$2,296,274","$2,296,274"
Jalen Bridges,jalen bridges,2025,2025,PHO,BOS,0,1,"$2,048,494","$2,048,494"
Anton Watson,anton watson,2025,2025,NYK,LAL,0,1,"$2,048,494","$2,048,494"
Caleb Houstan,caleb houstan,2025,2025,ORL,ATL,0,1,$0,$0
Jabari Walker,jabari walker,2025,2025,POR,PHI,0,1,$0,$0
Pat Spencer,pat spencer,2025,2025,GSW,GSW,1,1,$0,$0
Tristan Vukcevic,tristan vukcevic,2025,2025,WAS,WAS,1,1,$0,$0
Isaiah Crawford,isaiah crawford,2025,2025,SAC,HOU,0,1,$0,$0
Trey Alexander,trey alexander,2025,2025,DEN,NOP,0,1,$0,$0
Drew Peterson,drew peterson,2025,2025,BOS,CHO,0,1,$0,$0
Daniss Jenkins,daniss jenkins,2025,2025,DET,DET,1,1,$0,$0
Jesse Edwards,jesse edwards,2025,2025,MIN,MIN,1,1,$0,$0
P.J. Hall,pj hall,2025,2025,DEN,MEM,0,1,$0,$0
Bryce McGowens,bryce mcgowens,2025,2025,POR,NOP,0,1,$0,$0
Jamal Cain,jamal cain,2025,2025,NOP,ORL,0,1,$0,$0
Keaton Wallace,keaton wallace,2025,2025,ATL,ATL,1,1,$0,$0
Riley Minix,riley minix,2025,2025,SAS,SAS,1,1,$0,$0
Harrison Ingram,harrison ingram,2025,2025,SAS,SAS,1,1,$0,$0
Spencer Jones,spencer jones,2025,2025,DEN,DEN,1,1,$0,$0
Kevin McCullar Jr.,kevin mccullar jr,2025,2025,NYK,NYK,1,1,$0,$0
E.J. Liddell,ej liddell,2025,2025,CHI,BRK,0,1,$0,$0
Christian Koloko,christian koloko,2025,2025,LAL,LAL,1,1,$0,$0
Yuki Kawamura,yuki kawamura,2025,2025,MEM,CHI,0,1,$0,$0
Emanuel Miller,emanuel miller,2025,2025,CHI,CHI,1,1,$0,$0
Tristen Newton,tristen newton,2025,2025,MIN,MIN,1,1,$0,$0
Branden Carlson,branden carlson,2025,2025,OKC,OKC,1,1,$0,$0
Jacob Toppin,jacob toppin,2025,2025,ATL,ATL,1,1,$0,$0
Tyson Etienne,tyson etienne,2025,2025,BRK,BRK,1,1,$0,$0
Oscar Tshiebwe,oscar tshiebwe,2025,2025,UTA,UTA,1,1,$0,$0
Trae Young,trae young,2026,2026,WAS,WAS,1,4,"$212,799,690","$53,199,923"
Austin Reaves,austin reaves,2026,2026,LAL,LAL,1,4,"$184,756,320","$46,189,080"
Walker Kessler,walker kessler,2026,2026,UTA,LAL,0,4,"$129,467,930","$32,366,983"
Ayo Dosunmu,ayo dosunmu,2026,2026,MIN,MIN,1,5,"$112,000,000","$22,400,000"
Peyton Watson,peyton watson,2026,2026,DEN,CLE,0,4,"$88,000,000","$22,000,000"
Tari Eason,tari eason,2026,2026,HOU,HOU,1,5,"$81,509,460","$16,301,892"
Isaiah Hartenstein,isaiah hartenstein,2026,2026,OKC,OKC,1,3,"$75,000,000","$25,000,000"
Coby White,coby white,2026,2026,CHA,CHA,1,3,"$74,000,000","$24,666,667"
Gary Trent Jr.,gary trent jr,2026,2026,MIL,MIL,1,4,"$64,000,000","$16,000,000"
Quentin Grimes,quentin grimes,2026,2026,PHI,LAL,0,4,"$60,000,000","$15,000,000"
Sandro Mamukelashvili,sandro mamukelashvili,2026,2026,TOR,LAL,0,4,"$52,000,000","$13,000,000"
John Collins,john collins,2026,2026,LAC,DET,0,3,"$51,000,000","$17,000,000"
Collin Gillespie,collin gillespie,2026,2026,PHX,PHX,1,4,"$48,000,000","$12,000,000"
Mitchell Robinson,mitchell robinson,2026,2026,NYK,BOS,0,3,"$47,388,600","$15,796,200"
Norman Powell,norman powell,2026,2026,MIA,CHI,0,2,"$44,075,000","$22,037,500"
Dean Wade,dean wade,2026,2026,CLE,PHI,0,4,"$38,700,000","$9,675,000"
Mark Williams,mark williams,2026,2026,PHX,PHX,1,3,"$38,000,000","$12,666,667"
Tobias Harris,tobias harris,2026,2026,DET,SAS,0,2,"$30,840,200","$15,420,100"
Rui Hachimura,rui hachimura,2026,2026,LAL,LAC,0,2,"$28,000,000","$14,000,000"
Draymond Green,draymond green,2026,2026,GSW,GSW,1,1,"$27,678,571","$27,678,571"
Kevin Huerter,kevin huerter,2026,2026,DET,DET,1,3,"$27,000,000","$9,000,000"
Quinten Post,quinten post,2026,2026,GSW,MEM,0,3,"$26,100,000","$8,700,000"
Landry Shamet,landry shamet,2026,2026,NYK,NYK,1,4,"$23,978,467","$5,994,617"
Jusuf Nurkic,jusuf nurkic,2026,2026,UTA,UTA,1,2,"$22,000,000","$11,000,000"
Day'Ron Sharpe,day'ron sharpe,2026,2026,BKN,BKN,1,2,"$20,000,000","$10,000,000"
Collin Sexton,collin sexton,2026,2026,CHI,LAL,0,2,"$19,200,300","$9,600,150"
Jordan Goodwin,jordan goodwin,2026,2026,PHX,PHX,1,3,"$19,000,000","$6,333,333"
Moritz Wagner,moritz wagner,2026,2026,ORL,BKN,0,2,"$18,450,000","$9,225,000"
Keon Ellis,keon ellis,2026,2026,CLE,BKN,0,2,"$18,000,000","$9,000,000"
Khris Middleton,khris middleton,2026,2026,DAL,WAS,0,3,"$17,612,034","$5,870,678"
Ousmane Dieng,ousmane dieng,2026,2026,MIL,MIL,1,3,"$17,250,000","$5,750,000"
Kelly Oubre Jr.,kelly oubre jr,2026,2026,PHI,IND,0,2,"$16,500,000","$8,250,000"
Bennedict Mathurin,bennedict mathurin,2026,2026,LAC,NOP,0,2,"$16,000,000","$8,000,000"
Jordan Miller,jordan miller,2026,2026,LAC,LAC,1,3,"$15,300,000","$5,100,000"
Jose Alvarado,jose alvarado,2026,2026,NYK,NYK,1,3,"$14,384,484","$4,794,828"
Jock Landale,jock landale,2026,2026,ATL,ATL,1,1,"$14,100,000","$14,100,000"
Al Horford,al horford,2026,2026,GSW,GSW,1,2,"$13,985,100","$6,992,550"
Ron Harper Jr.,ron harper jr,2026,2026,BOS,BOS,1,4,"$13,704,229","$3,426,057"
Bradley Beal,bradley beal,2026,2026,LAC,LAC,1,2,"$13,170,840","$6,585,420"
Luke Kennard,luke kennard,2026,2026,LAL,PHX,0,2,"$12,431,200","$6,215,600"
Marcus Smart,marcus smart,2026,2026,LAL,HOU,0,2,"$12,431,200","$6,215,600"
De'Anthony Melton,de'anthony melton,2026,2026,GSW,GSW,1,2,"$12,431,200","$6,215,600"
Jonathan Kuminga,jonathan kuminga,2026,2026,ATL,MIN,0,2,"$12,431,200","$6,215,600"
Anfernee Simons,anfernee simons,2026,2026,CHI,PHI,0,2,"$12,300,000","$6,150,000"
Jaxson Hayes,jaxson hayes,2026,2026,LAL,UTA,0,2,"$12,000,000","$6,000,000"
Josh Okogie,josh okogie,2026,2026,HOU,UTA,0,2,"$12,000,000","$6,000,000"
Spencer Jones,spencer jones,2026,2026,DEN,DEN,1,2,"$11,750,000","$5,875,000"
Kobe Sanders,kobe sanders,2026,2026,LAC,LAC,1,4,"$11,279,212","$2,819,803"
Mohamed Diawara,mohamed diawara,2026,2026,NYK,NYK,1,4,"$11,278,738","$2,819,685"
Isaiah Crawford,isaiah crawford,2026,2026,HOU,HOU,1,4,"$11,274,781","$2,818,695"
Precious Achiuwa,precious achiuwa,2026,2026,SAC,SAC,1,2,"$11,227,850","$5,613,925"
Jaylen Clark,jaylen clark,2026,2026,MIN,MIN,1,3,"$10,000,000","$3,333,333"
Josh Minott,josh minott,2026,2026,BKN,BKN,1,2,"$9,000,000","$4,500,000"
Harrison Barnes,harrison barnes,2026,2026,SAS,SAS,1,1,"$8,000,000","$8,000,000"
LeBron James,lebron james,2026,2026,LAL,PHI,0,2,"$7,946,884","$3,973,442"
DeAndre Jordan,deandre jordan,2026,2026,NOP,NOP,1,2,"$7,946,884","$3,973,442"
Tim Hardaway Jr.,tim hardaway jr,2026,2026,DEN,MIA,0,1,"$6,065,000","$6,065,000"
Daeqwon Plowden,daeqwon plowden,2026,2026,SAC,SAC,1,2,"$5,113,822","$2,556,911"
Kenrich Williams,kenrich williams,2026,2026,OKC,OKC,1,1,"$5,000,000","$5,000,000"
Alijah Martin,alijah martin,2026,2026,TOR,TOR,1,2,"$4,757,011","$2,378,506"
Moussa Cisse,moussa cisse,2026,2026,DAL,DAL,1,2,"$4,756,989","$2,378,495"
Javonte Green,javonte green,2026,2026,DET,DET,1,1,"$3,943,679","$3,943,679"
Jordan Clarkson,jordan clarkson,2026,2026,NYK,NYK,1,1,"$3,876,529","$3,876,529"
Nikola Vucevic,nikola vucevic,2026,2026,BOS,ORL,0,1,"$3,876,529","$3,876,529"
Andre Drummond,andre drummond,2026,2026,PHI,NYK,0,1,"$3,876,529","$3,876,529"
Kyle Anderson,kyle anderson,2026,2026,MIN,TOR,0,1,"$3,876,529","$3,876,529"
Kevon Looney,kevon looney,2026,2026,NOP,LAL,0,1,"$3,876,529","$3,876,529"
Larry Nance Jr.,larry nance jr,2026,2026,CLE,IND,0,1,"$3,876,529","$3,876,529"
Gary Payton II,gary payton ii,2026,2026,GSW,GSW,1,1,"$3,876,529","$3,876,529"
Mike Conley,mike conley,2026,2026,MIN,BOS,0,1,"$3,876,529","$3,876,529"
Tyus Jones,tyus jones,2026,2026,DEN,DEN,1,1,"$3,876,529","$3,876,529"
Bogdan Bogdanovic,bogdan bogdanovic,2026,2026,LAC,HOU,0,1,"$3,524,115","$3,524,115"
Thomas Bryant,thomas bryant,2026,2026,CLE,CLE,1,1,"$3,524,115","$3,524,115"
Marvin Bagley III,marvin bagley iii,2026,2026,DAL,DEN,0,1,"$3,506,659","$3,506,659"
Jevon Carter,jevon carter,2026,2026,ORL,ORL,1,1,"$3,506,659","$3,506,659"
Ariel Hukporti,ariel hukporti,2026,2026,NYK,PHI,0,1,"$3,400,000","$3,400,000"
Matisse Thybulle,matisse thybulle,2026,2026,POR,LAL,0,1,"$3,286,399","$3,286,399"
Jordan McLaughlin,jordan mclaughlin,2026,2026,SAS,SAS,1,1,"$3,286,399","$3,286,399"
Nick Richards,nick richards,2026,2026,CHI,MIA,0,1,"$3,066,143","$3,066,143"
Jae’Sean Tate,jae’sean tate,2026,2026,HOU,HOU,1,1,"$3,066,143","$3,066,143"
Ziaire Williams,ziaire williams,2026,2026,BKN,LAL,0,1,"$2,845,883","$2,845,883"
Trendon Watford,trendon watford,2026,2026,PHI,NOP,0,1,"$2,845,883","$2,845,883"
Nah'Shon Hyland,nah'shon hyland,2026,2026,MIN,MIN,1,1,"$2,845,883","$2,845,883"
Charles Bassey,charles bassey,2026,2026,GSW,GSW,1,1,"$2,845,883","$2,845,883"
Simone Fontecchio,simone fontecchio,2026,2026,MIA,MIA,1,1,"$2,625,627","$2,625,627"
Brandon Williams,brandon williams,2026,2026,DAL,GSW,0,1,"$2,625,627","$2,625,627"
Jeremy Sochan,jeremy sochan,2026,2026,NYK,POR,0,1,"$2,625,627","$2,625,627"
Andre Jackson Jr.,andre jackson jr,2026,2026,MIL,TOR,0,1,"$2,537,526","$2,537,526"
Julian Phillips,julian phillips,2026,2026,MIN,HOU,0,1,"$2,537,526","$2,537,526"
Oscar Tshiebwe,oscar tshiebwe,2026,2026,UTA,HOU,0,1,"$2,537,526","$2,537,526"
Christian Koloko,christian koloko,2026,2026,ATL,NOP,0,1,"$2,537,526","$2,537,526"
Branden Carlson,branden carlson,2026,2026,OKC,POR,0,1,"$2,449,421","$2,449,421"
Harrison Ingram,harrison ingram,2026,2026,SAS,UTA,0,1,"$2,449,421","$2,449,421"
Yuki Kawamura,yuki kawamura,2026,2026,CHI,LAC,0,1,"$2,449,421","$2,449,421"
Amari Williams,amari williams,2026,2026,BOS,BOS,1,1,"$679,042","$679,042"
Kobe Brown,kobe brown,2026,2026,IND,IND,1,1,"$678,882","$678,882"
Jalen Wilson,jalen wilson,2026,2026,BKN,ATL,0,1,"$678,882","$678,882"
Rayan Rupert,rayan rupert,2026,2026,MEM,PHI,0,1,"$678,882","$678,882"
Jalen Pickett,jalen pickett,2026,2026,DEN,LAC,0,1,"$678,882","$678,882"
Elijah Harkless,elijah harkless,2026,2026,UTA,DET,0,1,"$678,882","$678,882"
Caleb Love,caleb love,2026,2026,POR,PHI,0,1,"$678,882","$678,882"
Trey Alexander,trey alexander,2026,2026,NOP,UTA,0,1,"$678,882","$678,882"
Hunter Dickinson,hunter dickinson,2026,2026,NOP,NOP,1,1,"$678,882","$678,882"
Jamir Watkins,jamir watkins,2026,2026,WAS,WAS,1,1,"$678,882","$678,882"
Koby Brea,koby brea,2026,2026,PHX,PHX,1,1,"$678,882","$678,882"
David Jones-Garcia,david jones garcia,2026,2026,SAS,SAS,1,1,"$678,882","$678,882"
Chris Manon,chris manon,2026,2026,LAL,LAL,1,1,"$678,882","$678,882"
Colin Castleton,colin castleton,2026,2026,ORL,ORL,1,1,"$678,882","$678,882"
Trey Jemison,trey jemison,2026,2026,NYK,TOR,0,1,"$678,882","$678,882"
Jalen Slawson,jalen slawson,2026,2026,IND,IND,1,1,"$678,882","$678,882"
Brooks Barnhizer,brooks barnhizer,2026,2026,OKC,OKC,1,1,"$678,882","$678,882"
James Harden,james harden,2026,2026,CLE,CLE,1,3,$0,$0
Jonathan Mogbo,jonathan mogbo,2026,2026,TOR,SAC,0,2,$0,$0
Chucky Hepburn,chucky hepburn,2026,2026,TOR,TOR,1,1,$0,$0
Enrique Freeman,enrique freeman,2026,2026,MIN,MIN,1,1,$0,$0
John Tonje,john tonje,2026,2026,BOS,POR,0,2,$0,$0
Pat Spencer,pat spencer,2026,2026,GSW,PHX,0,1,$0,$0
Chaney Johnson,chaney johnson,2026,2026,BKN,BKN,1,1,$0,$0
