player_name,player_name_norm,age,actual_cap_pct,predicted_cap_pct,residual,abs_residual,darko_dpm_z,lebron_z,laker_z,age_squared,mpg,availability_3yr,is_waived,usage_pct,height_inches,cba_era,ast_pct,award_score_cum,draft_pick,prev_cap_pct,mpg_x_waived,playoff_mpg_diff
Trae Young,trae young,27.0,0.3,0.12310994,-0.1768900632858276,0.1768900632858276,0.4333834186289518,0.6561191933792869,0.3321371643352634,729.0,28.0,0.4707,0.0,28.8,74.0,1,45.1,0.8,5.0,0.3,0.0,0.0
Jalen Williams,jalen williams,24.0,0.25,0.14923587,-0.100764125585556,0.100764125585556,0.8850082067293842,0.7260921254757182,1.4756703731107137,576.0,28.363636363636363,0.6268,0.0,26.2,77.0,1,29.3,4.65,12.0,0.0425549606523243,0.0,-6.963636363636365
Jaren Jackson Jr.,jaren jackson jr.,26.0,0.2970399064021193,0.20438616,-0.092653746624478,0.092653746624478,0.940687975125328,-0.4342661419871179,0.0814748349877186,676.0,30.291666666666668,0.7244,0.0,26.2,82.0,1,10.4,8.4,4.0,0.2263218814461321,0.0,0.0
De'Aaron Fox,de'aaron fox,28.0,0.3,0.23312259,-0.0668774127960205,0.0668774127960205,1.4046860450915255,1.139211493560274,1.101802238207706,784.0,30.98611111111111,0.7841,0.0,24.9,75.0,1,29.6,1.95,5.0,0.2398793381054918,0.0,2.5138888888888893
Mikal Bridges,mikal bridges,29.0,0.2029700656518813,0.14053962,-0.0624304493055221,0.0624304493055221,0.3591437274343602,1.0993418050790027,1.147816777888076,841.0,32.829268292682926,1.0,0.0,17.3,78.0,1,15.9,1.2,10.0,0.1610118528002483,0.0,-0.8292682926829258
Aaron Gordon,aaron gordon,30.0,0.2040363297991646,0.14493176,-0.0591045663885964,0.0591045663885964,1.3737528404271122,0.27649342742568,1.2499115378038974,900.0,27.916666666666668,0.5841,0.0,21.9,80.0,1,13.7,0.0,4.0,0.155460209380072,0.0,1.7833333333333314
Walker Kessler,walker kessler,24.0,0.183270942828911,0.12595111,-0.0573198315122301,0.0573198315122301,0.464316623293365,-0.1506588554397573,0.9030050472448564,576.0,30.8,0.3988,0.0,16.5,86.0,1,13.7,0.65,22.0,0.0315488693605436,0.0,0.0
Oso Ighodaro,oso ighodaro,23.0,0.0139200841411,0.070729114,0.0568090299741381,0.0568090299741381,0.4519433414275997,0.2429669369286211,0.5309343552981128,529.0,22.04878048780488,0.904,0.0,12.2,83.0,1,14.2,0.0,40.0,0.0126441314736141,0.0,10.251219512195116
Daniel Gafford,daniel gafford,27.0,0.1046525178678596,0.04990581,-0.0547467073627079,0.0547467073627079,-0.0182413694714805,0.3440712322177905,0.130104576051138,729.0,21.727272727272727,0.6537,0.0,15.8,82.0,1,7.0,0.0,38.0,0.0930268288424605,0.0,0.0
Gary Trent Jr.,gary trent jr.,27.0,0.0921429913737186,0.039326128,-0.0528168637551673,0.0528168637551673,-1.2741294788466553,-2.053891577463431,0.0814748349877186,729.0,21.184615384615384,0.8402,0.0,17.2,77.0,1,8.0,0.0,37.0,0.0239067359858257,0.0,0.0
Anfernee Simons,anfernee simons,26.0,0.0363722334369942,0.085984744,0.0496125106945708,0.0496125106945708,-0.7977581270146925,0.2708482457314244,0.4241662436960038,676.0,24.53061224489796,0.6671,0.0,23.7,75.0,1,14.5,0.0,24.0,0.1789790361274386,0.0,0.0
Jaylen Wells,jaylen wells,22.0,0.0139200841411,0.06334005,0.0494199688212031,0.0494199688212031,-0.500799362236326,-1.1777473842229904,-0.5540022131031159,484.0,26.39130434782609,0.8872,0.0,19.3,79.0,1,8.8,1.0,39.0,0.0126441314736141,0.0,0.0
Jock Landale,jock landale,30.0,0.0854747485769363,0.03783927,-0.0476354774487587,0.0476354774487587,-0.3461333389142602,-0.1440272239650159,-0.6143962964336018,900.0,23.55555555555556,0.5646,0.0,18.6,83.0,1,10.6,0.0,75.0,0.014848487199881,0.0,0.0
Jamal Shead,jamal shead,23.0,0.0139200841411,0.058262438,0.0443423534409159,0.0443423534409159,-0.2347738021223727,0.1404354823635148,-0.1945136218502236,529.0,22.585365853658537,0.968,0.0,15.5,73.0,1,30.6,0.0,45.0,0.0126441314736141,0.0,9.414634146341465
Austin Reaves,austin reaves,27.0,0.25,0.20858765,-0.041412353515625,0.041412353515625,0.6994089787429052,1.024043533571636,1.314619484229418,729.0,34.549019607843135,0.778,0.0,26.7,77.0,1,24.0,0.0,75.0,0.0901250848707055,0.0,2.250980392156862
Ziaire Williams,ziaire williams,24.0,0.0148484853995792,0.056171454,0.0413229690896518,0.0413229690896518,-0.4327463119746171,-0.5589701932782926,-0.1963110648064881,576.0,22.875,0.6963,0.0,18.9,81.0,1,7.4,0.0,10.0,0.0404146216868093,0.0,0.0
Ousmane Dieng,ousmane dieng,22.0,0.0348567237104527,0.07456759,0.0397108699236758,0.0397108699236758,-2.2206855415776987,-0.9623974666671884,-2.034016743291273,484.0,26.8,0.3988,0.0,21.5,81.0,1,19.6,0.0,11.0,0.0431361875755753,0.0,0.0
Ayo Dosunmu,ayo dosunmu,26.0,0.1170600626814823,0.08489425,-0.0321658153284053,0.0321658153284053,-0.296640211451199,-0.5929369665804777,0.6118192883300136,676.0,26.377777777777776,0.628,0.0,20.8,76.0,1,20.6,0.2,38.0,0.0486172896984745,0.0,2.822222222222223
Kelly Oubre Jr.,kelly oubre jr.,30.0,0.0487994131946338,0.08078183,0.0319824191427455,0.0319824191427455,-0.0615478560016589,-1.164821943105892,-0.1078768713582766,900.0,31.48,0.6902,0.0,18.2,80.0,1,7.3,0.0,15.0,0.0542018273875341,0.0,1.620000000000001
Julian Champagnie,julian champagnie,24.0,0.0841949854814168,0.11508993,0.0308949451125506,0.0308949451125506,1.2067135352392813,0.8562828395210436,0.7308100120347211,576.0,27.634146341463413,0.9805,0.0,15.2,79.0,1,7.3,0.0,75.0,0.0193990184096684,0.0,3.065853658536586
