player_name_norm,season,salary_m,pred_m,err_m,reason
trae young,2026,49.4883,18.819915888863047,-30.668384111136955,model correct (prior review)
kelly oubre jr.,2023,2.019706,22.04030668693482,20.02060068693482,model correct (prior review)
kevin love,2019,28.94283,12.404127906560891,-16.53870209343911,model correct (prior review)
michael porter jr.,2022,30.91375,14.61469980788976,-16.299050192110244,model correct (prior review)
jaren jackson jr.,2026,49.0,34.65759908253996,-14.34240091746004,model correct (prior review)
khris middleton,2023,29.320988,15.420459143321212,-13.900528856678788,model correct (prior review)
saddiq bey,2024,6.440678,20.06255075688957,13.621872756889571,model correct (prior review)
tobias harris,2019,32.742,19.35358290401101,-13.388417095988988,model correct (prior review)
jonathan isaac,2024,25.0,12.03216464034318,-12.96783535965682,model correct (prior review)
gary trent jr.,2024,2.087519,14.057024551528691,11.969505551528693,model correct (prior review)
andre iguodala,2020,15.000000000000002,3.0369931277297333,-11.963006872270268,model correct (prior review)
terance mann,2025,15.5,3.789988113623848,-11.710011886376153,model correct (prior review)
jerami grant,2020,19.05,7.536760598301878,-11.513239401698122,model correct (prior review)
jonathan isaac,2021,17.4,6.348102586087576,-11.051897413912425,model correct (prior review)
spencer dinwiddie,2021,17.142857,6.216256412642443,-10.926600587357555,model correct (prior review)
jock landale,2026,14.1,3.535115445486442,-10.564884554513558,model correct (prior review)
zach collins,2024,16.7412,6.218254784896967,-10.522945215103032,model correct (prior review)
klay thompson,2019,32.742,22.243503224819893,-10.498496775180104,model correct (prior review)
malcolm brogdon,2023,22.5,12.38289644557684,-10.11710355442316,model correct (prior review)
miles plumlee,2019,12.5,2.564752999999991,-9.93524700000001,model correct (prior review)
harrison barnes,2019,24.147727,14.48968793606758,-9.65803906393242,model correct (prior review)
duncan robinson,2020,1.663861,11.165777199134228,9.501916199134229,model correct (prior review)
eric gordon,2020,16.869276,7.38138174469023,-9.487894255309769,model correct (prior review)
allen crabbe,2019,17.818456,8.332000690430393,-9.486455309569608,model correct (prior review)
tyus jones,2024,2.087519,11.448221733054506,9.360702733054506,model correct (prior review)
jonathan kuminga,2025,23.799569,14.616851156719026,-9.182717843280976,model correct (prior review)
jordan poole,2023,27.455357,18.47727224961966,-8.97808475038034,model correct (prior review)
malik beasley,2020,13.425895,4.657030305840067,-8.768864694159934,model correct (prior review)
d'angelo russell,2019,27.285,18.681158696830263,-8.603841303169737,model correct (prior review)
daniel gafford,2026,17.263584,8.693017338324696,-8.570566661675306,model correct (prior review)
