layer,player_name_norm,season,signing_cat,actual_m,pred_m,err_m,abs_pts,r2_cost
A1 pooled CV,lebron james,2026,Minimum,2.4493,43.4038,40.9545,24.8267,0.0102
A1 pooled CV,kemba walker,2021,Cap Space,8.729,29.068,20.339,18.0929,0.0054
A1 pooled CV,victor oladipo,2021,Minimum,1.6692,18.2534,16.5842,14.7528,0.0036
A1 pooled CV,myles turner,2022,Bird Rights,34.5695,18.0724,-16.4971,13.3412,0.003
A1 pooled CV,kelly oubre jr.,2023,Minimum,2.0197,19.7622,17.7425,13.044,0.0028
A1 pooled CV,andre drummond,2021,Minimum,1.6692,16.1736,14.5044,12.9027,0.0028
A1 pooled CV,trae young,2026,Bird Rights,49.4883,28.3336,-21.1547,12.8241,0.0027
A1 pooled CV,terry rozier,2019,Bird Rights,19.8947,6.1306,-13.7641,12.6115,0.0026
A1 pooled CV,demar derozan,2024,Bird Rights,23.4,40.1144,16.7144,11.8889,0.0023
A1 pooled CV,hassan whiteside,2020,Minimum,1.6206,14.0356,12.415,11.3753,0.0021
B1 forward 2024-26,lebron james,2026,Minimum,2.4493,43.4288,40.9795,24.8419,0.0263
B1 forward 2024-26,damian lillard,2025,MLE,14.104,51.3142,37.2102,24.0614,0.0247
B1 forward 2024-26,trae young,2026,Bird Rights,49.4883,29.6095,-19.8788,12.0506,0.0062
B1 forward 2024-26,demar derozan,2024,Bird Rights,23.4,40.0751,16.6751,11.861,0.006
B1 forward 2024-26,gary trent jr.,2024,Minimum,2.0875,17.7894,15.7019,11.1687,0.0053
B1 forward 2024-26,isaiah hartenstein,2024,Cap Space,30.0,15.5656,-14.4344,10.2672,0.0045
B1 forward 2024-26,saddiq bey,2024,MLE,6.4407,20.143,13.7023,9.7464,0.004
B1 forward 2024-26,james harden,2025,Bird Rights,39.4461,54.1264,14.6804,9.4928,0.0038
B1 forward 2024-26,kyrie irving,2025,Bird Rights,36.566,50.4334,13.8674,8.9671,0.0034
B1 forward 2024-26,karl-anthony towns,2024,Bird Rights,49.2058,37.495,-11.7108,8.3299,0.003
B1 2026,lebron james,2026,Minimum,2.4493,43.4288,40.9795,24.8419,0.0928
B1 2026,trae young,2026,Bird Rights,49.4883,29.6095,-19.8788,12.0506,0.0218
B1 2026,jaren jackson jr.,2026,Bird Rights,49.0,36.0524,-12.9476,7.8489,0.0093
B1 2026,bennedict mathurin,2026,MLE,7.8049,20.7234,12.9185,7.8312,0.0092
B1 2026,anfernee simons,2026,MLE,6.0,16.3272,10.3272,6.2604,0.0059
B1 2026,jock landale,2026,MLE,14.1,3.8797,-10.2203,6.1956,0.0058
B1 2026,shaedon sharpe,2026,Bird Rights,20.0893,29.6077,9.5184,5.7701,0.005
B1 2026,gary trent jr.,2026,Early Bird,15.2,7.0428,-8.1572,4.9449,0.0037
B1 2026,oso ighodaro,2026,Other,2.2963,10.2415,7.9453,4.8165,0.0035
B1 2026,jaylen wells,2026,Other,2.2963,10.2038,7.9075,4.7936,0.0035
