segment,group,n,mean_residual_pct,mean_residual_$M,MAE_pct,MAE_$M,median_AE_$M
age_bracket,21-24,34,-0.0026,-0.4,0.0193,2.95,1.0
age_bracket,25-28,14,-0.0312,-4.78,0.0355,5.43,2.78
age_bracket,29-32,4,-0.0305,-4.66,0.0333,5.09,5.03
age_bracket,33+,3,-0.0241,-3.69,0.0241,3.69,2.88
cap_pct_tier,0-5%,34,0.007,1.08,0.01,1.53,0.69
cap_pct_tier,15-25%,6,-0.0375,-5.73,0.0425,6.51,6.18
cap_pct_tier,25%+,7,-0.0799,-12.23,0.0799,12.23,6.78
cap_pct_tier,5-15%,8,-0.022,-3.37,0.0252,3.86,2.99
cba_era,post-2023,55,-0.0131,-2.01,0.0247,3.78,1.42
height,"76-80""",29,-0.0076,-1.17,0.0184,2.82,0.85
height,"80""+",17,-0.0212,-3.24,0.0342,5.24,2.88
height,"<76""",9,-0.0156,-2.38,0.0269,4.12,2.68
