signing_type,n,mean_cap_pct,mean_pred,bias_pct,bias_$M,MAE_pct,MAE_$M
Bird Rights,58,0.1352,0.112,-0.0232,-2.65,0.042,4.81
Sign & Trade,17,0.1411,0.1214,-0.0196,-2.54,0.0524,6.13
Cap Space,51,0.0717,0.0644,-0.0074,-0.77,0.0384,4.24
Early Bird,27,0.0684,0.0648,-0.0036,-0.5,0.023,2.63
MLE,61,0.0401,0.0518,0.0117,1.4,0.0217,2.53
Non-Bird,9,0.0297,0.0245,-0.0052,-0.65,0.0085,1.0
Minimum,419,0.0189,0.0313,0.0124,1.48,0.0203,2.37
Other,3,0.0192,0.0433,0.0242,2.73,0.0242,2.73
Unknown,842,0.0815,0.0767,-0.0049,-0.6,0.0267,3.39
