player_name_norm,season,age,salary_m,pred_m,err_m,of_ceiling,signing_cat,is_extension,is_waived,is_at_floor,cum_sse_share
trae young,2026,27.0,49.4883,18.819915888863047,-30.668384111136955,0.9259259259259258,Bird Rights,False,0.0,False,0.05084225401441291
damian lillard,2025,34.0,14.104,38.42405139429867,24.320051394298673,0.24334093139234103,MLE,False,1.0,False,0.08281441454143225
victor oladipo,2021,28.0,2.389641,26.09201064006388,23.70236964006388,0.07085834504599071,Minimum,False,0.0,True,0.11318313832279363
myles turner,2022,25.0,35.0695,13.527475541360676,-21.54202445863932,0.9453587265645007,Bird Rights,False,0.0,False,0.13826824991676095
kelly oubre jr.,2023,27.0,2.019706,22.04030668693482,20.02060068693482,0.049494955435802804,Minimum,False,0.0,True,0.15993517169365046
kemba walker,2021,30.0,8.72902,27.806126351058484,19.077106351058482,0.22185899570211134,Cap Space,False,1.0,False,0.17960805472152377
demar derozan,2024,34.0,23.4,40.47574997401864,17.075749974018642,0.4755536948896269,Bird Rights,False,0.0,False,0.19536973749331374
kevin love,2019,30.0,28.94283,12.404127906560891,-16.53870209343911,0.7576855415063222,Bird Rights,True,0.0,False,0.2101555725456492
michael porter jr.,2022,23.0,30.91375,14.614699807889759,-16.299050192110244,1.0,Bird Rights,True,0.0,False,0.22451600777055655
isaiah hartenstein,2024,25.0,30.0,14.317356832563876,-15.682643167436124,0.8535579139044585,Cap Space,False,0.0,False,0.23781079924487888
al horford,2019,32.0,28.0,12.59862897334992,-15.40137102665008,0.7330034817665385,Cap Space,False,0.0,False,0.2506329764548012
montrezl harrell,2022,28.0,2.46349,17.739323106519876,15.275833106519876,0.06640761257800601,Minimum,False,0.0,True,0.2632469762008416
terry rozier,2019,24.0,19.894737,4.821239671669891,-15.07349732833011,0.7291455744914789,Sign & Trade,False,0.0,False,0.27552903195970735
cam thomas,2025,23.0,5.993172,20.66226280054449,14.669090800544488,0.15501553861374615,Unknown,False,0.0,False,0.28716089826252544
jaren jackson jr.,2026,26.0,49.0,34.65759908253996,-14.34240091746004,0.9901330213403977,Bird Rights,True,0.0,False,0.29828043578467783
hassan whiteside,2020,30.0,1.620564,15.849940459370611,14.229376459370611,0.042424251943768164,Minimum,False,0.0,True,0.30922541010502114
khris middleton,2023,31.0,29.320988,15.420459143321212,-13.900528856678788,0.6158920418800878,Bird Rights,False,0.0,False,0.3196703430297533
saddiq bey,2024,24.0,6.440678,20.06255075688957,13.621872756889571,0.18324972259367797,MLE,False,0.0,False,0.3297007059366973
tobias harris,2019,26.0,32.742,19.35358290401101,-13.388417095988988,1.0,Bird Rights,False,0.0,False,0.33939020835512534
jonathan isaac,2024,26.0,25.0,12.03216464034318,-12.96783535965682,0.5927485513225406,Bird Rights,False,0.0,False,0.34848050349992016
aaron gordon,2026,30.0,33.658037,21.019719613815845,-12.638317386184156,0.5829609422833276,Bird Rights,True,0.0,False,0.3571146919488378
james harden,2025,35.0,39.18269300000001,51.429698696993455,12.247005696993448,0.7239102693784648,Bird Rights,False,0.0,False,0.3652224886007617
demarcus cousins,2019,28.0,3.5,15.68356557682156,12.18356557682156,0.10689634109095353,Cap Space,False,0.0,False,0.37324650520031544
andre drummond,2021,27.0,2.401537,14.48629483690261,12.084757836902611,0.07121108877304726,Minimum,False,1.0,True,0.3811409012833828
mikal bridges,2026,29.0,33.482145,21.443520470304787,-12.038624529695216,0.6765668855062712,Bird Rights,True,0.0,False,0.3889751390327813
gary trent jr.,2024,25.0,2.087519,14.057024551528691,11.969505551528691,0.05939394542919737,Minimum,False,0.0,True,0.3967196754996278
andre iguodala,2020,36.0,15.000000000000002,3.0369931277297333,-11.963006872270268,0.3926804366606456,Bird Rights,True,0.0,False,0.4044558046691978
russell westbrook,2023,34.0,3.835738,15.798244965514533,11.962506965514532,0.06974198812160438,Non-Bird,False,1.0,False,0.4121912873019108
terance mann,2025,28.0,15.5,3.7899881136238474,-11.710011886376153,0.4009130471331484,Unknown,True,0.0,False,0.4196036673755682
jerami grant,2020,25.0,19.05,7.536760598301878,-11.513239401698122,0.6981858163826278,Sign & Trade,False,0.0,False,0.426769028426531
