,binned_by,n,mean_actual_m,mean_pred_m,mae_m,bias_m,sse_share
<2.5%,actual,387,2.11489807751938,3.6166798512598106,1.6319720388648313,1.5017817737404309,0.22172575389800506
2.5-5%,actual,131,4.801060206106871,6.110295844078656,2.4061023926426364,1.3092356379717853,0.0888168311314224
5-10%,actual,184,9.460145891304348,8.453250973814809,3.1641799620336504,-1.0068949174895392,0.1733780208625311
10-15%,actual,90,16.01161662222222,13.546712385680365,4.216709480695581,-2.464904236541855,0.12469221418834557
15-20%,actual,51,22.558811921568626,19.732808420584284,5.115128069322821,-2.826003500984344,0.1228081709237543
20-25%,actual,26,29.798674192307693,25.553254806297822,6.263607339570019,-4.2454193860098695,0.08062084596266395
>=25%,actual,75,37.511061106666666,34.75732248242405,3.4408438740821725,-2.753738624242616,0.18795816303327767
<2.5%,predicted,288,2.604688802083333,2.202551509523982,0.7036433606450716,-0.4021372925593514,0.04329851924373792
2.5-5%,predicted,212,4.958416820754716,4.715372262141142,2.5351414405784745,-0.2430445586135745,0.12508974452471727
5-10%,predicted,223,9.116988188340807,9.339540952675467,3.923581580678078,0.22255276433466004,0.27373524879716565
10-15%,predicted,90,16.393561433333332,15.867957793621077,5.911349649753072,-0.525603639712256,0.31841696979533735
15-20%,predicted,44,23.02466731818182,22.654554540425533,4.21027729782733,-0.37011277775628687,0.0793775254402434
20-25%,predicted,29,28.784312344827587,29.557303477131065,6.0880698968872835,0.7729911323034814,0.12218963807353161
>=25%,predicted,58,38.104090465517245,38.85298971888749,1.4032501607340955,0.7488992533702511,0.03789235412526681
