player_name_norm,season,note
kawhi leonard,2019,changed teams TOR->LAC; DVE needs own-team; real max 30%
anthony davis,2020,acquired by LAL on veteran deal not rookie; real max 30%
kemba walker,2019,sign-and-trade CHA->BOS; real max 30%
kyrie irving,2019,sign-and-trade BOS->BKN; real max 30%
jimmy butler,2019,changed teams PHI->MIA; DVE needs own-team; real max 30% (exposed by debut-based service years: old exp=10 base-tiered to 35% directly; real exp=8 hits the award path instead)
donovan mitchell,2025,acquired by CLE via trade post-rookie; real max 30%
bradley beal,2021,2019-signed 30% max predates supermax eligibility; not a DVE
domantas sabonis,2023,acquired by SAC via trade; not DVE; real tier 30%
domantas sabonis,2024,acquired by SAC via trade; not DVE; real tier 30%
julius randle,2022,non-designated NYK re-sign; real tier 30% (far below either)
jalen brunson,2025,changed teams DAL->NYK 2024; non-designated; real tier 30%
karl-anthony towns,2019,Rose window off-by-one: All-NBA 2017-18 not the pre-start 2018-19; signed 25%
jayson tatum,2021,year-1 of DR extension paid 25%; All-NBA escalator to 30% hits 2022-23+
ja morant,2023,year-1 paid 25%; not Rose-30% at start; signed 25% max
chet holmgren,2026,DR extension year-1 paid 25%; not 30% at start
jalen williams,2026,DR extension year-1 paid 25%; not 30% at start
