signing_season,cba,raise_multiple,eas_cap_usd,implied_eas_usd,published_precision,source_url,note
2017,2017,1.20,10610000,8841667,upper_bound_proxy,https://www.hoopsrumors.com/2018/11/players-eligible-for-veteran-contract-extensions.html,"2017/18's own figure was not located. The 2018/19 value is used as an UPPER BOUND: the Estimated Average Player Salary rises with the cap, so 2017/18 <= 2018/19, and overstating it can only raise a ceiling, never push one below observed pay. Non-binding for every row that uses it - the only non-designated row signed in 2017 is LaMarcus Aldridge, whose prior-salary route gives $26.8M against this route's $10.6M. Replace with the published figure if it turns up."
2018,2017,1.20,10610000,8841667,rounded_to_10k,https://www.hoopsrumors.com/2018/11/players-eligible-for-veteran-contract-extensions.html,"""120% of the estimated average salary would work out to a $10.61MM salary in the first year of a contract extension"" (2018/19)"
2019,2017,1.20,11470000,9558333,rounded_to_10k,https://www.hoopsrumors.com/2019/12/players-eligible-for-veteran-extensions-during-201920-season.html,"$11.47MM for 2019/20; Dillon Brooks' 2020-21 extension year ($11.40M) sits just under it"
2020,2017,1.20,12000000,10000000,rounded_to_100k,https://www.hoopsrumors.com/2021/01/players-eligible-for-in-season-veteran-extensions-in-202021.html,"""$12MM salary in the first year of a contract extension"" (2020/21); no row in the frame binds here"
2021,2017,1.20,12400000,10333333,rounded_to_100k,https://www.hoopsrumors.com/2021/10/players-eligible-for-in-season-veteran-extensions-in-2021-22.html,"$12.4MM for 2021/22. Daniel Gafford's 2023-24 extension year is $12,402,000 - $2k over the published rounding, inside the 1e-4 cap_pct tolerance"
2022,2017,1.20,12950400,10792000,exact,https://www.hoopsrumors.com/2022/11/players-eligible-for-in-season-veteran-extensions-in-2022-23.html,"$12,950,400 for 2022/23; Naz Reid's 2023-24 extension year lands on it to the dollar"
2023,2023,1.40,16741200,11958000,exact,https://www.hoopsrumors.com/2023/11/players-eligible-for-in-season-veteran-extensions-in-2023-24.html,"$16,741,200 for 2023/24; Zach Collins' 2024-25 extension year lands on it to the dollar"
2024,2023,1.40,18102000,12930000,exact,https://www.hoopsrumors.com/2024/11/players-eligible-for-in-season-veteran-extensions-in-2024-25.html,"$18,102,000 for 2024/25; Nembhard, Caruso and Wendell Carter Jr. all land on it to the dollar"
2025,2023,1.40,19418000,13870000,exact,https://www.hoopsrumors.com/2025/11/players-eligible-for-in-season-veteran-extensions-in-2025-26.html,"$19,418,000 for 2025/26; no row in the frame binds here"
