player_id,player,draft_team,affiliation,year,round_number,round_pick,overall_pick
1,Stephen Curry,Golden State Warriors,Davidson,2009,1,7,7
2,Bradley Beal,Washington Wizards,Florida,2012,1,3,3
3,Damian Lillard,Portland Trail Blazers,Weber State,2012,1,6,6
4,Joel Embiid,Philadelphia 76ers,Kansas,2014,1,3,3
5,Giannis Antetokounmpo,Milwaukee Bucks,Basket Zaragoza 2002 (Spain),2013,1,15,15
6,Luka Dončić,Atlanta Hawks,Real Madrid Baloncesto (Spain),2018,1,3,3
7,Zach LaVine,Minnesota Timberwolves,California-Los Angeles,2014,1,13,13
8,Zion Williamson,New Orleans Pelicans,Duke,2019,1,1,1
9,Kevin Durant,Seattle SuperSonics,Texas,2007,1,2,2
10,Kyrie Irving,Cleveland Cavaliers,Duke,2011,1,1,1
11,Jayson Tatum,Boston Celtics,Duke,2017,1,3,3
12,Donovan Mitchell,Denver Nuggets,Louisville,2017,1,13,13
13,Nikola Jokić,Denver Nuggets,KK Mega Leks (Serbia),2014,2,11,41
14,Devin Booker,Phoenix Suns,Kentucky,2015,1,13,13
15,Trae Young,Dallas Mavericks,Oklahoma,2018,1,5,5
16,De'Aaron Fox,Sacramento Kings,Kentucky,2017,1,5,5
17,LeBron James,Cleveland Cavaliers,Saint Vincent-Saint Mary,2003,1,1,1
18,Kawhi Leonard,Indiana Pacers,San Diego State,2011,1,15,15
19,Karl-Anthony Towns,Minnesota Timberwolves,Undrafted,2015,1,1,1
20,Jaylen Brown,Boston Celtics,California,2016,1,3,3
21,James Harden,Oklahoma City Thunder,Arizona State,2009,1,3,3
22,Collin Sexton,Cleveland Cavaliers,Alabama,2018,1,8,8
23,Julius Randle,Los Angeles Lakers,Kentucky,2014,1,7,7
24,Brandon Ingram,Los Angeles Lakers,Duke,2016,1,2,2
25,Shai Gilgeous-Alexander,Charlotte Hornets,Kentucky,2018,1,11,11
26,Nikola Vučević,Philadelphia 76ers,Southern California,2011,1,16,16
27,Paul George,Indiana Pacers,Fresno State,2010,1,10,10
28,CJ McCollum,Portland Trail Blazers,Lehigh,2013,1,10,10
29,Jerami Grant,Philadelphia 76ers,Syracuse,2014,2,9,39
30,Russell Westbrook,Oklahoma City Thunder,California-Los Angeles,2008,1,4,4
31,Anthony Davis,New Orleans Hornets,Kentucky,2012,1,1,1
32,DeMar DeRozan,Toronto Raptors,Southern California,2009,1,9,9
33,Jimmy Butler III,Chicago Bulls,Marquette,2011,1,30,30
34,Pascal Siakam,Toronto Raptors,New Mexico State,2016,1,27,27
35,Jamal Murray,Denver Nuggets,Kentucky,2016,1,7,7
36,Malcolm Brogdon,Milwaukee Bucks,Virginia,2016,2,6,36
37,Christian Wood,Undrafted,Undrafted,Undrafted,Undrafted,Undrafted,Undrafted
38,John Wall,Washington Wizards,Kentucky,2010,1,1,1
39,Terry Rozier,Boston Celtics,Louisville,2015,1,16,16
40,Khris Middleton,Detroit Pistons,Texas A&M,2012,2,9,39
41,Domantas Sabonis,Oklahoma City Thunder,Gonzaga,2016,1,11,11
42,Caris LeVert,Indiana Pacers,Michigan,2016,1,20,20
43,Kristaps Porziņģis,New York Knicks,CB Sevilla (Spain),2015,1,4,4
44,Victor Oladipo,Orlando Magic,Indiana,2013,1,2,2
45,Gordon Hayward,Utah Jazz,Butler,2010,1,9,9
46,Fred VanVleet,Undrafted,Undrafted,Undrafted,Undrafted,Undrafted,Undrafted
47,Malik Beasley,Denver Nuggets,Florida State,2016,1,19,19
48,Tobias Harris,Charlotte Bobcats,Tennessee,2011,1,19,19
49,Anthony Edwards,Minnesota Timberwolves,Georgia,2020,1,1,1
50,Kemba Walker,Charlotte Bobcats,Connecticut,2011,1,9,9
51,Ja Morant,Memphis Grizzlies,Murray State,2019,1,2,2
52,Michael Porter Jr.,Denver Nuggets,Missouri,2018,1,14,14
53,D'Angelo Russell,Los Angeles Lakers,Ohio State,2015,1,2,2
54,Bam Adebayo,Miami Heat,Kentucky,2017,1,14,14
55,Norman Powell,Milwaukee Bucks,California-Los Angeles,2015,2,16,46
56,Andrew Wiggins,Cleveland Cavaliers,Kansas,2014,1,1,1
57,Jordan Clarkson,Washington Wizards,Missouri,2014,2,16,46
58,Eric Gordon,Los Angeles Clippers,Indiana,2008,1,7,7
59,Jrue Holiday,Philadelphia 76ers,California-Los Angeles,2009,1,17,17
60,John Collins,Atlanta Hawks,Wake Forest,2017,1,19,19
61,RJ Barrett,New York Knicks,Duke,2019,1,3,3
62,Darius Garland,Cleveland Cavaliers,Vanderbilt,2019,1,5,5
63,Kyle Lowry,Memphis Grizzlies,Villanova,2006,1,24,24
64,Dillon Brooks,Houston Rockets,Oregon,2017,2,15,45
65,Evan Fournier,Denver Nuggets,Poitiers Basket 86 (France),2012,1,20,20
66,Jonas Valančiūnas,Toronto Raptors,BC Lietuvos rytas (Lithuania),2011,1,5,5
67,Bojan Bogdanovic,Miami Heat,KK Partizan (Serbia),2011,2,1,31
68,Tim Hardaway Jr.,New York Knicks,Michigan,2013,1,24,24
69,Kevin Porter Jr.,Milwaukee Bucks,Southern California,2019,1,30,30
70,Buddy Hield,New Orleans Pelicans,Oklahoma,2016,1,6,6
71,Chris Paul,New Orleans/Oklahoma City Hornets,Wake Forest,2005,1,4,4
72,Khyri Thomas,Philadelphia 76ers,Creighton,2018,2,8,38
73,Bogdan Bogdanović,Phoenix Suns,KK Partizan (Serbia),2014,1,27,27
74,Mike Conley,Memphis Grizzlies,Ohio State,2007,1,4,4
75,Harrison Barnes,Golden State Warriors,North Carolina,2012,1,7,7
76,Elijah Bryant,Undrafted,Undrafted,Undrafted,Undrafted,Undrafted,Undrafted
77,OG Anunoby,Toronto Raptors,Indiana,2017,1,23,23
78,LaMelo Ball,Charlotte Hornets,Illawarra (Australia),2020,1,3,3
79,Dejounte Murray,San Antonio Spurs,Washington,2016,1,29,29
80,Terrence Ross,Toronto Raptors,Washington,2012,1,8,8
81,T.J. Warren,Phoenix Suns,North Carolina State,2014,1,14,14
82,Kelly Oubre Jr.,Atlanta Hawks,Kansas,2015,1,15,15
83,Dennis Schröder,Atlanta Hawks,Basketball Lowen Braunschweig (Germany),2013,1,17,17
84,Derrick White,San Antonio Spurs,Colorado,2017,1,29,29
85,Gary Trent Jr.,Sacramento Kings,Duke,2018,2,7,37
86,Clint Capela,Houston Rockets,Elan Chalon (France),2014,1,25,25
87,Tyler Herro,Miami Heat,Kentucky,2019,1,13,13
88,Coby White,Chicago Bulls,North Carolina,2019,1,7,7
89,De'Andre Hunter,Los Angeles Lakers,Virginia,2019,1,4,4
90,Andre Drummond,Detroit Pistons,Connecticut,2012,1,9,9
91,Devonte' Graham,Atlanta Hawks,Kansas,2018,2,4,34
92,Derrick Rose,Chicago Bulls,Memphis,2008,1,1,1
93,Lonzo Ball,Los Angeles Lakers,California-Los Angeles,2017,1,2,2
94,Kendrick Nunn,Undrafted,Undrafted,Undrafted,Undrafted,Undrafted,Undrafted
95,Deandre Ayton,Phoenix Suns,Arizona,2018,1,1,1
96,Jaren Jackson Jr.,Memphis Grizzlies,Michigan State,2018,1,4,4
97,Thomas Bryant,Utah Jazz,Indiana,2017,2,12,42
98,Rudy Gobert,Denver Nuggets,Cholet Basket (France),2013,1,27,27
99,Ben Simmons,Philadelphia 76ers,Louisiana State,2016,1,1,1
100,Richaun Holmes,Philadelphia 76ers,Bowling Green,2015,2,7,37
101,Al Horford,Atlanta Hawks,Florida,2007,1,3,3
102,Marvin Bagley III,Sacramento Kings,Duke,2018,1,2,2
103,Joe Harris,Cleveland Cavaliers,Virginia,2014,2,3,33
104,Luguentz Dort,Undrafted,Undrafted,Undrafted,Undrafted,Undrafted,Undrafted
105,Rui Hachimura,Washington Wizards,Gonzaga,2019,1,9,9
106,Darius Bazley,Utah Jazz,Princeton,2019,1,23,23
107,Chris Boucher,Undrafted,Undrafted,Undrafted,Undrafted,Undrafted,Undrafted
108,Lauri Markkanen,Minnesota Timberwolves,Arizona,2017,1,7,7
109,Doug McDermott,Denver Nuggets,Creighton,2014,1,11,11
110,LaMarcus Aldridge,Chicago Bulls,Texas,2006,1,2,2
111,Kelly Olynyk,Dallas Mavericks,Gonzaga,2013,1,13,13
112,Montrezl Harrell,Houston Rockets,Louisville,2015,2,2,32
113,Mikal Bridges,Philadelphia 76ers,Villanova,2018,1,10,10
114,Goran Dragic,San Antonio Spurs,KK Olimpija (Slovenia),2008,2,15,45
115,Marcus Morris Sr.,Houston Rockets,Kansas,2011,1,14,14
116,Carmelo Anthony,Denver Nuggets,Syracuse,2003,1,3,3
117,Josh Jackson,Phoenix Suns,Kansas,2017,1,4,4
118,Danilo Gallinari,New York Knicks,Olimpia Milano (Italy),2008,1,6,6
119,Duncan Robinson,Undrafted,Undrafted,Undrafted,Undrafted,Undrafted,Undrafted
120,Marcus Smart,Boston Celtics,Oklahoma State,2014,1,6,6
121,Tyrese Haliburton,Sacramento Kings,Iowa State,2020,1,12,12
122,Shake Milton,Dallas Mavericks,Southern Methodist,2018,2,24,54
123,Markelle Fultz,Philadelphia 76ers,Washington,2017,1,1,1
124,P.J. Washington,Charlotte Hornets,Kentucky,2019,1,12,12
125,Cole Anthony,Orlando Magic,North Carolina,2020,1,15,15
126,Kyle Kuzma,Brooklyn Nets,Utah,2017,1,27,27
127,Jarrett Allen,Brooklyn Nets,Texas,2017,1,22,22
128,Keldon Johnson,San Antonio Spurs,Kentucky,2019,1,29,29
129,Miles Bridges,LA Clippers,Michigan State,2018,1,12,12
130,Alec Burks,Utah Jazz,Colorado,2011,1,12,12
131,Will Barton,Portland Trail Blazers,Memphis,2012,2,10,40
132,Jalen Brunson,Dallas Mavericks,Villanova,2018,2,3,33
133,Myles Turner,Indiana Pacers,Texas,2015,1,11,11
134,Seth Curry,Undrafted,Undrafted,Undrafted,Undrafted,Undrafted,Undrafted
135,Kyle Anderson,San Antonio Spurs,California-Los Angeles,2014,1,30,30
136,Aaron Gordon,Orlando Magic,Arizona,2014,1,4,4
137,Brook Lopez,New Jersey Nets,Stanford,2008,1,10,10
138,Saddiq Bey,Brooklyn Nets,Villanova,2020,1,19,19
139,Eric Bledsoe,Oklahoma City Thunder,Kentucky,2010,1,18,18
140,Kevin Love,Memphis Grizzlies,California-Los Angeles,2008,1,5,5
141,Josh Richardson,Miami Heat,Tennessee,2015,2,10,40
142,Thaddeus Young,Philadelphia 76ers,Georgia Tech,2007,1,12,12
143,Joe Ingles,Undrafted,Undrafted,Undrafted,Undrafted,Undrafted,Undrafted
144,Jordan Poole,Golden State Warriors,Michigan,2019,1,28,28
145,Kevin Huerter,Atlanta Hawks,Maryland,2018,1,19,19
146,Malik Monk,Charlotte Hornets,Kentucky,2017,1,11,11
147,Hamidou Diallo,Brooklyn Nets,Kentucky,2018,2,15,45
148,Davis Bertans,Indiana Pacers,KK Olimpija (Slovenia),2011,2,12,42
149,James Wiseman,Golden State Warriors,Memphis,2020,1,2,2
150,Jusuf Nurkić,Chicago Bulls,KK Cedevita (Croatia),2014,1,16,16
151,Bobby Portis,Chicago Bulls,Arkansas,2015,1,22,22
152,Immanuel Quickley,Oklahoma City Thunder,Kentucky,2020,1,25,25
153,Rudy Gay,Houston Rockets,Connecticut,2006,1,8,8
154,Lou Williams,Philadelphia 76ers,South Gwinnett,2005,2,15,45
155,Jae'Sean Tate,Undrafted,Undrafted,Undrafted,Undrafted,Undrafted,Undrafted
156,Cam Reddish,Atlanta Hawks,Duke,2019,1,10,10
157,Wendell Carter Jr.,Chicago Bulls,Duke,2018,1,7,7
158,Naz Reid,Undrafted,Undrafted,Undrafted,Undrafted,Undrafted,Undrafted
159,Enes Freedom,Utah Jazz,Kentucky,2011,1,3,3
160,Armoni Brooks,Undrafted,Undrafted,Undrafted,Undrafted,Undrafted,Undrafted
161,Lonnie Walker IV,San Antonio Spurs,Miami (FL),2018,1,18,18
162,Serge Ibaka,Oklahoma City Thunder,CB L'Hospitalet (Spain),2008,1,24,24
163,Nickeil Alexander-Walker,Brooklyn Nets,Virginia Tech,2019,1,17,17
164,Jeff Green,Boston Celtics,Georgetown,2007,1,5,5
165,Blake Griffin,Los Angeles Clippers,Oklahoma,2009,1,1,1
166,Dwayne Bacon,New Orleans Pelicans,Florida State,2017,2,10,40
167,Reggie Bullock Jr.,Los Angeles Clippers,North Carolina,2013,1,25,25
168,Oshae Brissett,Undrafted,Undrafted,Undrafted,Undrafted,Undrafted,Undrafted
169,Patty Mills,Portland Trail Blazers,St. Mary's (CA),2009,2,25,55
170,Cameron Oliver,Undrafted,Undrafted,Undrafted,Undrafted,Undrafted,Undrafted
171,Ty Jerome,Philadelphia 76ers,Virginia,2019,1,24,24
172,Reggie Jackson,Oklahoma City Thunder,Boston College,2011,1,24,24
173,Grayson Allen,Utah Jazz,Duke,2018,1,21,21
174,Justin Holiday,Undrafted,Undrafted,Undrafted,Undrafted,Undrafted,Undrafted
175,Donte DiVincenzo,Milwaukee Bucks,Villanova,2018,1,17,17
176,Cedi Osman,Minnesota Timberwolves,Anadolu Efes S.K. (Turkey),2015,2,1,31
177,Mason Plumlee,Brooklyn Nets,Duke,2013,1,22,22
178,Brandon Clarke,Oklahoma City Thunder,Gonzaga,2019,1,21,21
179,Delon Wright,Toronto Raptors,Utah,2015,1,20,20
180,Monté Morris,Denver Nuggets,Iowa State,2017,2,21,51
181,Elfrid Payton,Philadelphia 76ers,Louisiana-Lafayette,2014,1,10,10
182,Theo Maledon,Philadelphia 76ers,ASVEL Basket (France),2020,2,4,34
183,Jeremy Lamb,Houston Rockets,Connecticut,2012,1,12,12
184,Jae Crowder,Cleveland Cavaliers,Marquette,2012,2,4,34
185,Bryn Forbes,Undrafted,Undrafted,Undrafted,Undrafted,Undrafted,Undrafted
186,Gary Harris,Chicago Bulls,Michigan State,2014,1,19,19
187,Dorian Finney-Smith,Undrafted,Undrafted,Undrafted,Undrafted,Undrafted,Undrafted
188,Frank Jackson,Charlotte Hornets,Duke,2017,2,1,31
189,Kentavious Caldwell-Pope,Detroit Pistons,Georgia,2013,1,8,8
190,Mike Muscala,Dallas Mavericks,Bucknell,2013,2,14,44
191,Otto Porter Jr.,Washington Wizards,Georgetown,2013,1,3,3
192,Daniel Theis,Undrafted,Undrafted,Undrafted,Undrafted,Undrafted,Undrafted
193,Isaac Okoro,Cleveland Cavaliers,Auburn,2020,1,5,5
194,Wayne Ellington,Minnesota Timberwolves,North Carolina,2009,1,28,28
195,Cameron Johnson,Minnesota Timberwolves,North Carolina,2019,1,11,11
196,Eric Paschall,Golden State Warriors,Villanova,2019,2,11,41
197,Taurean Prince,Utah Jazz,Baylor,2016,1,12,12
198,Danny Green,Cleveland Cavaliers,North Carolina,2009,2,16,46
199,Trevor Ariza,New York Knicks,California-Los Angeles,2004,2,14,43
200,Cody Zeller,Charlotte Bobcats,Indiana,2013,1,4,4
201,Larry Nance Jr.,Los Angeles Lakers,Wyoming,2015,1,27,27
202,KJ Martin,Sacramento Kings,IMG Academy,2020,2,22,52
203,Landry Shamet,Philadelphia 76ers,Wichita State,2018,1,26,26
204,Josh Hart,Utah Jazz,Villanova,2017,1,30,30
205,Patrick Williams,Chicago Bulls,Florida State,2020,1,4,4
206,David Nwaba,Undrafted,Undrafted,Undrafted,Undrafted,Undrafted,Undrafted
207,Desmond Bane,Boston Celtics,Texas Christian,2020,1,30,30
208,Furkan Korkmaz,Philadelphia 76ers,Anadolu Efes S.K. (Turkey),2016,1,26,26
209,De'Anthony Melton,Houston Rockets,Southern California,2018,2,16,46
210,Robin Lopez,Phoenix Suns,Stanford,2008,1,15,15
211,Ivica Zubac,Los Angeles Lakers,KK Mega Vizura,2016,2,2,32
212,Jaylen Nowell,Minnesota Timberwolves,Washington,2019,2,13,43
213,Talen Horton-Tucker,Orlando Magic,Iowa State,2019,2,16,46
214,Paul Millsap,Utah Jazz,Louisiana Tech,2006,2,17,47
215,DeMarcus Cousins,Sacramento Kings,Kentucky,2010,1,5,5
216,Michael Carter-Williams,Philadelphia 76ers,Syracuse,2013,1,11,11
217,Bruce Brown,Detroit Pistons,Miami (FL),2018,2,12,42
218,Danuel House Jr.,Undrafted,Undrafted,Undrafted,Undrafted,Undrafted,Undrafted
219,Jay Scrubb,Brooklyn Nets,John A. Logan,2020,2,25,55
220,Dario Šarić,Orlando Magic,KK Cibona (Croatia),2014,1,12,12
221,Isaiah Roby,Detroit Pistons,Nebraska,2019,2,15,45
222,Terence Davis,Undrafted,Undrafted,Undrafted,Undrafted,Undrafted,Undrafted
223,Raul Neto,Atlanta Hawks,San Sebastian Gipuzkoa BC (Spain),2013,2,17,47
224,George Hill,San Antonio Spurs,IUPUI,2008,1,26,26
225,T.J. McConnell,Undrafted,Undrafted,Undrafted,Undrafted,Undrafted,Undrafted
226,Moses Brown,Undrafted,Undrafted,Undrafted,Undrafted,Undrafted,Undrafted
227,Jakob Poeltl,Toronto Raptors,Utah,2016,1,9,9
228,Ricky Rubio,Minnesota Timberwolves,Joventut Badalona (Spain),2009,1,5,5
229,Robert Covington,Undrafted,Undrafted,Undrafted,Undrafted,Undrafted,Undrafted
230,Svi Mykhailiuk,Los Angeles Lakers,Kansas,2018,2,17,47
231,Cameron Payne,Oklahoma City Thunder,Murray State,2015,1,14,14
232,James Ennis III,Atlanta Hawks,Long Beach State,2013,2,20,50
233,Gabriel Deck,Undrafted,Undrafted,Undrafted,Undrafted,Undrafted,Undrafted
234,Mitchell Robinson,New York Knicks,,2018,2,6,36
235,Luke Kennard,Detroit Pistons,Duke,2017,1,12,12
236,Cory Joseph,San Antonio Spurs,Texas,2011,1,29,29
237,Sterling Brown,Philadelphia 76ers,Southern Methodist,2017,2,16,46
238,Aleksej Pokusevski,Minnesota Timberwolves,Olympiacos B.C. (Greece),2020,1,17,17
239,Hassan Whiteside,Sacramento Kings,Marshall,2010,2,3,33
240,JaMychal Green,Undrafted,Undrafted,Undrafted,Undrafted,Undrafted,Undrafted
241,Nicolas Batum,Houston Rockets,Le Mans Sarthe Basket (France),2008,1,25,25
242,Robert Williams III,Boston Celtics,Texas A&M,2018,1,27,27
243,Tyrese Maxey,Philadelphia 76ers,Kentucky,2020,1,21,21
244,Mo Bamba,Orlando Magic,Texas,2018,1,6,6
245,Kenrich Williams,Undrafted,Undrafted,Undrafted,Undrafted,Undrafted,Undrafted
246,Austin Rivers,New Orleans Hornets,Duke,2012,1,10,10
247,Isaiah Stewart,Portland Trail Blazers,Washington,2020,1,16,16
248,Anfernee Simons,Portland Trail Blazers,IMG Academy,2018,1,24,24
249,Willy Hernangomez,Philadelphia 76ers,CB Sevilla (Spain),2015,2,5,35
250,Chuma Okeke,Orlando Magic,Auburn,2019,1,16,16
251,Payton Pritchard,Boston Celtics,Oregon,2020,1,26,26
252,Tomas Satoransky,Washington Wizards,CB Sevilla (Spain),2012,2,2,32
253,PJ Dozier,Undrafted,Undrafted,Undrafted,Undrafted,Undrafted,Undrafted
254,Mike James,Undrafted,Undrafted,Undrafted,Undrafted,Undrafted,Undrafted
255,Naji Marshall,Undrafted,Undrafted,Undrafted,Undrafted,Undrafted,Undrafted
256,D.J. Augustin,Charlotte Bobcats,Texas,2008,1,9,9
257,Isaiah Thomas,Sacramento Kings,Washington,2011,2,30,60
258,Ben McLemore,Sacramento Kings,Kansas,2013,1,7,7
259,Tristan Thompson,Cleveland Cavaliers,Texas,2011,1,4,4
260,Garrett Temple,Undrafted,Undrafted,Undrafted,Undrafted,Undrafted,Undrafted
261,Steven Adams,Oklahoma City Thunder,Pittsburgh,2013,1,12,12
262,Edmond Sumner,New Orleans Pelicans,Xavier,2017,2,22,52
263,Patrick Beverley,Los Angeles Lakers,BC Dnipro (Ukraine),2009,2,12,42
264,Malachi Flynn,Toronto Raptors,San Diego State,2020,1,29,29
265,Henry Ellenson,Detroit Pistons,Marquette,2016,1,18,18
266,Jaxson Hayes,Atlanta Hawks,Texas,2019,1,8,8
267,DeAndre Jordan,Los Angeles Clippers,Texas A&M,2008,2,5,35
268,JJ Redick,Orlando Magic,Duke,2006,1,11,11
269,Jalen Harris,Toronto Raptors,Nevada-Reno,2020,2,29,59
270,Jalen McDaniels,Charlotte Hornets,San Diego,2019,2,22,52
271,Louis King,Undrafted,Undrafted,Undrafted,Undrafted,Undrafted,Undrafted
272,JaVale McGee,Washington Wizards,Nevada-Reno,2008,1,18,18
273,James Johnson,Chicago Bulls,Wake Forest,2009,1,16,16
274,Juancho Hernangomez,Denver Nuggets,Movistar Estudiantes,2016,1,15,15
275,Justin Jackson,Denver Nuggets,Maryland,2018,2,13,43
276,Aaron Holiday,Indiana Pacers,California-Los Angeles,2018,1,23,23
277,Khem Birch,Undrafted,Undrafted,Undrafted,Undrafted,Undrafted,Undrafted
278,Kent Bazemore,Undrafted,Undrafted,Undrafted,Undrafted,Undrafted,Undrafted
279,Tony Bradley,Los Angeles Lakers,North Carolina,2017,1,28,28
280,Dewayne Dedmon,Undrafted,Undrafted,Undrafted,Undrafted,Undrafted,Undrafted
281,Maxi Kleber,Undrafted,Undrafted,Undrafted,Undrafted,Undrafted,Undrafted
282,Draymond Green,Golden State Warriors,Michigan State,2012,2,5,35
283,Terance Mann,LA Clippers,Florida State,2019,2,18,48
284,Daniel Gafford,Chicago Bulls,Arkansas,2019,2,8,38
285,Ignas Brazdeikis,Sacramento Kings,Michigan,2019,2,17,47
286,Royce O'Neale,Undrafted,Undrafted,Undrafted,Undrafted,Undrafted,Undrafted
287,Dwight Howard,Orlando Magic,Southwest Atlanta Christian Academy,2004,1,1,1
288,Georges Niang,Indiana Pacers,Iowa State,2016,2,20,50
289,R.J. Hampton,Milwaukee Bucks,Breakers (New Zealand),2020,1,24,24
290,Moritz Wagner,Los Angeles Lakers,Michigan,2018,1,25,25
291,Justise Winslow,Miami Heat,Duke,2015,1,10,10
292,Derrick Jones Jr.,Undrafted,Undrafted,Undrafted,Undrafted,Undrafted,Undrafted
293,Gorgui Dieng,Utah Jazz,Louisville,2013,1,21,21
294,Pat Connaughton,Brooklyn Nets,Notre Dame,2015,2,11,41
295,Jaden McDaniels,Los Angeles Lakers,Washington,2020,1,28,28
296,Killian Hayes,Detroit Pistons,Ratiopharm Ulm (Germany),2020,1,7,7
297,Jeff Teague,Atlanta Hawks,Wake Forest,2009,1,19,19
298,Ish Smith,Undrafted,Undrafted,Undrafted,Undrafted,Undrafted,Undrafted
299,Damyean Dotson,New York Knicks,Houston,2017,2,14,44
300,Dennis Smith Jr.,Dallas Mavericks,North Carolina State,2017,1,9,9
301,Markieff Morris,Phoenix Suns,Kansas,2011,1,13,13
302,Abdel Nader,Boston Celtics,Iowa State,2016,2,28,58
303,Spencer Dinwiddie,Detroit Pistons,Colorado,2014,2,8,38
304,Trey Burke,Minnesota Timberwolves,Michigan,2013,1,9,9
305,Nic Claxton,Brooklyn Nets,Georgia,2019,2,1,31
306,Xavier Tillman,Sacramento Kings,Michigan State,2020,2,5,35
307,Alex Len,Phoenix Suns,Maryland,2013,1,5,5
308,Frank Kaminsky,Charlotte Hornets,Wisconsin,2015,1,9,9
309,Denzel Valentine,Chicago Bulls,Michigan State,2016,1,14,14
310,Damion Lee,Undrafted,Undrafted,Undrafted,Undrafted,Undrafted,Undrafted
311,Nemanja Bjelica,Washington Wizards,KK Crvena zvezda (Serbia),2010,2,5,35
312,Marquese Chriss,Phoenix Suns,Washington,2016,1,8,8
313,Chasson Randle,Undrafted,Undrafted,Undrafted,Undrafted,Undrafted,Undrafted
314,Avery Bradley,Boston Celtics,Texas,2010,1,19,19
315,Alex Caruso,Undrafted,Undrafted,Undrafted,Undrafted,Undrafted,Undrafted
316,Timothe Luwawu-Cabarrot,Philadelphia 76ers,KK Mega Vizura,2016,1,24,24
317,Kira Lewis Jr.,New Orleans Pelicans,Alabama,2020,1,13,13
318,Deni Avdija,Washington Wizards,Maccabi Tel Aviv B.C. (Israel),2020,1,9,9
319,Tyus Jones,Cleveland Cavaliers,Duke,2015,1,24,24
320,Chimezie Metu,Milwaukee Bucks,Southern California,2018,2,19,49
321,Frank Mason III,Sacramento Kings,Kansas,2017,2,4,34
322,Robert Franks,Undrafted,Undrafted,Undrafted,Undrafted,Undrafted,Undrafted
323,Aron Baynes,Undrafted,Undrafted,Undrafted,Undrafted,Undrafted,Undrafted
324,Jaylen Hoard,Undrafted,Undrafted,Undrafted,Undrafted,Undrafted,Undrafted
325,Facundo Campazzo,Undrafted,Undrafted,Undrafted,Undrafted,Undrafted,Undrafted
326,Max Strus,Undrafted,Undrafted,Undrafted,Undrafted,Undrafted,Undrafted
327,Dakota Mathias,Undrafted,Undrafted,Undrafted,Undrafted,Undrafted,Undrafted
328,Dean Wade,Undrafted,Undrafted,Undrafted,Undrafted,Undrafted,Undrafted
329,Dwight Powell,Charlotte Hornets,Stanford,2014,2,15,45
330,Drew Eubanks,Undrafted,Undrafted,Undrafted,Undrafted,Undrafted,Undrafted
331,DeAndre' Bembry,Atlanta Hawks,Saint Joseph's,2016,1,21,21
332,Jordan Nwora,Milwaukee Bucks,Louisville,2020,2,15,45
333,Rodney McGruder,Undrafted,Undrafted,Undrafted,Undrafted,Undrafted,Undrafted
334,Juan Toscano-Anderson,Undrafted,Undrafted,Undrafted,Undrafted,Undrafted,Undrafted
335,Mychal Mulder,Undrafted,Undrafted,Undrafted,Undrafted,Undrafted,Undrafted
336,Donta Hall,Undrafted,Undrafted,Undrafted,Undrafted,Undrafted,Undrafted
337,Yogi Ferrell,Undrafted,Undrafted,Undrafted,Undrafted,Undrafted,Undrafted
338,Saben Lee,Utah Jazz,Vanderbilt,2020,2,8,38
339,Freddie Gillespie,Undrafted,Undrafted,Undrafted,Undrafted,Undrafted,Undrafted
340,Anthony Lamb,Undrafted,Undrafted,Undrafted,Undrafted,Undrafted,Undrafted
341,Jabari Parker,Milwaukee Bucks,Duke,2014,1,2,2
342,Garrison Mathews,Undrafted,Undrafted,Undrafted,Undrafted,Undrafted,Undrafted
343,Brad Wanamaker,Undrafted,Undrafted,Undrafted,Undrafted,Undrafted,Undrafted
344,Devin Vassell,San Antonio Spurs,Florida State,2020,1,11,11
345,Torrey Craig,Undrafted,Undrafted,Undrafted,Undrafted,Undrafted,Undrafted
346,Derrick Favors,New Jersey Nets,Georgia Tech,2010,1,3,3
347,Justin Patton,Chicago Bulls,Creighton,2017,1,16,16
348,Tyler Johnson,Undrafted,Undrafted,Undrafted,Undrafted,Undrafted,Undrafted
349,Rajon Rondo,Phoenix Suns,Kentucky,2006,1,21,21
350,Jarred Vanderbilt,Orlando Magic,Kentucky,2018,2,11,41
351,Jahlil Okafor,Philadelphia 76ers,Duke,2015,1,3,3
352,Josh Okogie,Minnesota Timberwolves,Georgia Tech,2018,1,20,20
353,Taj Gibson,Chicago Bulls,Southern California,2009,1,26,26
354,Tony Snell,Chicago Bulls,New Mexico,2013,1,20,20
355,Jarrett Culver,Phoenix Suns,Texas Tech,2019,1,6,6
356,Willie Cauley-Stein,Sacramento Kings,Kentucky,2015,1,6,6
357,Glenn Robinson III,Minnesota Timberwolves,Michigan,2014,2,10,40
358,Mason Jones,Undrafted,Undrafted,Undrafted,Undrafted,Undrafted,Undrafted
359,Maurice Harkless,Philadelphia 76ers,St. John's (NY),2012,1,15,15
360,D.J. Wilson,Milwaukee Bucks,Michigan,2017,1,17,17
361,Alize Johnson,Indiana Pacers,Missouri State,2018,2,20,50
362,Dylan Windler,Cleveland Cavaliers,Belmont,2019,1,26,26
363,Patrick Patterson,Houston Rockets,Kentucky,2010,1,14,14
364,Goga Bitadze,Indiana Pacers,KK Mega Leks (Serbia),2019,1,18,18
365,Jake Layman,Orlando Magic,Maryland,2016,2,17,47
366,Isaiah Hartenstein,Houston Rockets,BC Zalgiris (Lithuania),2017,2,13,43
367,Sekou Doumbouya,Detroit Pistons,Limoges CSP (France),2019,1,15,15
368,Nerlens Noel,New Orleans Pelicans,Kentucky,2013,1,6,6
369,Marc Gasol,Los Angeles Lakers,CB Sant Josep (Spain),2007,2,18,48
370,Jordan McLaughlin,Undrafted,Undrafted,Undrafted,Undrafted,Undrafted,Undrafted
371,Bismack Biyombo,Sacramento Kings,Baloncesto Fuenlabrada (Spain),2011,1,7,7
372,Trey Lyles,Utah Jazz,Kentucky,2015,1,12,12
373,Precious Achiuwa,Miami Heat,Memphis,2020,1,20,20
374,Caleb Martin,Undrafted,Undrafted,Undrafted,Undrafted,Undrafted,Undrafted
375,E'Twaun Moore,Boston Celtics,Purdue,2011,2,25,55
376,Jerome Robinson,LA Clippers,Boston College,2018,1,13,13
377,Tyler Cook,Undrafted,Undrafted,Undrafted,Undrafted,Undrafted,Undrafted
378,Brandon Goodwin,Undrafted,Undrafted,Undrafted,Undrafted,Undrafted,Undrafted
379,Gabe Vincent,Undrafted,Undrafted,Undrafted,Undrafted,Undrafted,Undrafted
380,Wesley Matthews,Undrafted,Undrafted,Undrafted,Undrafted,Undrafted,Undrafted
381,Langston Galloway,Undrafted,Undrafted,Undrafted,Undrafted,Undrafted,Undrafted
382,Aaron Nesmith,Boston Celtics,Vanderbilt,2020,1,14,14
383,Troy Brown Jr.,Washington Wizards,Oregon,2018,1,15,15
384,Boban Marjanovic,Undrafted,Undrafted,Undrafted,Undrafted,Undrafted,Undrafted
385,Damian Jones,Golden State Warriors,Vanderbilt,2016,1,30,30
386,Grant Williams,Boston Celtics,Tennessee,2019,1,22,22
387,Semi Ojeleye,Boston Celtics,Southern Methodist,2017,2,7,37
388,JaKarr Sampson,Undrafted,Undrafted,Undrafted,Undrafted,Undrafted,Undrafted
389,Nassir Little,Portland Trail Blazers,North Carolina,2019,1,25,25
390,Onyeka Okongwu,Atlanta Hawks,Southern California,2020,1,6,6
391,Kelan Martin,Undrafted,Undrafted,Undrafted,Undrafted,Undrafted,Undrafted
392,Rodney Hood,Utah Jazz,Duke,2014,1,23,23
393,Solomon Hill,Indiana Pacers,Arizona,2013,1,23,23
394,Charlie Brown Jr.,Undrafted,Undrafted,Undrafted,Undrafted,Undrafted,Undrafted
395,Al-Farouq Aminu,Los Angeles Clippers,Wake Forest,2010,1,8,8
396,Stanley Johnson,Detroit Pistons,Arizona,2015,1,8,8
397,Andre Iguodala,Philadelphia 76ers,Arizona,2004,1,9,9
398,Yuta Watanabe,Undrafted,Undrafted,Undrafted,Undrafted,Undrafted,Undrafted
399,Chandler Hutchison,Chicago Bulls,Boise State,2018,1,22,22
400,John Konchar,Undrafted,Undrafted,Undrafted,Undrafted,Undrafted,Undrafted
401,Devin Cannady,Undrafted,Undrafted,Undrafted,Undrafted,Undrafted,Undrafted
402,Mike Scott,Atlanta Hawks,Virginia,2012,2,13,43
403,Jevon Carter,Memphis Grizzlies,West Virginia,2018,2,2,32
404,Lamar Stevens,Undrafted,Undrafted,Undrafted,Undrafted,Undrafted,Undrafted
405,Kevon Looney,Golden State Warriors,California-Los Angeles,2015,1,30,30
406,Paul Watson,Undrafted,Undrafted,Undrafted,Undrafted,Undrafted,Undrafted
407,Nico Mannion,Golden State Warriors,Arizona,2020,2,18,48
408,DaQuan Jeffries,Undrafted,Undrafted,Undrafted,Undrafted,Undrafted,Undrafted
409,Josh Hall,Undrafted,Undrafted,Undrafted,Undrafted,Undrafted,Undrafted
410,Obi Toppin,New York Knicks,Dayton,2020,1,8,8
411,Darius Miller,New Orleans Hornets,Kentucky,2012,2,16,46
412,Chris Chiozza,Undrafted,Undrafted,Undrafted,Undrafted,Undrafted,Undrafted
413,Jordan Bone,New Orleans Pelicans,Tennessee,2019,2,27,57
414,Udonis Haslem,Undrafted,Undrafted,Undrafted,Undrafted,Undrafted,Undrafted
415,Cody Martin,Charlotte Hornets,North Carolina State,2019,2,6,36
416,Carsen Edwards,Philadelphia 76ers,Purdue,2019,2,3,33
417,Matisse Thybulle,Boston Celtics,Washington,2019,1,20,20
418,Brodric Thomas,Undrafted,Undrafted,Undrafted,Undrafted,Undrafted,Undrafted
419,Kevin Knox II,New York Knicks,Kentucky,2018,1,9,9
420,Justin James,Sacramento Kings,Wyoming,2019,2,10,40
421,Danté Exum,Utah Jazz,Australian Institute of Sport (Australia),2014,1,5,5
422,Ersan Ilyasova,Milwaukee Bucks,Ulkerspor (Turkey),2005,2,6,36
423,Tremont Waters,Boston Celtics,Louisiana State,2019,2,21,51
424,Nathan Knight,Undrafted,Undrafted,Undrafted,Undrafted,Undrafted,Undrafted
425,Skylar Mays,Atlanta Hawks,Louisiana State,2020,2,20,50
426,Thon Maker,Milwaukee Bucks,,2016,1,10,10
427,Isaiah Joe,Philadelphia 76ers,Arkansas,2020,2,19,49
428,P.J. Tucker,Toronto Raptors,Texas,2006,2,5,35
429,Luka Samanic,San Antonio Spurs,KK Olimpija (Slovenia),2019,1,19,19
430,Javonte Green,Undrafted,Undrafted,Undrafted,Undrafted,Undrafted,Undrafted
431,Wenyen Gabriel,Undrafted,Undrafted,Undrafted,Undrafted,Undrafted,Undrafted
432,Luke Kornet,Undrafted,Undrafted,Undrafted,Undrafted,Undrafted,Undrafted
433,Paul Reed,Philadelphia 76ers,DePaul,2020,2,28,58
434,Meyers Leonard,Portland Trail Blazers,Illinois,2012,1,11,11
435,Quinn Cook,Undrafted,Undrafted,Undrafted,Undrafted,Undrafted,Undrafted
436,Zeke Nnaji,Denver Nuggets,Arizona,2020,1,22,22
437,Amir Coffey,Undrafted,Undrafted,Undrafted,Undrafted,Undrafted,Undrafted
438,Killian Tillie,Undrafted,Undrafted,Undrafted,Undrafted,Undrafted,Undrafted
439,Mamadi Diakite,Undrafted,Undrafted,Undrafted,Undrafted,Undrafted,Undrafted
440,Alfonzo McKinnie,Undrafted,Undrafted,Undrafted,Undrafted,Undrafted,Undrafted
441,Romeo Langford,Boston Celtics,Indiana,2019,1,14,14
442,Ryan Arcidiacono,Undrafted,Undrafted,Undrafted,Undrafted,Undrafted,Undrafted
443,Matt Thomas,Undrafted,Undrafted,Undrafted,Undrafted,Undrafted,Undrafted
444,Anthony Gill,Undrafted,Undrafted,Undrafted,Undrafted,Undrafted,Undrafted
445,Jahmi'us Ramsey,Sacramento Kings,Texas Tech,2020,2,13,43
446,Gary Clark,Undrafted,Undrafted,Undrafted,Undrafted,Undrafted,Undrafted
447,Cam Reynolds,Undrafted,Undrafted,Undrafted,Undrafted,Undrafted,Undrafted
448,Reggie Perry,LA Clippers,Mississippi State,2020,2,27,57
449,Nicolo Melli,Undrafted,Undrafted,Undrafted,Undrafted,Undrafted,Undrafted
450,Sam Merrill,New Orleans Pelicans,Utah State,2020,2,30,60
451,Trent Forrest,Undrafted,Undrafted,Undrafted,Undrafted,Undrafted,Undrafted
452,Thanasis Antetokounmpo,New York Knicks,Delaware 87ers (D-League),2014,2,21,51
453,Harry Giles III,Portland Trail Blazers,Duke,2017,1,20,20
454,Markus Howard,Undrafted,Undrafted,Undrafted,Undrafted,Undrafted,Undrafted
455,Bruno Caboclo,Toronto Raptors,Esporte Clube Pinheiros (Brazil),2014,1,20,20
456,Kyle Guy,New York Knicks,Virginia,2019,2,25,55
457,Matthew Dellavedova,Undrafted,Undrafted,Undrafted,Undrafted,Undrafted,Undrafted
458,Frank Ntilikina,New York Knicks,SIG Strasbourg (France),2017,1,8,8
459,Didi Louzada,Atlanta Hawks,Sesi Franca (Brazil),2019,2,5,35
460,Keita Bates-Diop,Minnesota Timberwolves,Ohio State,2018,2,18,48
461,Amida Brimah,Undrafted,Undrafted,Undrafted,Undrafted,Undrafted,Undrafted
462,Anderson Varejao,Orlando Magic,FC Barcelona Basquet (Spain),2004,2,1,30
463,Josh Green,Dallas Mavericks,Arizona,2020,1,18,18
464,Grant Riller,Charlotte Hornets,College of Charleston,2020,2,26,56
465,Tre Jones,San Antonio Spurs,Duke,2020,2,11,41
466,Gary Payton II,Undrafted,Undrafted,Undrafted,Undrafted,Undrafted,Undrafted
467,Jordan Bell,Chicago Bulls,Oregon,2017,2,8,38
468,KZ Okpala,Phoenix Suns,Stanford,2019,2,2,32
469,Tacko Fall,Undrafted,Undrafted,Undrafted,Undrafted,Undrafted,Undrafted
470,Rondae Hollis-Jefferson,Portland Trail Blazers,Arizona,2015,1,23,23
471,Jeremiah Martin,Undrafted,Undrafted,Undrafted,Undrafted,Undrafted,Undrafted
472,Mfiondu Kabengele,Brooklyn Nets,Florida State,2019,1,27,27
473,Rayjon Tucker,Undrafted,Undrafted,Undrafted,Undrafted,Undrafted,Undrafted
474,Vernon Carey Jr.,Charlotte Hornets,Duke,2020,2,2,32
475,Wes Iwundu,Orlando Magic,Kansas State,2017,2,3,33
476,Justin Robinson,Undrafted,Undrafted,Undrafted,Undrafted,Undrafted,Undrafted
477,Quinndary Weatherspoon,San Antonio Spurs,Mississippi State,2019,2,19,49
478,Jarrell Brantley,Indiana Pacers,College of Charleston,2019,2,20,50
479,CJ Elleby,Portland Trail Blazers,Washington State,2020,2,16,46
480,Sean McDermott,Undrafted,Undrafted,Undrafted,Undrafted,Undrafted,Undrafted
481,Bol Bol,Miami Heat,Oregon,2019,2,14,44
482,Shaquille Harrison,Undrafted,Undrafted,Undrafted,Undrafted,Undrafted,Undrafted
483,Chris Silva,Undrafted,Undrafted,Undrafted,Undrafted,Undrafted,Undrafted
484,Devon Dotson,Undrafted,Undrafted,Undrafted,Undrafted,Undrafted,Undrafted
485,Ed Davis,Toronto Raptors,North Carolina,2010,1,13,13
486,Vlatko Čančar,Denver Nuggets,KK Mega Leks (Serbia),2017,2,19,49
487,Deividas Sirvydis,Dallas Mavericks,BC Lietuvos rytas (Lithuania),2019,2,7,37
488,Jontay Porter,Undrafted,Undrafted,Undrafted,Undrafted,Undrafted,Undrafted
489,Ray Spalding,Philadelphia 76ers,Louisville,2018,2,26,56
490,Jalen Smith,Phoenix Suns,Maryland,2020,1,10,10
491,Nate Hinton,Undrafted,Undrafted,Undrafted,Undrafted,Undrafted,Undrafted
492,Sindarius Thornwell,Milwaukee Bucks,South Carolina,2017,2,18,48
493,Devontae Cacok,Undrafted,Undrafted,Undrafted,Undrafted,Undrafted,Undrafted
494,Isaac Bonga,Philadelphia 76ers,Fraport Skyliners (Germany),2018,2,9,39
495,Miye Oni,Golden State Warriors,Yale,2019,2,28,58
496,Alen Smailagic,New Orleans Pelicans,Santa Cruz (G League),2019,2,9,39
497,Cassius Winston,Oklahoma City Thunder,Michigan State,2020,2,23,53
498,Daniel Oturu,Minnesota Timberwolves,Minnesota,2020,2,3,33
499,Axel Toupane,Undrafted,Undrafted,Undrafted,Undrafted,Undrafted,Undrafted
500,Elijah Hughes,New Orleans Pelicans,Syracuse,2020,2,9,39
501,T.J. Leaf,Indiana Pacers,California-Los Angeles,2017,1,18,18
502,James Nunnally,Undrafted,Undrafted,Undrafted,Undrafted,Undrafted,Undrafted
503,Tim Frazier,Undrafted,Undrafted,Undrafted,Undrafted,Undrafted,Undrafted
504,Anthony Tolliver,Undrafted,Undrafted,Undrafted,Undrafted,Undrafted,Undrafted
505,Bruno Fernando,Philadelphia 76ers,Maryland,2019,2,4,34
506,Norvel Pelle,Undrafted,Undrafted,Undrafted,Undrafted,Undrafted,Undrafted
507,Robert Woodard II,Memphis Grizzlies,Mississippi State,2020,2,10,40
508,Cassius Stanley,Indiana Pacers,Duke,2020,2,24,54
509,Rodions Kurucs,Brooklyn Nets,FC Barcelona Basquet (Spain),2018,2,10,40
510,Nate Darling,Undrafted,Undrafted,Undrafted,Undrafted,Undrafted,Undrafted
511,Cristiano Felicio,Undrafted,Undrafted,Undrafted,Undrafted,Undrafted,Undrafted
512,Jalen Lecque,Undrafted,Undrafted,Undrafted,Undrafted,Undrafted,Undrafted
513,Kris Dunn,Minnesota Timberwolves,Providence,2016,1,5,5
514,Juwan Morgan,Undrafted,Undrafted,Undrafted,Undrafted,Undrafted,Undrafted
515,Andre Roberson,Minnesota Timberwolves,Colorado,2013,1,26,26
516,Marques Bolden,Undrafted,Undrafted,Undrafted,Undrafted,Undrafted,Undrafted
517,Karim Mane,Undrafted,Undrafted,Undrafted,Undrafted,Undrafted,Undrafted
518,Adam Mokoka,Undrafted,Undrafted,Undrafted,Undrafted,Undrafted,Undrafted
519,Udoka Azubuike,Utah Jazz,Kansas,2020,1,27,27
520,Iman Shumpert,New York Knicks,Georgia Tech,2011,1,17,17
521,Malik Fitts,Undrafted,Undrafted,Undrafted,Undrafted,Undrafted,Undrafted
522,Patrick McCaw,Golden State Warriors,Nevada-Las Vegas,2016,2,8,38
523,Tyler Bey,Philadelphia 76ers,Colorado,2020,2,6,36
524,Tyrell Terry,Dallas Mavericks,Stanford,2020,2,1,31
525,Nick Richards,New Orleans Pelicans,Kentucky,2020,2,12,42
526,Kostas Antetokounmpo,Philadelphia 76ers,Dayton,2018,2,30,60
527,Vincent Poirier,Undrafted,Undrafted,Undrafted,Undrafted,Undrafted,Undrafted
528,Keljin Blevins,Undrafted,Undrafted,Undrafted,Undrafted,Undrafted,Undrafted
529,Ty-Shon Alexander,Undrafted,Undrafted,Undrafted,Undrafted,Undrafted,Undrafted
530,Brian Bowen II,Undrafted,Undrafted,Undrafted,Undrafted,Undrafted,Undrafted
531,Jared Dudley,Charlotte Bobcats,Boston College,2007,1,22,22
532,Jared Harper,Undrafted,Undrafted,Undrafted,Undrafted,Undrafted,Undrafted
533,Jaylen Adams,Undrafted,Undrafted,Undrafted,Undrafted,Undrafted,Undrafted
534,Terrance Ferguson,Oklahoma City Thunder,Adelaide 36ers (Australia),2017,1,21,21
535,Theo Pinson,Undrafted,Undrafted,Undrafted,Undrafted,Undrafted,Undrafted
536,Anžejs Pasečņiks,Orlando Magic,CB Gran Canaria (Spain),2017,1,25,25
537,Ashton Hagans,Undrafted,Undrafted,Undrafted,Undrafted,Undrafted,Undrafted
538,Greg Whittington,Undrafted,Undrafted,Undrafted,Undrafted,Undrafted,Undrafted
539,Noah Vonleh,Charlotte Hornets,Indiana,2014,1,9,9
540,Will Magnay,Undrafted,Undrafted,Undrafted,Undrafted,Undrafted,Undrafted
541,Klay Thompson,Golden State Warriors,Washington State,2011,1,11,11
542,Cade Cunningham,Detroit Pistons,Oklahoma State,2021,1,1,1
543,Jalen Green,Houston Rockets,Ignite (G League),2021,1,2,2
544,Scottie Barnes,Toronto Raptors,Florida State,2021,1,4,4
545,Franz Wagner,Orlando Magic,Michigan,2021,1,8,8
546,Evan Mobley,Cleveland Cavaliers,Southern California,2021,1,3,3
547,Chris Duarte,Indiana Pacers,Oregon,2021,1,13,13
548,Brandon Williams,Undrafted,Undrafted,Undrafted,Undrafted,Undrafted,Undrafted
549,Josh Giddey,Oklahoma City Thunder,NBA Global Academy (Australia),2021,1,6,6
550,Jalen Suggs,Orlando Magic,Gonzaga,2021,1,5,5
551,Davion Mitchell,Sacramento Kings,Baylor,2021,1,9,9
552,Zavier Simpson,Undrafted,Undrafted,Undrafted,Undrafted,Undrafted,Undrafted
553,Melvin Frazier Jr.,Orlando Magic,Tulane,2018,2,5,35
554,Tre Mann,Oklahoma City Thunder,Florida,2021,1,18,18
555,Bones Hyland,Denver Nuggets,Virginia Commonwealth,2021,1,26,26
556,Duane Washington Jr.,Undrafted,Undrafted,Undrafted,Undrafted,Undrafted,Undrafted
557,Terry Taylor,Undrafted,Undrafted,Undrafted,Undrafted,Undrafted,Undrafted
558,Alperen Sengun,Oklahoma City Thunder,Besiktas (Turkey),2021,1,16,16
559,Herbert Jones,New Orleans Pelicans,Alabama,2021,2,5,35
560,Jonathan Kuminga,Golden State Warriors,Ignite (G League),2021,1,7,7
561,Ayo Dosunmu,Chicago Bulls,Illinois,2021,2,8,38
562,Cam Thomas,Brooklyn Nets,Louisiana State,2021,1,27,27
563,Lance Stephenson,Indiana Pacers,Cincinnati,2010,2,10,40
564,Aaron Wiggins,Oklahoma City Thunder,Maryland,2021,2,25,55
565,Isaiah Jackson,Los Angeles Lakers,Kentucky,2021,1,22,22
566,Corey Kispert,Washington Wizards,Gonzaga,2021,1,15,15
567,Ziaire Williams,New Orleans Pelicans,Stanford,2021,1,10,10
568,Malik Newman,Undrafted,Undrafted,Undrafted,Undrafted,Undrafted,Undrafted
569,Lindy Waters III,Undrafted,Undrafted,Undrafted,Undrafted,Undrafted,Undrafted
570,Josh Christopher,Houston Rockets,Arizona State,2021,1,24,24
571,Zach Collins,Sacramento Kings,Gonzaga,2017,1,10,10
572,Trendon Watford,Undrafted,Undrafted,Undrafted,Undrafted,Undrafted,Undrafted
573,Jeremiah Robinson-Earl,New York Knicks,Villanova,2021,2,2,32
574,Austin Reaves,Undrafted,Undrafted,Undrafted,Undrafted,Undrafted,Undrafted
575,Keon Johnson,New York Knicks,Tennessee,2021,1,21,21
576,Braxton Key,Undrafted,Undrafted,Undrafted,Undrafted,Undrafted,Undrafted
577,Olivier Sarr,Undrafted,Undrafted,Undrafted,Undrafted,Undrafted,Undrafted
578,Brandon Boston,Memphis Grizzlies,Kentucky,2021,2,21,51
579,Georgios Kalaitzakis,Indiana Pacers,BC Nevezis (Greece),2021,2,30,60
580,BJ Johnson,Undrafted,Undrafted,Undrafted,Undrafted,Undrafted,Undrafted
581,Brandon Knight,Detroit Pistons,Kentucky,2011,1,8,8
582,Justin Anderson,Dallas Mavericks,Virginia,2015,1,21,21
583,Isaiah Livers,Detroit Pistons,Michigan,2021,2,12,42
584,Derrick Walton Jr.,Undrafted,Undrafted,Undrafted,Undrafted,Undrafted,Undrafted
585,Hassani Gravett,Undrafted,Undrafted,Undrafted,Undrafted,Undrafted,Undrafted
586,Vít Krejčí,Washington Wizards,Basket Zaragoza 2002 (Spain),2020,2,7,37
587,Chaundee Brown Jr.,Undrafted,Undrafted,Undrafted,Undrafted,Undrafted,Undrafted
588,Day'Ron Sharpe,Phoenix Suns,North Carolina,2021,1,29,29
589,Jose Alvarado,Undrafted,Undrafted,Undrafted,Undrafted,Undrafted,Undrafted
590,Quentin Grimes,LA Clippers,Houston,2021,1,25,25
591,Kessler Edwards,Brooklyn Nets,Pepperdine,2021,2,14,44
592,Luka Garza,Detroit Pistons,Iowa,2021,2,22,52
593,Xavier Moon,Undrafted,Undrafted,Undrafted,Undrafted,Undrafted,Undrafted
594,Joshua Primo,San Antonio Spurs,Alabama,2021,1,12,12
595,Keifer Sykes,Undrafted,Undrafted,Undrafted,Undrafted,Undrafted,Undrafted
596,Greg Monroe,Detroit Pistons,Georgetown,2010,1,7,7
597,Trey Murphy III,Memphis Grizzlies,Virginia,2021,1,17,17
598,Omer Yurtseven,Undrafted,Undrafted,Undrafted,Undrafted,Undrafted,Undrafted
599,Jock Landale,Undrafted,Undrafted,Undrafted,Undrafted,Undrafted,Undrafted
600,David Duke Jr.,Undrafted,Undrafted,Undrafted,Undrafted,Undrafted,Undrafted
601,Greg Brown III,New Orleans Pelicans,Texas,2021,2,13,43
602,Cameron McGriff,Undrafted,Undrafted,Undrafted,Undrafted,Undrafted,Undrafted
603,James Bouknight,Charlotte Hornets,Connecticut,2021,1,11,11
604,Moses Moody,Golden State Warriors,Arkansas,2021,1,14,14
605,Davon Reed,Phoenix Suns,Miami (FL),2017,2,2,32
606,Trevelin Queen,Undrafted,Undrafted,Undrafted,Undrafted,Undrafted,Undrafted
607,Lindell Wigginton,Undrafted,Undrafted,Undrafted,Undrafted,Undrafted,Undrafted
608,Santi Aldama,Utah Jazz,Loyola-Maryland,2021,1,30,30
609,Gabe York,Undrafted,Undrafted,Undrafted,Undrafted,Undrafted,Undrafted
610,Mac McClung,Undrafted,Undrafted,Undrafted,Undrafted,Undrafted,Undrafted
611,Micah Potter,Undrafted,Undrafted,Undrafted,Undrafted,Undrafted,Undrafted
612,Scotty Hopson,Undrafted,Undrafted,Undrafted,Undrafted,Undrafted,Undrafted
613,Jamorko Pickett,Undrafted,Undrafted,Undrafted,Undrafted,Undrafted,Undrafted
614,Admiral Schofield,Philadelphia 76ers,Tennessee,2019,2,12,42
615,Jared Butler,Sacramento Kings,Baylor,2021,2,10,40
616,Malcolm Hill,Undrafted,Undrafted,Undrafted,Undrafted,Undrafted,Undrafted
617,Sandro Mamukelashvili,Indiana Pacers,Seton Hall,2021,2,24,54
618,Cheick Diallo,LA Clippers,Kansas,2016,2,3,33
619,Gabriel Lundberg,Undrafted,Undrafted,Undrafted,Undrafted,Undrafted,Undrafted
620,Daishen Nix,Undrafted,Undrafted,Undrafted,Undrafted,Undrafted,Undrafted
621,Dalano Banton,Toronto Raptors,Nebraska,2021,2,16,46
622,Charles Bassey,Philadelphia 76ers,Western Kentucky,2021,2,23,53
623,Javonte Smart,Undrafted,Undrafted,Undrafted,Undrafted,Undrafted,Undrafted
624,Matt Ryan,Undrafted,Undrafted,Undrafted,Undrafted,Undrafted,Undrafted
625,Neemias Queta,Sacramento Kings,Utah State,2021,2,9,39
626,Paris Bass,Undrafted,Undrafted,Undrafted,Undrafted,Undrafted,Undrafted
627,Trevon Scott,Undrafted,Undrafted,Undrafted,Undrafted,Undrafted,Undrafted
628,Tyrone Wallace,Utah Jazz,California,2016,2,30,60
629,Aleem Ford,Undrafted,Undrafted,Undrafted,Undrafted,Undrafted,Undrafted
630,Sam Hauser,Undrafted,Undrafted,Undrafted,Undrafted,Undrafted,Undrafted
631,Ish Wainright,Undrafted,Undrafted,Undrafted,Undrafted,Undrafted,Undrafted
632,Jalen Johnson,Atlanta Hawks,Duke,2021,1,20,20
633,Haywood Highsmith,Undrafted,Undrafted,Undrafted,Undrafted,Undrafted,Undrafted
634,Justin Champagnie,Undrafted,Undrafted,Undrafted,Undrafted,Undrafted,Undrafted
635,Nik Stauskas,Sacramento Kings,Michigan,2014,1,8,8
636,Miles McBride,Oklahoma City Thunder,West Virginia,2021,2,6,36
637,Jericho Sims,New York Knicks,Texas,2021,2,28,58
638,Jeff Dowtin Jr.,Undrafted,Undrafted,Undrafted,Undrafted,Undrafted,Undrafted
639,Joe Wieskamp,San Antonio Spurs,Iowa,2021,2,11,41
640,JT Thor,Detroit Pistons,Auburn,2021,2,7,37
641,Ahmad Caver,Undrafted,Undrafted,Undrafted,Undrafted,Undrafted,Undrafted
642,Craig Sword,Undrafted,Undrafted,Undrafted,Undrafted,Undrafted,Undrafted
643,Jemerrio Jones,Undrafted,Undrafted,Undrafted,Undrafted,Undrafted,Undrafted
644,Joe Johnson,Boston Celtics,Arkansas,2001,1,10,10
645,Usman Garuba,Houston Rockets,Madrid (ESP),2021,1,23,23
646,Marko Simonovic,Chicago Bulls,KK Mega Leks (Serbia),2020,2,14,44
647,Eugene Omoruyi,Undrafted,Undrafted,Undrafted,Undrafted,Undrafted,Undrafted
648,Isaiah Todd,Milwaukee Bucks,Ignite (G League),2021,2,1,31
649,Wayne Selden,Undrafted,Undrafted,Undrafted,Undrafted,Undrafted,Undrafted
650,Kevin Pangos,Undrafted,Undrafted,Undrafted,Undrafted,Undrafted,Undrafted
651,Emmanuel Mudiay,Denver Nuggets,Guangdong Southern Tigers (China),2015,1,7,7
652,Rob Edwards,Undrafted,Undrafted,Undrafted,Undrafted,Undrafted,Undrafted
653,Leandro Bolmaro,New York Knicks,FC Barcelona Basquet (Spain),2020,1,23,23
654,Darren Collison,New Orleans Hornets,California-Los Angeles,2009,1,21,21
655,Jordan Schakel,Undrafted,Undrafted,Undrafted,Undrafted,Undrafted,Undrafted
656,Moses Wright,Undrafted,Undrafted,Undrafted,Undrafted,Undrafted,Undrafted
657,Myles Powell,Undrafted,Undrafted,Undrafted,Undrafted,Undrafted,Undrafted
658,Marcus Garrett,Undrafted,Undrafted,Undrafted,Undrafted,Undrafted,Undrafted
659,Yves Pons,Undrafted,Undrafted,Undrafted,Undrafted,Undrafted,Undrafted
660,Petr Cornelie,Denver Nuggets,Le Mans Sarthe Basket (France),2016,2,23,53
661,Ruben Nembhard Jr.,Undrafted,Undrafted,Undrafted,Undrafted,Undrafted,Undrafted
662,Kai Jones,New York Knicks,Texas,2021,1,19,19
663,Jaden Springer,Philadelphia 76ers,Tennessee,2021,1,28,28
664,McKinley Wright IV,Undrafted,Undrafted,Undrafted,Undrafted,Undrafted,Undrafted
665,Shaq Buchanan,Undrafted,Undrafted,Undrafted,Undrafted,Undrafted,Undrafted
666,Carlik Jones,Undrafted,Undrafted,Undrafted,Undrafted,Undrafted,Undrafted
667,Jarron Cumberland,Undrafted,Undrafted,Undrafted,Undrafted,Undrafted,Undrafted
668,Jaylen Morris,Undrafted,Undrafted,Undrafted,Undrafted,Undrafted,Undrafted
669,Xavier Sneed,Undrafted,Undrafted,Undrafted,Undrafted,Undrafted,Undrafted
670,Sharife Cooper,Atlanta Hawks,Auburn,2021,2,18,48
671,Scottie Lewis,Charlotte Hornets,Florida,2021,2,26,56
672,Aaron Henry,Undrafted,Undrafted,Undrafted,Undrafted,Undrafted,Undrafted
673,Joel Ayayi,Undrafted,Undrafted,Undrafted,Undrafted,Undrafted,Undrafted
674,George King,Phoenix Suns,Colorado,2018,2,29,59
675,Ade Murkey,Undrafted,Undrafted,Undrafted,Undrafted,Undrafted,Undrafted
676,Arnoldas Kulboka,Charlotte Hornets,Brose Bamberg (Germany),2018,2,25,55
677,CJ Miles,Utah Jazz,Skyline,2005,2,4,34
678,Cat Barber,Undrafted,Undrafted,Undrafted,Undrafted,Undrafted,Undrafted
679,David Johnson,Toronto Raptors,Louisville,2021,2,17,47
680,DeJon Jarreau,Undrafted,Undrafted,Undrafted,Undrafted,Undrafted,Undrafted
681,Emanuel Terry,Undrafted,Undrafted,Undrafted,Undrafted,Undrafted,Undrafted
682,Feron Hunt,Undrafted,Undrafted,Undrafted,Undrafted,Undrafted,Undrafted
683,JaQuori McLaughlin,Undrafted,Undrafted,Undrafted,Undrafted,Undrafted,Undrafted
684,Jaime Echenique,Undrafted,Undrafted,Undrafted,Undrafted,Undrafted,Undrafted
685,Javin DeLaurier,Undrafted,Undrafted,Undrafted,Undrafted,Undrafted,Undrafted
686,Jay Huff,Undrafted,Undrafted,Undrafted,Undrafted,Undrafted,Undrafted
687,Jaysean Paige,Undrafted,Undrafted,Undrafted,Undrafted,Undrafted,Undrafted
688,Jon Teske,Undrafted,Undrafted,Undrafted,Undrafted,Undrafted,Undrafted
689,Jordan Goodwin,Undrafted,Undrafted,Undrafted,Undrafted,Undrafted,Undrafted
690,MJ Walker,Undrafted,Undrafted,Undrafted,Undrafted,Undrafted,Undrafted
691,Matt Mooney,Undrafted,Undrafted,Undrafted,Undrafted,Undrafted,Undrafted
692,Sam Dekker,Houston Rockets,Wisconsin,2015,1,18,18
693,Trayvon Palmer,Undrafted,Undrafted,Undrafted,Undrafted,Undrafted,Undrafted
694,Tyler Hall,Undrafted,Undrafted,Undrafted,Undrafted,Undrafted,Undrafted
695,Zylan Cheatham,Undrafted,Undrafted,Undrafted,Undrafted,Undrafted,Undrafted
696,Paolo Banchero,Orlando Magic,Duke,2022,1,1,1
697,Bennedict Mathurin,Indiana Pacers,Arizona,2022,1,6,6
698,Jaden Ivey,Detroit Pistons,Purdue,2022,1,5,5
699,RaiQuan Gray,Brooklyn Nets,Florida State,2021,2,29,59
700,Jalen Williams,Oklahoma City Thunder,Santa Clara,2022,1,12,12
701,Jabari Smith Jr.,Houston Rockets,Auburn,2022,1,3,3
702,Keegan Murray,Sacramento Kings,Iowa,2022,1,4,4
703,Jeremy Sochan,San Antonio Spurs,Baylor,2022,1,9,9
704,Nate Williams,Undrafted,Undrafted,Undrafted,Undrafted,Undrafted,Undrafted
705,Malaki Branham,San Antonio Spurs,Ohio State,2022,1,20,20
706,Shaedon Sharpe,Portland Trail Blazers,Kentucky,2022,1,7,7
707,Julian Champagnie,Undrafted,Undrafted,Undrafted,Undrafted,Undrafted,Undrafted
708,Andrew Nembhard,Indiana Pacers,Gonzaga,2022,2,1,31
709,Tari Eason,Houston Rockets,Louisiana State,2022,1,17,17
710,Walker Kessler,Memphis Grizzlies,Auburn,2022,1,22,22
711,Jalen Duren,Charlotte Hornets,Memphis,2022,1,13,13
712,Mark Williams,Charlotte Hornets,Duke,2022,1,15,15
713,AJ Griffin,Atlanta Hawks,Duke,2022,1,16,16
714,Jaden Hardy,Sacramento Kings,Ignite (G League),2022,2,7,37
715,Ochai Agbaji,Cleveland Cavaliers,Kansas,2022,1,14,14
716,Chance Comanche,Undrafted,Undrafted,Undrafted,Undrafted,Undrafted,Undrafted
717,David Roddy,Philadelphia 76ers,Colorado State,2022,1,23,23
718,Simone Fontecchio,Undrafted,Undrafted,Undrafted,Undrafted,Undrafted,Undrafted
719,Quenton Jackson,Undrafted,Undrafted,Undrafted,Undrafted,Undrafted,Undrafted
720,Jaylin Williams,Oklahoma City Thunder,Arkansas,2022,2,4,34
721,Johnny Davis,Washington Wizards,Wisconsin,2022,1,10,10
722,Nikola Jović,Miami Heat,KK Mega Leks (Serbia),2022,1,27,27
723,Jamal Cain,Undrafted,Undrafted,Undrafted,Undrafted,Undrafted,Undrafted
724,Bryce McGowens,Minnesota Timberwolves,Nebraska,2022,2,10,40
725,MarJon Beauchamp,Milwaukee Bucks,Ignite (G League),2022,1,24,24
726,Jonathan Isaac,Orlando Magic,Florida State,2017,1,6,6
727,Kenneth Lofton Jr.,Undrafted,Undrafted,Undrafted,Undrafted,Undrafted,Undrafted
728,Blake Wesley,San Antonio Spurs,Notre Dame,2022,1,25,25
729,Ousmane Dieng,New York Knicks,Breakers (New Zealand),2022,1,11,11
730,Johnny Juzang,Undrafted,Undrafted,Undrafted,Undrafted,Undrafted,Undrafted
731,Christian Braun,Denver Nuggets,Kansas,2022,1,21,21
732,TyTy Washington Jr.,Memphis Grizzlies,Kentucky,2022,1,29,29
733,AJ Green,Undrafted,Undrafted,Undrafted,Undrafted,Undrafted,Undrafted
734,Justin Minaya,Undrafted,Undrafted,Undrafted,Undrafted,Undrafted,Undrafted
735,Kevon Harris,Undrafted,Undrafted,Undrafted,Undrafted,Undrafted,Undrafted
736,Patrick Baldwin Jr.,Golden State Warriors,Wisconsin-Milwaukee,2022,1,28,28
737,Dominick Barlow,Undrafted,Undrafted,Undrafted,Undrafted,Undrafted,Undrafted
738,Jabari Walker,Portland Trail Blazers,Colorado,2022,2,27,57
739,Dyson Daniels,New Orleans Pelicans,Ignite (G League),2022,1,8,8
740,Xavier Cooks,Undrafted,Undrafted,Undrafted,Undrafted,Undrafted,Undrafted
741,Caleb Houstan,Orlando Magic,Michigan,2022,2,2,32
742,Darius Days,Undrafted,Undrafted,Undrafted,Undrafted,Undrafted,Undrafted
743,Orlando Robinson,Undrafted,Undrafted,Undrafted,Undrafted,Undrafted,Undrafted
744,A.J. Lawson,Undrafted,Undrafted,Undrafted,Undrafted,Undrafted,Undrafted
745,Peyton Watson,Oklahoma City Thunder,California-Los Angeles,2022,1,30,30
746,Jared Rhoden,Undrafted,Undrafted,Undrafted,Undrafted,Undrafted,Undrafted
747,Christian Koloko,Toronto Raptors,Arizona,2022,2,3,33
748,Max Christie,Los Angeles Lakers,Michigan State,2022,2,5,35
749,Jordan Hall,Undrafted,Undrafted,Undrafted,Undrafted,Undrafted,Undrafted
750,Josh Minott,Charlotte Hornets,Memphis,2022,2,15,45
751,Jacob Gilyard,Undrafted,Undrafted,Undrafted,Undrafted,Undrafted,Undrafted
752,Jake LaRavia,Minnesota Timberwolves,Wake Forest,2022,1,19,19
753,Jamaree Bouyea,Undrafted,Undrafted,Undrafted,Undrafted,Undrafted,Undrafted
754,Tyler Dorsey,Atlanta Hawks,Oregon,2017,2,11,41
755,Dru Smith,Undrafted,Undrafted,Undrafted,Undrafted,Undrafted,Undrafted
756,Jason Preston,Orlando Magic,Ohio,2021,2,3,33
757,Moussa Diabaté,LA Clippers,Michigan,2022,2,13,43
758,Isaiah Mobley,Cleveland Cavaliers,Southern California,2022,2,19,49
759,Lester Quinones,Undrafted,Undrafted,Undrafted,Undrafted,Undrafted,Undrafted
760,John Butler Jr.,Undrafted,Undrafted,Undrafted,Undrafted,Undrafted,Undrafted
761,Scotty Pippen Jr.,Undrafted,Undrafted,Undrafted,Undrafted,Undrafted,Undrafted
762,Dalen Terry,Chicago Bulls,Arizona State,2022,1,18,18
763,Ron Harper Jr.,Undrafted,Undrafted,Undrafted,Undrafted,Undrafted,Undrafted
764,Kennedy Chandler,San Antonio Spurs,Tennessee,2022,2,8,38
765,Donovan Williams,Undrafted,Undrafted,Undrafted,Undrafted,Undrafted,Undrafted
766,Stanley Umude,Undrafted,Undrafted,Undrafted,Undrafted,Undrafted,Undrafted
767,Vince Williams Jr.,Memphis Grizzlies,Virginia Commonwealth,2022,2,17,47
768,Ryan Rollins,Atlanta Hawks,Toledo,2022,2,14,44
769,Trevor Hudgins,Undrafted,Undrafted,Undrafted,Undrafted,Undrafted,Undrafted
770,Buddy Boeheim,Undrafted,Undrafted,Undrafted,Undrafted,Undrafted,Undrafted
771,JD Davison,Boston Celtics,Alabama,2022,2,23,53
772,Kendall Brown,Minnesota Timberwolves,Baylor,2022,2,18,48
773,Keon Ellis,Undrafted,Undrafted,Undrafted,Undrafted,Undrafted,Undrafted
774,Wendell Moore Jr.,Dallas Mavericks,Duke,2022,1,26,26
775,Tyrese Martin,Golden State Warriors,Connecticut,2022,2,21,51
776,Cole Swider,Undrafted,Undrafted,Undrafted,Undrafted,Undrafted,Undrafted
777,Jack White,Undrafted,Undrafted,Undrafted,Undrafted,Undrafted,Undrafted
778,Chima Moneke,Undrafted,Undrafted,Undrafted,Undrafted,Undrafted,Undrafted
779,Kobi Simmons,Undrafted,Undrafted,Undrafted,Undrafted,Undrafted,Undrafted
780,Trevor Keels,New York Knicks,Duke,2022,2,12,42
781,Dereon Seabron,Undrafted,Undrafted,Undrafted,Undrafted,Undrafted,Undrafted
782,Alondes Williams,Undrafted,Undrafted,Undrafted,Undrafted,Undrafted,Undrafted
783,Deonte Burton,Undrafted,Undrafted,Undrafted,Undrafted,Undrafted,Undrafted
784,Michael Foster Jr.,Undrafted,Undrafted,Undrafted,Undrafted,Undrafted,Undrafted
785,Victor Wembanyama,San Antonio Spurs,Metropolitans 92 (France),2023,1,1,1
786,Brandon Miller,Charlotte Hornets,Alabama,2023,1,2,2
787,Chet Holmgren,Oklahoma City Thunder,Gonzaga,2022,1,2,2
788,GG Jackson,Memphis Grizzlies,South Carolina,2023,2,15,45
789,Scoot Henderson,Portland Trail Blazers,Ignite (G League),2023,1,3,3
790,Keyonte George,Utah Jazz,Baylor,2023,1,16,16
791,Cam Whitmore,Houston Rockets,Villanova,2023,1,20,20
792,Jaime Jaquez Jr.,Miami Heat,California-Los Angeles,2023,1,18,18
793,Amen Thompson,Houston Rockets,Overtime Elite,2023,1,4,4
794,Brandin Podziemski,Golden State Warriors,Santa Clara,2023,1,19,19
795,Duop Reath,Undrafted,Undrafted,Undrafted,Undrafted,Undrafted,Undrafted
796,Ausar Thompson,Detroit Pistons,Overtime Elite,2023,1,5,5
797,Dereck Lively II,Oklahoma City Thunder,Duke,2023,1,12,12
798,Gradey Dick,Toronto Raptors,Kansas,2023,1,13,13
799,Tristan Vukcevic,Washington Wizards,Real Madrid Baloncesto (Spain),2023,2,12,42
800,Bilal Coulibaly,Indiana Pacers,Metropolitans 92 (France),2023,1,7,7
801,Marcus Sasser,Memphis Grizzlies,Houston,2023,1,25,25
802,Trayce Jackson-Davis,Washington Wizards,Indiana,2023,2,27,57
803,Jordan Hawkins,New Orleans Pelicans,Connecticut,2023,1,14,14
804,Brice Sensabaugh,Utah Jazz,Ohio State,2023,1,28,28
805,Toumani Camara,Phoenix Suns,Dayton,2023,2,22,52
806,Taylor Hendricks,Utah Jazz,Central Florida,2023,1,9,9
807,Vasilije Micic,Philadelphia 76ers,KK Mega Leks (Serbia),2014,2,22,52
808,Javon Freeman-Liberty,Undrafted,Undrafted,Undrafted,Undrafted,Undrafted,Undrafted
809,Maozinha Pereira,Undrafted,Undrafted,Undrafted,Undrafted,Undrafted,Undrafted
810,Cason Wallace,Dallas Mavericks,Kentucky,2023,1,10,10
811,Trey Jemison III,Undrafted,Undrafted,Undrafted,Undrafted,Undrafted,Undrafted
812,Kris Murray,Portland Trail Blazers,Iowa,2023,1,23,23
813,Tosan Evbuomwan,Undrafted,Undrafted,Undrafted,Undrafted,Undrafted,Undrafted
814,Nick Smith Jr.,Charlotte Hornets,Arkansas,2023,1,27,27
815,Noah Clowney,Brooklyn Nets,Alabama,2023,1,21,21
816,Craig Porter Jr.,Undrafted,Undrafted,Undrafted,Undrafted,Undrafted,Undrafted
817,Dexter Dennis,Undrafted,Undrafted,Undrafted,Undrafted,Undrafted,Undrafted
818,Ricky Council IV,Undrafted,Undrafted,Undrafted,Undrafted,Undrafted,Undrafted
819,Sasha Vezenkov,Brooklyn Nets,FC Barcelona Basquet (Spain),2017,2,27,57
820,Jalen Wilson,Brooklyn Nets,Kansas,2023,2,21,51
821,Kobe Bufkin,Atlanta Hawks,Michigan,2023,1,15,15
822,Anthony Black,Orlando Magic,Arkansas,2023,1,6,6
823,Julian Strawther,Indiana Pacers,Gonzaga,2023,1,29,29
824,Taze Moore,Undrafted,Undrafted,Undrafted,Undrafted,Undrafted,Undrafted
825,Ben Sheppard,Indiana Pacers,Belmont,2023,1,26,26
826,Adama Sanogo,Undrafted,Undrafted,Undrafted,Undrafted,Undrafted,Undrafted
827,Izaiah Brockington,Undrafted,Undrafted,Undrafted,Undrafted,Undrafted,Undrafted
828,Matt Hurt,Undrafted,Undrafted,Undrafted,Undrafted,Undrafted,Undrafted
829,Mouhamed Gueye,Charlotte Hornets,Washington State,2023,2,9,39
830,Rayan Rupert,Portland Trail Blazers,Breakers (New Zealand),2023,2,13,43
831,Jules Bernard,Undrafted,Undrafted,Undrafted,Undrafted,Undrafted,Undrafted
832,Sidy Cissoko,San Antonio Spurs,Ignite (G League),2023,2,14,44
833,Drew Peterson,Undrafted,Undrafted,Undrafted,Undrafted,Undrafted,Undrafted
834,Jarace Walker,Washington Wizards,Houston,2023,1,8,8
835,Collin Gillespie,Undrafted,Undrafted,Undrafted,Undrafted,Undrafted,Undrafted
836,Gui Santos,Golden State Warriors,Associacao Atletica Ponte Preta (Brazil),2022,2,25,55
837,Onuralp Bitim,Undrafted,Undrafted,Undrafted,Undrafted,Undrafted,Undrafted
838,Oscar Tshiebwe,Undrafted,Undrafted,Undrafted,Undrafted,Undrafted,Undrafted
839,Terquavion Smith,Undrafted,Undrafted,Undrafted,Undrafted,Undrafted,Undrafted
840,Olivier-Maxence Prosper,Sacramento Kings,Marquette,2023,1,24,24
841,D.J. Carton,Undrafted,Undrafted,Undrafted,Undrafted,Undrafted,Undrafted
842,Henri Drell,Undrafted,Undrafted,Undrafted,Undrafted,Undrafted,Undrafted
843,Emoni Bates,Cleveland Cavaliers,Eastern Michigan,2023,2,19,49
844,Malik Williams,Undrafted,Undrafted,Undrafted,Undrafted,Undrafted,Undrafted
845,Leaky Black,Undrafted,Undrafted,Undrafted,Undrafted,Undrafted,Undrafted
846,Timmy Allen,Undrafted,Undrafted,Undrafted,Undrafted,Undrafted,Undrafted
847,Alex Fudge,Undrafted,Undrafted,Undrafted,Undrafted,Undrafted,Undrafted
848,Mouhamadou Gueye,Undrafted,Undrafted,Undrafted,Undrafted,Undrafted,Undrafted
849,Amari Bailey,Charlotte Hornets,California-Los Angeles,2023,2,11,41
850,Julian Phillips,Boston Celtics,Tennessee,2023,2,5,35
851,Andre Jackson Jr.,Orlando Magic,Connecticut,2023,2,6,36
852,Colby Jones,Charlotte Hornets,Xavier,2023,2,4,34
853,Kobe Brown,LA Clippers,Missouri,2023,1,30,30
854,D'Moi Hodge,Undrafted,Undrafted,Undrafted,Undrafted,Undrafted,Undrafted
855,Isaiah Wong,Indiana Pacers,Miami (FL),2023,2,25,55
856,Jordan Ford,Undrafted,Undrafted,Undrafted,Undrafted,Undrafted,Undrafted
857,Markquis Nowell,Undrafted,Undrafted,Undrafted,Undrafted,Undrafted,Undrafted
858,Leonard Miller,San Antonio Spurs,Ignite (G League),2023,2,3,33
859,Jordan Walsh,Sacramento Kings,Arkansas,2023,2,8,38
860,Jordan Miller,LA Clippers,Miami (FL),2023,2,18,48
861,Jalen Hood-Schifino,Los Angeles Lakers,Indiana,2023,1,17,17
862,Jett Howard,Orlando Magic,Michigan,2023,1,11,11
863,Jalen Pickett,Indiana Pacers,Penn State,2023,2,2,32
864,Seth Lundy,Atlanta Hawks,Penn State,2023,2,16,46
865,Ibou Badji,Undrafted,Undrafted,Undrafted,Undrafted,Undrafted,Undrafted
866,Adam Flagler,Undrafted,Undrafted,Undrafted,Undrafted,Undrafted,Undrafted
867,Colin Castleton,Undrafted,Undrafted,Undrafted,Undrafted,Undrafted,Undrafted
868,Dariq Whitehead,Brooklyn Nets,Duke,2023,1,22,22
869,Jacob Toppin,Undrafted,Undrafted,Undrafted,Undrafted,Undrafted,Undrafted
870,Jermaine Samuels Jr.,Undrafted,Undrafted,Undrafted,Undrafted,Undrafted,Undrafted
871,Nathan Mensah,Undrafted,Undrafted,Undrafted,Undrafted,Undrafted,Undrafted
872,Chris Livingston,Milwaukee Bucks,Kentucky,2023,2,28,58
873,Keyontae Johnson,Oklahoma City Thunder,Kansas State,2023,2,20,50
874,Hunter Tyson,Oklahoma City Thunder,Clemson,2023,2,7,37
875,Filip Petrusev,Philadelphia 76ers,KK Mega Leks (Serbia),2021,2,20,50
876,Jalen Slawson,Sacramento Kings,Furman,2023,2,24,54
877,Pat Spencer,Undrafted,Undrafted,Undrafted,Undrafted,Undrafted,Undrafted
878,E.J. Liddell,New Orleans Pelicans,Ohio State,2022,2,11,41
879,Pete Nance,Undrafted,Undrafted,Undrafted,Undrafted,Undrafted,Undrafted
880,Maxwell Lewis,Denver Nuggets,Pepperdine,2023,2,10,40
881,Andrew Funk,Undrafted,Undrafted,Undrafted,Undrafted,Undrafted,Undrafted
882,Dmytro Skapintsev,Undrafted,Undrafted,Undrafted,Undrafted,Undrafted,Undrafted
883,Jalen Crutcher,Undrafted,Undrafted,Undrafted,Undrafted,Undrafted,Undrafted
884,Kaiser Gates,Undrafted,Undrafted,Undrafted,Undrafted,Undrafted,Undrafted
885,Malcolm Cazalon,Undrafted,Undrafted,Undrafted,Undrafted,Undrafted,Undrafted
886,Jared McCain,Philadelphia 76ers,Duke,2024,1,16,16
887,Stephon Castle,San Antonio Spurs,Connecticut,2024,1,4,4
888,Tolu Smith,Undrafted,Undrafted,Undrafted,Undrafted,Undrafted,Undrafted
889,Alex Sarr,Washington Wizards,Perth Wildcats (Australia),2024,1,2,2
890,Zaccharie Risacher,Atlanta Hawks,JL Bourg (France),2024,1,1,1
891,Drew Timme,Undrafted,Undrafted,Undrafted,Undrafted,Undrafted,Undrafted
892,Guerschon Yabusele,Boston Celtics,SPO Rouen Basket,2016,1,16,16
893,Jaylen Wells,Memphis Grizzlies,Washington State,2024,2,9,39
894,Keion Brooks Jr.,Undrafted,Undrafted,Undrafted,Undrafted,Undrafted,Undrafted
895,Justin Edwards,Undrafted,Undrafted,Undrafted,Undrafted,Undrafted,Undrafted
896,Bub Carrington,Portland Trail Blazers,Pittsburgh,2024,1,14,14
897,Kyle Filipowski,Utah Jazz,Duke,2024,2,2,32
898,Kel'el Ware,Miami Heat,Indiana,2024,1,15,15
899,Zach Edey,Memphis Grizzlies,Purdue,2024,1,9,9
900,Yves Missi,New Orleans Pelicans,Baylor,2024,1,21,21
901,Dalton Knecht,Los Angeles Lakers,Tennessee,2024,1,17,17
902,Kyshawn George,New York Knicks,Miami (FL),2024,1,24,24
903,Isaiah Collier,Utah Jazz,Southern California,2024,1,29,29
904,Ja'Kobe Walter,Toronto Raptors,Baylor,2024,1,19,19
905,Matas Buzelis,Chicago Bulls,Ignite (G League),2024,1,11,11
906,Quinten Post,Golden State Warriors,Boston College,2024,2,22,52
907,Tyson Etienne,Undrafted,Undrafted,Undrafted,Undrafted,Undrafted,Undrafted
908,KJ Simpson,Charlotte Hornets,Colorado,2024,2,12,42
909,Karlo Matković,New Orleans Pelicans,Mega Mozzart (Serbia),2022,2,22,52
910,AJ Johnson,Milwaukee Bucks,Illawarra (Australia),2024,1,23,23
911,Damion Baugh,Undrafted,Undrafted,Undrafted,Undrafted,Undrafted,Undrafted
912,Tristan da Silva,Orlando Magic,Colorado,2024,1,18,18
913,Nae'Qwan Tomlin,Undrafted,Undrafted,Undrafted,Undrafted,Undrafted,Undrafted
914,Daeqwon Plowden,Undrafted,Undrafted,Undrafted,Undrafted,Undrafted,Undrafted
915,Jamal Shead,Sacramento Kings,Houston,2024,2,15,45
916,Jamison Battle,Undrafted,Undrafted,Undrafted,Undrafted,Undrafted,Undrafted
917,Jaylen Sims,Undrafted,Undrafted,Undrafted,Undrafted,Undrafted,Undrafted
918,Antonio Reeves,Orlando Magic,Kentucky,2024,2,17,47
919,Ryan Dunn,Denver Nuggets,Virginia,2024,1,28,28
920,Marcus Bagley,Undrafted,Undrafted,Undrafted,Undrafted,Undrafted,Undrafted
921,Donovan Clingan,Portland Trail Blazers,Connecticut,2024,1,7,7
922,Ajay Mitchell,New York Knicks,California-Santa Barbara,2024,2,8,38
923,Ronald Holland II,Detroit Pistons,Ignite (G League),2024,1,5,5
924,Jonathan Mogbo,Toronto Raptors,San Francisco,2024,2,1,31
925,N'Faly Dante,Undrafted,Undrafted,Undrafted,Undrafted,Undrafted,Undrafted
926,Tidjane Salaün,Charlotte Hornets,Cholet Basket (France),2024,1,6,6
927,Adem Bona,Philadelphia 76ers,California-Los Angeles,2024,2,11,41
928,Keaton Wallace,Undrafted,Undrafted,Undrafted,Undrafted,Undrafted,Undrafted
929,Alex Reese,Undrafted,Undrafted,Undrafted,Undrafted,Undrafted,Undrafted
930,Jaylen Martin,Undrafted,Undrafted,Undrafted,Undrafted,Undrafted,Undrafted
931,Cody Williams,Utah Jazz,Colorado,2024,1,10,10
932,Pelle Larsson,Houston Rockets,Arizona,2024,2,14,44
933,Rob Dillingham,San Antonio Spurs,Kentucky,2024,1,8,8
934,Reed Sheppard,Houston Rockets,Kentucky,2024,1,3,3
935,Terrence Shannon Jr.,Minnesota Timberwolves,Illinois,2024,1,27,27
936,Cam Spencer,Detroit Pistons,Connecticut,2024,2,23,53
937,Oso Ighodaro,Portland Trail Blazers,Marquette,2024,2,10,40
938,Jaylen Clark,Minnesota Timberwolves,California-Los Angeles,2023,2,23,53
939,Devin Carter,Sacramento Kings,Providence,2024,1,13,13
940,Branden Carlson,Undrafted,Undrafted,Undrafted,Undrafted,Undrafted,Undrafted
941,Jackson Rowe,Undrafted,Undrafted,Undrafted,Undrafted,Undrafted,Undrafted
942,Baylor Scheierman,Boston Celtics,Creighton,2024,1,30,30
943,Jaylon Tyson,Cleveland Cavaliers,California,2024,1,20,20
944,Isaac Jones,Undrafted,Undrafted,Undrafted,Undrafted,Undrafted,Undrafted
945,Elijah Harkless,Undrafted,Undrafted,Undrafted,Undrafted,Undrafted,Undrafted
946,Kylor Kelley,Undrafted,Undrafted,Undrafted,Undrafted,Undrafted,Undrafted
947,Tyler Smith,Milwaukee Bucks,Ignite (G League),2024,2,3,33
948,RayJ Dennis,Undrafted,Undrafted,Undrafted,Undrafted,Undrafted,Undrafted
949,Keshad Johnson,Undrafted,Undrafted,Undrafted,Undrafted,Undrafted,Undrafted
950,Reece Beekman,Undrafted,Undrafted,Undrafted,Undrafted,Undrafted,Undrafted
951,Dillon Jones,Washington Wizards,Weber State,2024,1,26,26
952,Miles Norris,Undrafted,Undrafted,Undrafted,Undrafted,Undrafted,Undrafted
953,Bronny James,Los Angeles Lakers,Southern California,2024,2,25,55
954,Enrique Freeman,Indiana Pacers,Akron,2024,2,20,50
955,Johnny Furphy,San Antonio Spurs,Kansas,2024,2,5,35
956,Tyler Kolek,Portland Trail Blazers,Marquette,2024,2,4,34
957,Ariel Hukporti,Dallas Mavericks,MHP Riesen (Germany),2024,2,28,58
958,Bobi Klintman,Minnesota Timberwolves,Cairns Taipans (Australia),2024,2,7,37
959,Jahmir Young,Undrafted,Undrafted,Undrafted,Undrafted,Undrafted,Undrafted
960,Trentyn Flowers,Undrafted,Undrafted,Undrafted,Undrafted,Undrafted,Undrafted
961,PJ Hall,Undrafted,Undrafted,Undrafted,Undrafted,Undrafted,Undrafted
962,Alex Ducas,Undrafted,Undrafted,Undrafted,Undrafted,Undrafted,Undrafted
963,Emanuel Miller,Undrafted,Undrafted,Undrafted,Undrafted,Undrafted,Undrafted
964,Pacôme Dadiet,New York Knicks,Ratiopharm Ulm (Germany),2024,1,25,25
965,Yuki Kawamura,Undrafted,Undrafted,Undrafted,Undrafted,Undrafted,Undrafted
966,Phillip Wheeler,Undrafted,Undrafted,Undrafted,Undrafted,Undrafted,Undrafted
967,Armel Traore,Undrafted,Undrafted,Undrafted,Undrafted,Undrafted,Undrafted
968,Jack McVeigh,Undrafted,Undrafted,Undrafted,Undrafted,Undrafted,Undrafted
969,Jazian Gortman,Undrafted,Undrafted,Undrafted,Undrafted,Undrafted,Undrafted
970,Kevin McCullar Jr.,Phoenix Suns,Kansas,2024,2,26,56
971,Quincy Olivari,Undrafted,Undrafted,Undrafted,Undrafted,Undrafted,Undrafted
972,Cam Christie,LA Clippers,Minnesota,2024,2,16,46
973,Trey Alexander,Undrafted,Undrafted,Undrafted,Undrafted,Undrafted,Undrafted
974,Spencer Jones,Undrafted,Undrafted,Undrafted,Undrafted,Undrafted,Undrafted
975,Skal Labissiere,Sacramento Kings,Kentucky,2016,1,28,28
976,Jalen Bridges,Undrafted,Undrafted,Undrafted,Undrafted,Undrafted,Undrafted
977,Daniss Jenkins,Undrafted,Undrafted,Undrafted,Undrafted,Undrafted,Undrafted
978,Luke Travers,Cleveland Cavaliers,Perth Wildcats (Australia),2022,2,26,56
979,Yuri Collins,Undrafted,Undrafted,Undrafted,Undrafted,Undrafted,Undrafted
980,Anton Watson,Boston Celtics,Gonzaga,2024,2,24,54
981,Isaiah Crawford,Undrafted,Undrafted,Undrafted,Undrafted,Undrafted,Undrafted
982,Harrison Ingram,San Antonio Spurs,North Carolina,2024,2,18,48
983,Ulrich Chomche,Memphis Grizzlies,APR BBC (Rwanda),2024,2,27,57
984,Liam Robbins,Undrafted,Undrafted,Undrafted,Undrafted,Undrafted,Undrafted
985,Cui Cui,Undrafted,Undrafted,Undrafted,Undrafted,Undrafted,Undrafted
986,Tristen Newton,Indiana Pacers,Connecticut,2024,2,19,49
987,Malevy Leons,Undrafted,Undrafted,Undrafted,Undrafted,Undrafted,Undrafted
988,Isaiah Stevens,Undrafted,Undrafted,Undrafted,Undrafted,Undrafted,Undrafted
989,Jesse Edwards,Undrafted,Undrafted,Undrafted,Undrafted,Undrafted,Undrafted
990,Riley Minix,Undrafted,Undrafted,Undrafted,Undrafted,Undrafted,Undrafted
991,Zyon Pullin,Undrafted,Undrafted,Undrafted,Undrafted,Undrafted,Undrafted
