player_name_norm,season,table_years,spotrac_min_block_years,spotrac_totals
austin rivers,2019,1,2,4543981
david nwaba,2019,1,2,3502857
jakarr sampson,2019,2,1,1737145
mario hezonja,2019,1,2,3714156
rajon rondo,2019,1,2,5184358
wesley matthews,2019,1,2,5257744
deandre' bembry,2020,1,2,3714156
dwayne bacon,2020,1,2,3502857
jahlil okafor,2020,1,2,4012890
marc gasol,2020,1,2,5257744
nicolas batum,2020,2,1,2564753
wes iwundu,2020,1,2,3502857
wesley matthews,2021,2,1,1958501
aaron holiday,2022,2,1,1968175
anthony gill,2022,4,2,3833328
davon reed,2022,1,2,3968718
markieff morris,2022,2,1,2905851
montrezl harrell,2022,1,2,5223516
nathan knight,2022,1,2,3833328
bol bol,2023,2,1,2165000
deandre jordan,2023,3,1,3196448
derrick rose,2023,1,2,6552719
drew eubanks,2023,1,2,5001258
garrett temple,2023,3,1,3196448
javale mcgee,2023,5,1,3196448
josh richardson,2023,1,2,5942620
keita bates-diop,2023,1,2,5001258
mo bamba,2023,2,1,2346614
oshae brissett,2023,1,2,4628946
sandro mamukelashvili,2023,2,1,2019706
thomas bryant,2023,1,2,5373575
torrey craig,2023,1,2,5373575
tristan thompson,2023,2,1,3196448
yuta watanabe,2023,1,2,5001258
doug mcdermott,2024,2,1,3303771
james wiseman,2024,1,2,4784366
joe ingles,2024,2,1,3303771
jordan mclaughlin,2024,2,1,2425403
kyle lowry,2024,2,1,3303771
luka garza,2024,3,2,4512184
mason plumlee,2024,2,1,3303771
russell westbrook,2024,1,2,6772731
thomas bryant,2024,2,1,2800834
taurean prince,2025,1,2,7119635
