player_name,age,predicted_cap_pct,predicted_salary,actual_salary,diff,darko_dpm,lebron,rapm,bpm,minutes,usage_pct
Kawhi Leonard,34,0.327743,"$50,340,668.00","$50,300,000.00","$40,668.00",5.88,5.375744007,8.303,8,2085,33.5
Giannis Antetokounmpo,31,0.3176072,"$48,783,828.00","$58,456,566.00","-$9,672,738.00",5.14,4.309623533,7.952,9.5,1039,37
Nikola Jokic,30,0.31231874,"$47,971,536.00","$59,033,114.00","-$11,061,578.00",7.03,6.797957959,9.496,14.2,2265,30.4
Luka Doncic,26,0.3090497,"$47,469,416.00","$49,800,000.00","-$2,330,584.00",4.46,5.20277373,5.571,9.3,2289,38.1
Jaylen Brown,29,0.3022596,"$46,426,468.00","$57,078,728.00","-$10,652,260.00",1.78,2.204604361,2.416,3.3,2443,36.2
Shai Gilgeous-Alexander,27,0.30153376,"$46,314,984.00","$40,806,150.00","$5,508,834.00",5.62,6.226180976,9.654,11.7,2259,33.4
Ty Jerome,28,0.29508936,"$45,325,136.00","$9,220,050.00","$36,105,086.00",2.3,2.841851407,5.576,7.7,339,32.7
LaMelo Ball,24,0.2939191,"$45,145,384.00","$40,770,520.00","$4,374,864.00",2.59,3.200478911,3.415,4.7,2017,32
Jalen Brunson,29,0.29032364,"$44,593,132.00","$37,739,521.00","$6,853,611.00",3.39,2.166737208,2.199,3.1,2590,30.4
Bam Adebayo,28,0.2850025,"$43,775,812.00","$49,800,000.00","-$6,024,188.00",2.26,3.496504197,1.932,2,2365,25
Jayson Tatum,27,0.28198263,"$43,311,970.00","$58,456,566.00","-$15,144,598.00",3.41,3.699934005,4.387,4.8,522,30
De'Aaron Fox,28,0.28179672,"$43,283,412.00","$49,800,000.00","-$6,516,588.00",2.16,2.099030658,2.838,2.2,2231,24.9
Kevin Durant,37,0.280934,"$43,150,900.00","$43,902,439.00","-$751,539.00",3.17,1.950822049,3.077,4.5,2840,27.1
Scottie Barnes,24,0.27502254,"$42,242,910.00","$41,754,690.00","$488,222.00",2.88,2.882889016,3.606,4.2,2681,23.4
Stephen Curry,37,0.27500996,"$42,240,980.00","$62,587,158.00","-$20,346,178.00",1.99,2.759624098,3.229,5.4,1329,32.5
Ja Morant,26,0.27377683,"$42,051,572.00","$42,166,510.00","-$114,938.00",0.89,0.735119036,-1.947,-1.5,569,32.5
Donovan Mitchell,29,0.27341738,"$41,996,364.00","$50,105,628.00","-$8,109,264.00",3.87,3.805424546,5.589,5.1,2342,32.2
James Harden,36,0.27051356,"$41,550,344.00","$42,317,307.00","-$766,963.00",2.64,2.624443452,2.028,3.8,1559,31.2
Jamal Murray,28,0.2676659,"$41,112,944.00","$50,105,628.00","-$8,992,684.00",2.8,1.552591832,3.693,4.1,2652,27.9
Joel Embiid,31,0.26660722,"$40,950,336.00","$58,100,000.00","-$17,149,664.00",2.59,2.053978195,1.873,4.9,1201,33.5
Devin Booker,29,0.26592755,"$40,845,940.00","$57,078,728.00","-$16,232,788.00",1.99,2.269559667,2.793,2.2,2146,32.2
Pascal Siakam,31,0.26208627,"$40,255,930.00","$48,924,624.00","-$8,668,696.00",1.07,0.875398053,1.345,0.7,2057,30.1
Franz Wagner,24,0.25549802,"$39,243,984.00","$41,754,690.00","-$2,510,706.00",1.58,1.734773017,2.467,2.5,1019,27
Cade Cunningham,24,0.25356653,"$38,947,310.00","$50,105,628.00","-$11,158,316.00",3.64,5.192168744,4.266,6.3,2172,30.5
Karl-Anthony Towns,30,0.25348726,"$38,935,136.00","$57,078,728.00","-$18,143,592.00",3.57,3.088648097,2.338,3.3,2322,25.9
Tyrese Maxey,25,0.25284207,"$38,836,036.00","$40,770,520.00","-$1,934,484.00",1.79,2.626476477,3.856,5.4,2661,29.4
Stephon Castle,21,0.25185585,"$38,684,556.00","$10,015,920.00","$28,668,636.00",2.01,1.517444411,1.793,1.9,2038,24.9
LeBron James,41,0.25135168,"$38,607,116.00",,"-$14,020,037.00",1.31,2.598437666,2.865,3.5,1989,27.2
Chet Holmgren,23,0.25014699,"$38,422,076.00","$41,500,000.00","-$3,077,924.00",3.29,4.715564582,4.794,4.2,1997,21.9
Jimmy Butler,36,0.24843776,"$38,159,544.00","$56,832,773.00","-$18,673,229.00",1.92,,6.242,5.5,1182,23.3
Deni Avdija,25,0.24673922,"$37,898,652.00","$13,125,000.00","$24,773,652.00",0.98,2.255913032,1.864,4.3,2199,29.3
Anthony Davis,32,0.24446858,"$37,549,884.00","$58,456,566.00","-$20,906,682.00",1.59,1.900166025,2.525,2.4,626,27.5
Jalen Johnson,24,0.24366215,"$37,426,020.00","$30,000,000.00","$7,426,020.00",0.4,1.87186087,2.638,4.2,2532,27
Evan Mobley,24,0.24022505,"$36,898,090.00","$50,105,628.00","-$13,207,540.00",1.81,3.167231012,2.769,3,2074,22.6
Derrick White,31,0.23844351,"$36,624,450.00","$30,348,000.00","$6,276,448.00",1.54,4.498096381,3.938,3.2,2625,22
Darius Garland,26,0.23824109,"$36,593,356.00","$42,166,510.00","-$5,573,154.00",0.96,0.528605589,-1.49,-1.6,792,25.8
Lauri Markkanen,28,0.23793474,"$36,546,300.00","$46,113,154.00","-$9,566,854.00",1.61,1.041254313,2.764,2.6,1443,28.1
Jalen Williams,24,0.23738587,"$36,461,996.00","$41,500,000.00","-$5,038,004.00",1.32,1.386865252,3.878,2.1,936,26.2
Desmond Bane,27,0.23429956,"$35,987,944.00","$39,446,090.00","-$3,458,146.00",0.73,1.326667082,2.486,1.4,2756,23.3
Paolo Banchero,23,0.23179655,"$35,603,490.00","$41,500,000.00","-$5,896,512.00",0.29,1.030165176,0.631,1.4,2502,27.6
Ryan Rollins,23,0.22291252,"$34,238,916.00","$4,000,000.00","$30,238,916.00",1.16,-1.00727026,0.657,0.2,2376,24.2
Paul Reed,26,0.22025408,"$33,830,584.00","$5,602,689.00","$28,227,895.00",1.52,2.789886886,5.186,5.3,901,20.6
Aaron Gordon,30,0.21669716,"$33,284,250.00","$33,658,037.00","-$373,787.00",2.11,0.611814108,3.25,1.7,1005,21.9
Anthony Edwards,24,0.21581241,"$33,148,356.00","$48,924,624.00","-$15,776,268.00",3.58,1.191730149,3.955,4.5,2137,31.5
Brandon Miller,23,0.21027252,"$32,297,438.00","$15,104,626.00","$17,192,812.00",0.71,1.568559445,2.453,1.6,1968,28.1
Michael Porter Jr.,27,0.20910236,"$32,117,704.00","$40,806,150.00","-$8,688,446.00",1.35,0.238576262,1.41,3,1689,30.5
Austin Reaves,27,0.20731728,"$31,843,520.00","$14,898,786.00","$16,944,734.00",1.02,1.900495698,3.43,2.8,1762,26.7
Dylan Harper,19,0.20703562,"$31,800,256.00","$12,989,040.00","$18,811,216.00",1.6,1.213301745,2.692,1.4,1558,21.8
Trae Young,27,0.20695376,"$31,787,684.00",,"-$14,606,416.00",0.59,1.26624079,0.697,1.8,280,28.8
Brandon Ingram,28,0.20641315,"$31,704,646.00","$40,000,000.00","-$8,295,354.00",0.64,-0.254296093,-0.381,0.5,2604,26.9
Nickeil Alexander-Walker,27,0.20236059,"$31,082,182.00","$14,403,710.00","$16,678,472.00",0.85,0.825459255,2.466,1.2,2603,23.9
Zion Williamson,25,0.20145774,"$30,943,506.00","$42,166,510.00","-$11,223,004.00",0.88,0.361655645,2.929,2.9,1841,25.7
OG Anunoby,28,0.2010576,"$30,882,044.00","$42,500,000.00","-$11,617,956.00",3.59,1.871807441,3.415,2,2224,19.7
Jalen Duren,22,0.19779211,"$30,380,472.00",,"$23,897,328.00",1.75,4.024624988,4.948,5,1976,23.6
Tristan Vukcevic,22,0.19539894,"$30,012,886.00",,,0.8,-0.170050684,-3.47,0,671,26.6
Ajay Mitchell,23,0.19289348,"$29,628,052.00","$2,850,000.00","$26,778,052.00",0.95,2.211176801,4.022,1.9,1473,21.8
Kevin Porter Jr.,25,0.19271137,"$29,600,080.00","$5,390,700.00","$24,209,380.00",0.45,1.047090871,2.308,2.1,1261,24.3
Ausar Thompson,23,0.1921459,"$29,513,226.00","$11,117,925.00","$18,395,301.00",0.84,2.93419354,4.636,3.1,1896,16.9
Jarrett Allen,27,0.18973413,"$29,142,784.00","$28,000,000.00","$1,142,784.00",2.62,2.525334913,3.015,2.6,1519,19.9
Julius Randle,31,0.18839502,"$28,937,098.00","$33,333,334.00","-$4,396,236.00",-0.58,0.167797314,1.984,1.5,2610,26.5
Josh Giddey,23,0.18600431,"$28,569,890.00","$25,000,000.00","$3,569,890.00",0.15,0.309513355,-0.083,2.7,1731,24.4
Dejounte Murray,29,0.18503341,"$28,420,762.00","$32,785,071.00","-$4,364,309.00",0.4,1.309853841,1.193,1.4,389,26.6
Kon Knueppel,20,0.18379681,"$28,230,822.00","$10,516,560.00","$17,714,262.00",0.03,1.107721164,2.439,2.8,2551,22.3
Paul George,35,0.183748,"$28,223,326.00","$54,126,380.00","-$25,903,054.00",1.07,1.684364613,2.837,1.7,1135,23.3
Amen Thompson,23,0.18244156,"$28,022,660.00","$12,258,609.00","$15,764,051.00",1.23,1.576957925,2.946,2.6,2953,20
Miles Bridges,27,0.1802776,"$27,690,278.00","$22,826,087.00","$4,864,191.00",0.14,1.247433834,1.576,1.1,2387,22.3
Trey Murphy III,25,0.18011291,"$27,664,984.00","$27,000,000.00","$664,984.00",0.07,1.104674421,2.101,2.4,2341,22.7
Cooper Flagg,19,0.17942178,"$27,558,826.00","$14,517,480.00","$13,041,346.00",-0.13,0.091848046,0.881,1.4,2344,26.9
Rudy Gobert,33,0.17917584,"$27,521,050.00","$36,500,000.00","-$8,978,950.00",1.93,1.541712023,0.794,1,2380,12.9
Neemias Queta,26,0.17895496,"$27,487,124.00","$2,667,944.00","$24,819,180.00",1.02,3.686041798,3.922,2.8,1926,14.7
CJ McCollum,34,0.17893516,"$27,484,082.00","$21,000,000.00","$6,484,082.00",1.15,0.390066036,0.814,0.9,1182,26.9
Mikal Bridges,29,0.17857921,"$27,429,410.00","$33,482,145.00","-$6,052,735.00",0.47,2.03030037,2.966,2.7,2692,17.3
Fred VanVleet,,0.17779286,"$27,308,628.00","$25,000,000.00","$2,308,628.00",0.94,,,,,
Tyrese Haliburton,,0.17524225,"$26,916,858.00","$48,924,624.00","-$22,007,766.00",2.6,,,,,
Norman Powell,32,0.1740244,"$26,729,800.00",,"$6,247,042.00",0.51,0.852068426,1.64,1.6,1717,27.2
Isaiah Hartenstein,27,0.17336218,"$26,628,084.00","$28,500,000.00","-$1,871,916.00",2.43,3.017607471,3.11,4.2,1137,16.1
Jalen Suggs,24,0.17029233,"$26,156,562.00","$32,400,000.00","-$6,243,438.00",1.21,1.810539954,2.371,2.5,1574,22.9
Mitchell Robinson,27,0.17025621,"$26,151,014.00",,"$13,196,468.00",2.85,2.884813829,3.589,3.5,1175,10.7
Dyson Daniels,22,0.16968581,"$26,063,402.00","$25,000,000.00","$1,063,402.00",0.76,2.181559908,3.657,1.3,2520,16
Sandro Mamukelashvili,26,0.16929464,"$26,003,318.00","$2,801,346.00","$23,201,972.00",1.45,1.992269211,1.782,2.8,1751,18.8
Immanuel Quickley,26,0.16865143,"$25,904,522.00","$32,500,000.00","-$6,595,478.00",0.88,2.191328216,1.854,2.4,2231,21.1
DeMar DeRozan,36,0.16858537,"$25,894,376.00","$25,740,000.00","$154,376.00",-1.6,-0.511228404,0.32,-0.1,2406,22.8
Brandon Clarke,29,0.16832972,"$25,855,108.00","$12,500,000.00","$13,355,108.00",1.16,-0.391070927,0.393,-4.9,20,22.4
RJ Barrett,25,0.1680694,"$25,815,124.00","$29,616,071.00","-$3,800,947.00",0.62,1.093559786,1.083,0.2,1726,25.8
Brandon Williams,26,0.16654824,"$25,581,476.00",,"$23,310,741.00",-0.06,1.261325749,-0.521,0.4,1463,25.1
Payton Pritchard,28,0.16648063,"$25,571,092.00","$7,767,857.00","$17,803,235.00",0.47,2.619879355,1.803,2.3,2556,21.4
Devin Vassell,25,0.16469832,"$25,297,332.00","$27,000,000.00","-$1,702,668.00",1.11,-0.189579312,2.189,0.5,2044,18
Brandon Williams,26,0.16377832,"$25,156,022.00",,"$22,885,287.00",-0.06,1.261325749,-0.521,0.4,1463,25.1
Donovan Clingan,21,0.16257022,"$24,970,462.00","$7,519,920.00","$17,450,542.00",0.92,3.603034847,1.746,3,2094,16.9
Shaedon Sharpe,22,0.16172743,"$24,841,010.00","$20,089,287.00","$4,751,723.00",0.03,-0.682785219,0.061,-1.4,1471,30.5
Jaren Jackson Jr.,,0.15994193,"$24,566,760.00","$49,000,000.00","-$24,433,240.00",1.41,-0.613445263,,,,
Mouhamed Gueye,23,0.15956014,"$24,508,118.00","$2,406,205.00","$22,101,913.00",1.03,0.707459063,-0.226,-1.3,1179,12.4
Reed Sheppard,21,0.15897183,"$24,417,756.00","$11,108,880.00","$13,308,876.00",0.02,-0.548749191,2.91,2.7,2147,21.7
Herbert Jones,27,0.15755005,"$24,199,372.00","$14,898,786.00","$9,300,586.00",0.84,-0.237642421,-1.225,-3.1,1588,15.2
Donte DiVincenzo,29,0.15629977,"$24,007,332.00","$12,535,000.00","$11,472,332.00",1.44,0.329213034,1.72,0.8,2494,16.9
Ivica Zubac,28,0.15568294,"$23,912,588.00","$20,342,140.00","$3,570,448.00",1.22,0.401298999,-1.216,0.1,1328,19
Jrue Holiday,35,0.1554994,"$23,884,396.00","$34,800,000.00","-$10,915,604.00",0.3,1.340600285,1.547,1.9,1560,23.5
Jeremiah Fears,19,0.15441671,"$23,718,098.00","$7,896,240.00","$15,821,858.00",-0.79,-0.600212305,-2.905,-2.7,2112,25.5
Day'Ron Sharpe,24,0.15424658,"$23,691,966.00","$6,250,000.00","$17,441,966.00",1.26,0.63382881,1.481,1.4,1160,19.9
Cason Wallace,22,0.15407346,"$23,665,376.00","$7,420,806.00","$16,244,570.00",1.55,1.929329037,3.585,1.2,2046,14.5
Andrew Nembhard,26,0.15353538,"$23,582,728.00","$19,550,160.00","$4,032,568.00",-0.21,0.375562527,-1.131,-0.8,1786,23.6
Anfernee Simons,26,0.15343237,"$23,566,906.00",,"-$4,111,665.00",-1.4,0.60208253,0.953,0.6,1202,23.7
T.J. McConnell,33,0.15338998,"$23,560,394.00","$11,000,000.00","$12,560,394.00",-0.47,0.913213305,2.795,2.5,963,23.2
Jalen Smith,25,0.1530994,"$23,515,762.00","$9,428,571.00","$14,087,191.00",1.18,1.329183533,-0.337,-0.7,1095,19
Jakob Poeltl,30,0.15288432,"$23,482,726.00","$19,500,000.00","$3,982,726.00",2.21,-0.321787439,0.901,1.6,1149,15.3
Saddiq Bey,26,0.15194626,"$23,338,642.00","$6,440,678.00","$16,897,964.00",-0.44,0.167521381,0.639,0.5,2246,21.6
De'Anthony Melton,27,0.15184163,"$23,322,570.00","$3,451,779.00","$19,870,791.00",0.61,0.77778814,-0.463,-2.5,1125,25.4
Grayson Allen,30,0.15131561,"$23,241,776.00","$18,125,000.00","$5,116,776.00",0.4,1.272255595,2.109,2.1,1467,23.8
Scotty Pippen Jr.,25,0.15102543,"$23,197,204.00","$2,461,462.00","$20,735,742.00",0.12,-0.564866976,-0.521,-2.8,212,26.1
Anthony Black,22,0.15004912,"$23,047,244.00","$10,106,316.00","$12,940,928.00",0.32,0.620048495,-0.256,-0.6,1910,22.2
Obi Toppin,27,0.15003444,"$23,044,990.00","$15,000,000.00","$8,044,990.00",-0.27,1.20616543,1.628,3,424,24.8
Collin Sexton,27,0.14985596,"$23,017,576.00",,"$4,042,576.00",-0.3,-0.342513019,1.639,1.2,938,25.7
Onyeka Okongwu,25,0.14919336,"$22,915,802.00","$16,120,000.00","$6,795,802.00",1.32,1.28834084,-0.165,0.7,2297,19.5
Bobby Portis,30,0.1491322,"$22,906,408.00","$14,521,414.00","$8,384,994.00",-0.93,-1.707759737,-0.418,0,1619,23.1
Keyonte George,22,0.14890318,"$22,871,230.00","$6,563,925.00","$16,307,305.00",-1.07,-1.033451742,-0.786,0.9,1786,27.9
VJ Edgecombe,20,0.14874642,"$22,847,152.00","$11,663,880.00","$11,183,272.00",-0.48,-0.16151926,0.951,-0.5,2623,20.1
Coby White,25,0.14867157,"$22,835,656.00",,"$9,946,767.00",0.22,0.245016213,-0.612,-3.3,843,27.1
jimmy butler iii,,0.14834177,"$22,785,000.00",,,,2.754870367,,,,
Dillon Brooks,30,0.14801927,"$22,735,464.00","$19,992,727.00","$2,742,737.00",-0.21,-0.832382901,-1.04,-2.3,1702,28.6
Jalen Green,23,0.14800516,"$22,733,296.00","$36,251,166.00","-$13,517,870.00",0.02,-0.39462838,-0.677,-1.1,828,31.9
Tyler Herro,26,0.14603356,"$22,430,462.00","$33,000,000.00","-$10,569,538.00",0.55,0.078871738,0.767,2,1033,24.7
Jaime Jaquez Jr.,24,0.14589971,"$22,409,904.00","$5,939,141.00","$16,470,763.00",-0.48,-0.729545548,0.129,0.1,2121,22.3
Derik Queen,21,0.1451109,"$22,288,744.00","$5,416,080.00","$16,872,664.00",-0.51,0.012838335,-2.416,-0.8,2023,21.8
Cedric Coward,22,0.14510712,"$22,288,164.00","$6,001,080.00","$16,287,084.00",-0.25,-1.578084489,-0.139,-0.2,1598,21.5
Alex Caruso,31,0.14506009,"$22,280,940.00","$19,550,160.00","$2,730,780.00",2.04,2.256691462,3.593,1.9,1020,15.7
Naz Reid,26,0.14434144,"$22,170,556.00","$23,275,862.00","-$1,105,306.00",0.21,1.40933694,-0.363,0.9,2007,22.1
Naji Marshall,28,0.14416325,"$22,143,188.00","$9,428,571.00","$12,714,617.00",-1.41,-0.803674231,0.525,-0.6,2184,20.5
Victor Wembanyama,22,0.14409028,"$22,131,978.00","$16,868,246.00","$5,263,732.00",6.36,7.91769739,8.161,10.7,1866,32.4
Dwight Powell,34,0.14327314,"$22,006,468.00",,"$18,006,468.00",0.83,-0.540584113,-1.518,-1.4,904,8.9
Matas Buzelis,21,0.14305241,"$21,972,564.00","$5,715,360.00","$16,257,204.00",-0.82,-0.95599345,-1.302,-1,2248,22.8
Kyle Filipowski,22,0.14241502,"$21,874,662.00","$3,000,000.00","$18,874,662.00",0.46,-0.455372342,-1.747,-1.1,1801,20
Isaiah Collier,21,0.14174876,"$21,772,326.00","$2,763,960.00","$19,008,366.00",-1.76,-1.337407534,-2.617,-2.4,1517,20.4
Domantas Sabonis,29,0.14129458,"$21,702,566.00","$45,472,000.00","-$23,769,434.00",-0.72,1.65129174,-2.054,0.6,564,23
Julian Champagnie,24,0.14077061,"$21,622,084.00","$3,000,000.00","$18,622,084.00",1.84,1.611297535,1.806,1.4,2266,15.2
Malik Monk,27,0.14002919,"$21,508,204.00","$20,190,035.00","$1,318,169.00",-0.77,-0.926603393,-1.848,-1.3,1364,24
nic claxton,26,0.13901919,"$21,353,070.00","$23,147,727.00","-$1,794,657.00",,-1.554624124,-1.406,0.9,1920,17.7
Justin Champagnie,24,0.13894537,"$21,341,732.00","$2,667,944.00","$18,673,788.00",0.71,-0.586262549,0.012,-0.4,1377,16.7
Tre Jones,26,0.13893342,"$21,339,896.00","$8,000,000.00","$13,339,896.00",-0.25,0.806221335,1.951,1.3,1752,19.2
Steven Adams,32,0.13866708,"$21,298,986.00","$13,000,000.00","$8,298,986.00",1.45,-0.72631913,0.151,-0.5,730,12.1
Collin Gillespie,26,0.13826248,"$21,236,840.00",,"$18,940,566.00",0.68,1.849261355,1.419,2.5,2282,18.7
Tari Eason,24,0.1375022,"$21,120,062.00",,"$15,444,296.00",0.64,0.163104764,0.679,-1.6,1549,18.7
Kel'el Ware,21,0.13732359,"$21,092,628.00","$4,654,920.00","$16,437,708.00",-0.05,1.473780831,0.661,2.1,1704,18
Cole Anthony,25,0.13727185,"$21,084,682.00","$3,700,000.00","$17,384,682.00",-1.56,-1.76345283,-5.614,-4.7,527,25.8
Wendell Carter Jr.,26,0.1361176,"$20,907,392.00","$18,102,000.00","$2,805,392.00",0.67,0.253735905,-0.487,-0.6,2288,15.6
Cam Thomas,24,0.13564567,"$20,834,904.00",,"$14,841,732.00",-1.56,-1.123847423,-4.749,-5.1,582,30.3
Kyshawn George,22,0.13562657,"$20,831,970.00","$3,108,000.00","$17,723,970.00",-1.08,-1.108276867,-2.404,-1.2,1391,22.8
Devin Carter,23,0.13546124,"$20,806,576.00","$5,158,080.00","$15,648,496.00",-0.26,0.459807367,-3.027,-2.6,700,23.5
alex sarr,20,0.13522637,"$20,770,500.00","$12,370,680.00","$8,399,820.00",,-0.253388269,-1.561,0.7,1305,25.7
Jarred Vanderbilt,26,0.13507822,"$20,747,744.00","$12,428,571.00","$8,319,173.00",0.63,-0.474666598,-1.231,-1.5,1128,12.4
Brice Sensabaugh,22,0.13433419,"$20,633,464.00","$4,862,237.00","$15,771,227.00",-0.51,-1.960485248,-2.837,-2.6,1762,24.9
Jonathan Isaac,28,0.13383922,"$20,557,436.00","$14,500,000.00","$6,057,436.00",0.69,0.671384596,-1.939,-1.6,521,12.4
Brandin Podziemski,22,0.13379331,"$20,550,384.00","$5,679,459.00","$14,870,925.00",0.56,0.577526373,0.68,0.2,2333,20.1
Jarace Walker,22,0.13342337,"$20,493,564.00","$8,478,542.00","$12,015,022.00",-1.65,-1.912626636,-3.145,-2.4,1953,20.7
Myles Turner,29,0.13338812,"$20,488,148.00","$26,584,164.00","-$6,096,016.00",-0.03,-0.304378613,-1.833,-0.9,1912,18.6
Kyle Kuzma,30,0.13328442,"$20,472,220.00","$20,345,152.00","$127,068.00",-2.88,-1.975807016,-1.645,-2.3,1806,21.8
Nique Clifford,23,0.13325194,"$20,467,230.00","$3,263,400.00","$17,203,830.00",-1.81,-1.225563581,-3.023,-4.9,1882,17
Deandre Ayton,27,0.1329478,"$20,420,516.00","$8,104,000.00","$12,316,516.00",0.17,-0.447609527,-0.74,-0.9,1958,16.7
Ace Bailey,19,0.13284191,"$20,404,252.00","$9,523,080.00","$10,881,172.00",-2.2,-2.687211075,-4.016,-4.4,1988,21.4
Gary Payton II,33,0.13222407,"$20,309,352.00",,"$18,013,078.00",-0.06,1.87419634,2.668,1.9,1142,18.4
Bol Bol,,0.13197303,"$20,270,794.00",,,0.45,,,,,
Jaylen Wells,22,0.13185528,"$20,252,708.00","$2,296,271.00","$17,956,437.00",-0.92,-1.895112648,-1.768,-3.1,1821,19.3
Zach LaVine,30,0.13165912,"$20,222,578.00","$48,967,380.00","-$28,744,802.00",-2.31,-0.967768408,-1.861,-1.5,1224,23.7
Keldon Johnson,26,0.13142325,"$20,186,348.00","$17,500,000.00","$2,686,348.00",-0.24,0.839238803,1.628,0.9,1911,21
Russell Westbrook,37,0.13119557,"$20,151,378.00",,"$17,855,104.00",-2.47,-0.319037033,-1.999,-0.4,1853,25.9
Jerami Grant,31,0.13100925,"$20,122,758.00","$34,206,898.00","-$14,084,140.00",-0.55,0.168188846,0.457,0,1695,23.8
Tobias Harris,33,0.13093926,"$20,112,008.00",,"-$6,522,138.00",0.63,1.657991116,2.152,1.4,1746,18.8
Cody Williams,21,0.13087222,"$20,101,712.00","$6,015,600.00","$14,086,112.00",-3,-2.959174738,-4.04,-5.5,1631,16
Peyton Watson,23,0.13013536,"$19,988,530.00",,"$15,632,054.00",-0.81,-1.251054585,0.179,-1.2,1598,20.6
Maxime Raynaud,22,0.13012771,"$19,987,356.00","$2,150,917.00","$17,836,439.00",-1.71,-1.982852115,-3.249,-2.4,1964,18.2
Will Riley,19,0.12978439,"$19,934,622.00","$3,688,320.00","$16,246,302.00",-2,-3.969849477,-3.876,-4.5,1633,20.2
Jay Huff,27,0.12953323,"$19,896,046.00","$2,667,944.00","$17,228,102.00",-0.08,0.284009866,-1.736,0.4,1719,18
Jaden Hardy,23,0.12949087,"$19,889,538.00","$6,000,000.00","$13,889,538.00",-1.78,-1.924320802,-4.667,-5.7,470,25.4
Malik Beasley,,0.12931848,"$19,863,060.00",,,-0.04,,,,,
Gui Santos,23,0.1292902,"$19,858,716.00","$4,629,630.00","$15,229,086.00",0.59,0.35465995,0.028,-0.6,1395,18.7
Bilal Coulibaly,21,0.12890191,"$19,799,076.00","$9,240,012.00","$10,559,064.00",-1.1,-1.699336365,-1.3,-2.1,1468,19.9
Noah Clowney,21,0.12882605,"$19,787,424.00","$5,414,034.00","$14,373,390.00",-1.47,-2.780679995,-2.457,-3.4,1780,20.4
Jabari Smith Jr.,,0.12872714,"$19,772,230.00","$23,643,411.00","-$3,871,181.00",-0.02,0.468290638,,,,
Marcus Smart,31,0.1285514,"$19,745,236.00","$5,390,700.00","$14,354,536.00",0.98,0.35890729,0.459,-2.2,1769,15.4
Kyrie Irving,,0.12830363,"$19,707,182.00","$39,491,282.00","-$19,784,100.00",0.39,,,,,
Cam Whitmore,21,0.12812892,"$19,680,346.00","$5,458,310.00","$14,222,036.00",-1.26,-1.33452442,-3.609,-3.3,354,23.7
Ousmane Dieng,22,0.12812777,"$19,680,170.00",,"$13,009,288.00",-3.7,-1.523876697,-5.885,-4.6,804,21.5
Danny Wolf,21,0.12794238,"$19,651,694.00","$2,941,440.00","$16,710,254.00",-1.34,-0.848184206,-2.933,-2.5,1187,20.6
Kai Jones,,0.12793018,"$19,649,820.00",,,-0.07,,,,,
Kennedy Chandler,23,0.12786631,"$19,640,010.00",,,-2.36,-0.762837715,-2.338,-5.7,355,20.7
Scoot Henderson,21,0.12740533,"$19,569,204.00","$13,585,523.00","$5,983,681.00",-0.86,-0.367455167,-1.451,-2.2,748,25
Nolan Traore,19,0.12696314,"$19,501,284.00","$4,002,000.00","$15,499,284.00",-2.39,-3.247246032,-5.98,-6.8,1243,22.8
Klay Thompson,35,0.12692913,"$19,496,062.00","$17,460,317.00","$2,035,745.00",-1.22,-1.574463535,-2.764,-1.4,1497,22.7
De'Andre Hunter,28,0.12679377,"$19,475,270.00","$24,910,714.00","-$5,435,444.00",-1.4,-0.301431485,-2.783,-3.4,1125,22.9
Daniss Jenkins,24,0.12673526,"$19,466,282.00","$4,000,000.00","$15,466,282.00",-1.66,0.492966652,-0.746,-0.7,1455,21.5
Andrew Wiggins,30,0.1265232,"$19,433,710.00","$30,169,644.00","-$10,735,934.00",-0.49,0.472402415,0.446,1.2,2063,19.7
Zach Edey,23,0.1264084,"$19,416,078.00","$6,332,760.00","$13,083,318.00",0.03,0.329962509,1.581,0.5,284,20.2
D'Angelo Russell,29,0.12639086,"$19,413,384.00","$5,969,250.00","$13,444,134.00",-1.2,-0.427900252,-3.993,-2.3,495,26
Moritz Wagner,28,0.12638383,"$19,412,302.00",,"$14,412,302.00",-1.21,0.484049385,-2.972,-2.2,427,24.3
Richaun Holmes,,0.1263655,"$19,409,488.00",,,0.42,,,,,
Josh Hart,30,0.12619737,"$19,383,664.00","$20,923,760.00","-$1,540,096.00",0.53,1.607636129,2.047,3,1994,16.7
Luka Garza,27,0.12593009,"$19,342,610.00","$2,801,346.00","$16,541,264.00",0.91,1.079173601,1.253,2.4,1118,17.7
Rob Dillingham,21,0.1259183,"$19,340,798.00","$6,889,320.00","$12,451,478.00",-2.83,-2.433290606,-5.567,-6.8,644,22.7
Jordan Poole,26,0.1258278,"$19,326,900.00","$34,044,642.00","-$14,717,742.00",-1.86,-0.967551997,-4.644,-3.5,933,25.1
Jaden Ivey,23,0.12580636,"$19,323,606.00",,"$9,216,443.00",-1.72,-1.178479137,-0.998,0.1,555,20.4
P.J. Washington,27,0.12574573,"$19,314,292.00","$19,813,044.00","-$498,752.00",-1.04,-0.317944554,-1.389,-1.6,1736,20.1
Olivier-Maxence Prosper,23,0.12571386,"$19,309,396.00","$1,002,360.00","$18,307,036.00",-0.07,-1.757698918,-0.326,-0.1,984,18.9
Precious Achiuwa,26,0.1256241,"$19,295,612.00",,"$17,184,096.00",-0.48,-0.078380213,-1.492,-1.6,1745,17.6
Bruce Brown,29,0.12544194,"$19,267,630.00",,"$16,971,356.00",-2.81,-1.572478308,-1.345,-2.4,1998,14.5
Bennedict Mathurin,23,0.12541208,"$19,263,044.00",,"$10,075,471.00",-1.66,0.459619441,-3.281,-2.8,891,23.2
Pelle Larsson,24,0.1252654,"$19,240,516.00","$2,296,271.00","$16,944,245.00",-0.69,0.090131664,-0.051,-1.2,1849,16.8
John Collins,28,0.12521161,"$19,232,254.00",,"-$7,347,746.00",0.33,0.577514446,0.371,-0.5,1872,19.5
Cameron Johnson,29,0.12515092,"$19,222,930.00","$23,062,500.00","-$3,839,570.00",0.76,0.078288335,0.934,-0.6,1647,15.1
Mac McClung,27,0.12487936,"$19,181,220.00",,"$19,017,160.00",-1.73,0.603680505,-2.577,-6.9,101,22.4
Tre Mann,24,0.124734215,"$19,158,926.00","$8,000,000.00","$11,158,926.00",-2.83,-1.27684359,-6.295,-5.3,669,23.3
Khris Middleton,34,0.12466192,"$19,147,822.00",,"-$14,148,474.00",-1.42,-1.39665163,-3.081,-4,827,19.6
Brook Lopez,37,0.12437783,"$19,104,186.00","$9,187,500.00","$9,916,686.00",-0.96,0.375857125,-2.135,-0.9,1635,17.2
Max Christie,22,0.12437722,"$19,104,092.00","$8,285,714.00","$10,818,378.00",-1.23,-2.009924212,-1.661,-1.5,2244,16.5
Cam Spencer,25,0.124376275,"$19,103,948.00","$2,411,090.00","$16,692,858.00",-0.58,-0.402449682,1.852,2.2,1714,17.2
Simone Fontecchio,30,0.123022206,"$18,895,964.00",,"$10,588,272.00",0,0.340799266,-0.236,0.5,1173,19.6
Ben Saraf,19,0.122796215,"$18,861,254.00","$3,028,560.00","$15,832,694.00",-3.37,-3.250581368,-5.179,-7.3,916,21
Kris Dunn,31,0.12265231,"$18,839,150.00","$5,684,800.00","$13,154,350.00",0.31,0.796888848,-0.121,-0.8,2230,12.4
Santi Aldama,25,0.12258654,"$18,829,048.00","$17,007,043.00","$1,822,005.00",-0.23,-0.808184685,0.588,1.7,1198,20.2
Quentin Grimes,25,0.12237008,"$18,795,800.00",,"$10,054,591.00",-1.21,-0.990636033,-0.609,-1.6,2206,19
Jaden McDaniels,25,0.12228206,"$18,782,280.00","$26,200,001.00","-$7,417,721.00",0.28,-1.18901546,0.719,-0.3,2316,18.5
Zaccharie Risacher,20,0.12218596,"$18,767,520.00","$13,826,040.00","$4,941,480.00",-2.23,-0.122540032,-1.741,-2.5,1503,17.6
DeJon Jarreau,28,0.12206908,"$18,749,568.00",,,-1.79,-1.252891665,-5.483,-5.2,231,21.4
Kenrich Williams,31,0.12203954,"$18,745,030.00","$7,163,000.00","$11,582,030.00",-0.08,-0.176124025,-0.432,0.2,855,18.3
Miles McBride,25,0.12201156,"$18,740,732.00","$3,956,523.00","$14,784,209.00",1.19,0.971573623,2.143,1.2,1080,18.2
Jonathan Kuminga,23,0.12178156,"$18,705,404.00","$24,300,000.00","-$5,594,596.00",-1.3,-0.026731018,-3.883,-3.6,476,24
Jordan Miller,26,0.12158585,"$18,675,344.00","$2,497,812.00","$16,177,532.00",-0.09,-0.029646975,0.23,0.2,1325,18
Tre Johnson,19,0.12150439,"$18,662,832.00","$8,649,600.00","$10,013,232.00",-3.05,-4.127531271,-4.205,-5,1443,22.5
Dereck Lively II,21,0.12149558,"$18,661,478.00","$7,239,131.00","$11,422,347.00",0.47,0.555838523,-0.952,0.6,115,11.8
Terance Mann,29,0.12146476,"$18,656,744.00","$15,500,000.00","$3,156,744.00",-2.27,-2.627195475,-2.244,-3.4,1529,13.5
Kelly Oubre Jr.,30,0.12121513,"$18,618,402.00",,"$10,236,252.00",-0.21,-1.872830826,-0.527,-1.4,1574,18.2
Goga Bitadze,26,0.12117874,"$18,612,812.00","$7,608,696.00","$11,004,116.00",1.02,2.41064179,2.016,2.8,972,13.5
Alec Burks,,0.12112669,"$18,604,818.00",,,-0.3,,,,,
Trendon Watford,25,0.121122144,"$18,604,120.00","$2,801,346.00","$15,802,774.00",-1.59,-1.878772853,-3.528,-1.9,864,17.9
Moses Brown,,0.12108538,"$18,598,472.00",,,-1.46,,,,,
Keon Ellis,26,0.121052936,"$18,593,488.00",,"$16,291,901.00",0.68,0.495748123,-2.449,-1.9,758,13.7
aj green,,0.12104295,"$18,591,956.00",,,,-1.757803622,,,,
Talen Horton-Tucker,,0.12088147,"$18,567,152.00",,,-0.13,,,,,
Terence Davis,,0.12088147,"$18,567,152.00",,,-0.19,,,,,
Nah'Shon Hyland,,0.12088147,"$18,567,152.00",,,-0.13,,,,,
Egor Dëmin,,0.1208485,"$18,562,088.00",,,-1.01,-1.161889926,,,,
trey jemison iii,,0.1208485,"$18,562,088.00",,,,-1.179217783,,,,
Jamal Shead,23,0.120673485,"$18,535,206.00","$2,296,271.00","$16,238,935.00",-0.49,0.377267463,-0.768,-2.3,1852,15.5
Daniel Theis,,0.12058409,"$18,521,476.00",,,-1.33,,,,,
Marcus Bagley,,0.12058409,"$18,521,476.00",,,-1.47,,,,,
Oshae Brissett,,0.120582655,"$18,521,254.00",,,-1.22,,,,,
Jalen McDaniels,,0.12053351,"$18,513,706.00",,,-1.37,,,,,
Gabe McGlothan,,0.12049252,"$18,507,410.00",,"$18,434,257.00",-1.43,,,,,
Justin Minaya,,0.12049252,"$18,507,410.00",,,-1.41,,,,,
Elfrid Payton,,0.12049252,"$18,507,410.00",,,-1.26,,,,,
Thomas Sorber,,0.12049108,"$18,507,188.00","$4,887,720.00","$13,619,468.00",-1.09,,,,,
Johnny Davis,,0.12049108,"$18,507,188.00",,,-1.2,,,,,
Jordan Clarkson,33,0.12043313,"$18,498,288.00",,"$7,846,727.00",-1.74,-1.250083408,-1.622,-3.3,1279,21.1
Keshon Gilbert,,0.12038344,"$18,490,656.00",,"$18,417,503.00",-1.14,-0.48308726,,,,
Bradley Beal,32,0.120277405,"$18,474,368.00","$19,383,010.00","-$908,642.00",-1.41,-0.475082378,-7.17,-10.6,121,22.2
Lamar Stevens,,0.12025177,"$18,470,430.00",,,-0.81,,,,,
Ben Simmons,,0.120201185,"$18,462,662.00",,,-0.8,,,,,
Trey Lyles,,0.120201185,"$18,462,662.00",,,-0.89,,,,,
Spencer Dinwiddie,,0.120170295,"$18,457,918.00",,,-1.5,,,,,
Tim Hardaway Jr.,,0.12005255,"$18,439,832.00",,"$16,143,558.00",-0.82,-0.45663206,,,,
Kadary Richmond,,0.120000556,"$18,431,846.00",,"$18,358,693.00",-1.28,0.094508284,,,,
Craig Porter,,0.11998057,"$18,428,776.00",,,-0.78,,,,,
Eugene Omoruyi,,0.11989188,"$18,415,154.00",,,-0.74,,,,,
Jared Butler,,0.11989188,"$18,415,154.00",,,-0.73,,,,,
Jeff Dowtin,,0.11989188,"$18,415,154.00",,,-0.65,,,,,
Johnny Juzang,24,0.11987258,"$18,412,188.00",,,-1.45,-0.61038604,-3.97,-3.3,88,22.3
Jaden Springer,,0.11980762,"$18,402,212.00",,"$18,331,480.00",-0.44,,,,,
A.J. Green,,0.11980762,"$18,402,212.00","$10,044,644.00","$8,357,568.00",-0.4,,,,,
Delon Wright,,0.11980762,"$18,402,212.00",,,-0.58,,,,,
Trevelin Queen,,0.11980762,"$18,402,212.00",,,-0.6,,,,,
Josh Christopher,,0.11980762,"$18,402,212.00",,,-0.53,,,,,
AJ Johnson,21,0.11979292,"$18,399,954.00","$3,237,120.00","$15,162,834.00",-3.24,-0.959588761,-6.786,-7.4,240,20.5
Caris LeVert,31,0.119712934,"$18,387,668.00","$14,809,200.00","$3,578,468.00",-2.62,-0.859288708,-1.29,-0.4,1154,18.4
bub carrington,20,0.1196743,"$18,381,734.00","$4,900,560.00","$13,481,174.00",,-5.071895913,-5.894,-4.7,2271,18
Jock Landale,30,0.119590856,"$18,368,916.00",,"$16,072,642.00",-0.67,-0.113110171,-1.936,-0.2,1060,18.6
Kentavious Caldwell-Pope,32,0.11953836,"$18,360,852.00","$21,621,500.00","-$3,260,648.00",-0.98,-1.547281267,-2.015,-2.5,1088,17.7
Malaki Branham,22,0.11952424,"$18,358,684.00",,"$13,396,651.00",-1.61,-0.590471275,-1.542,-2.2,275,18.4
Keegan Murray,25,0.11949789,"$18,354,636.00","$24,137,936.00","-$5,783,300.00",-0.22,-0.325638139,-2.333,-3.1,793,18.7
Tyler Kolek,24,0.11945781,"$18,348,480.00","$2,296,271.00","$16,052,209.00",-0.93,-0.380796752,-1.562,-0.6,727,18.4
Derrick Jones Jr.,28,0.11943066,"$18,344,310.00","$10,476,190.00","$7,868,120.00",1.28,-0.05737514,0.329,-0.7,1350,15.1
Leonard Miller,22,0.119393535,"$18,338,608.00","$2,406,205.00","$15,932,403.00",-0.95,-0.525801537,0.147,-0.6,624,18.3
Aaron Nesmith,26,0.11937591,"$18,335,900.00","$11,000,000.00","$7,335,900.00",-0.09,-1.200469766,-3.081,-3.4,1335,19.8
Kessler Edwards,,0.1193183,"$18,327,052.00",,,-1.59,,,,,
Isaiah Mobley,,0.1193183,"$18,327,052.00",,,-1.69,,,,,
Ayo Dosunmu,26,0.11929217,"$18,323,038.00",,"$10,804,520.00",-0.59,-0.886973644,1.475,0.8,1187,20.8
Georges Niang,,0.119226724,"$18,312,986.00",,"$10,112,986.00",-1.59,,,,,
Nicolas Claxton,,0.119226724,"$18,312,986.00",,,-1.66,,,,,
Terry Taylor,,0.119226724,"$18,312,986.00",,,-1.65,,,,,
Malcolm Brogdon,,0.119226724,"$18,312,986.00",,,-1.64,,,,,
Jaylen Sims,,0.119226724,"$18,312,986.00",,,-1.68,,,,,
Kevin Knox II,,0.119226724,"$18,312,986.00",,,-1.63,,,,,
Marcus Garrett,,0.119226724,"$18,312,986.00",,,-1.7,,,,,
Mason Jones,,0.119226724,"$18,312,986.00",,,-1.67,,,,,
Kobe Bufkin,22,0.11914637,"$18,300,644.00",,"$13,796,924.00",-2.91,-0.499094767,-9.054,-9.4,119,22.1
Ryan Kalkbrenner,24,0.11914317,"$18,300,154.00","$2,411,090.00","$15,889,064.00",0.65,0.247083658,0.408,1.8,1479,11.6
Jake LaRavia,24,0.11908506,"$18,291,226.00","$6,000,000.00","$12,291,226.00",-0.67,-0.903409086,-0.366,-1.2,2061,14.4
Lawson Lovering,,0.11905426,"$18,286,496.00",,"$18,198,712.00",-3.39,-0.324699325,,,,
Taze Moore,,0.11902447,"$18,281,920.00",,,-1.76,,,,,
Kendall Brown,,0.11902447,"$18,281,920.00",,,-1.75,,,,,
Sion James,23,0.11901695,"$18,280,766.00","$2,411,090.00","$15,869,676.00",-1.51,0.251969332,-0.867,-2,1843,11
Taylor Hendricks,22,0.11894222,"$18,269,288.00","$7,805,900.00","$10,463,388.00",-0.43,-1.952680004,0.005,-1.5,626,18.2
Bobi Klintman,,0.11891687,"$18,265,394.00",,"$16,310,017.00",-2.58,-1.059094527,,,,
Ziaire Williams,24,0.11872008,"$18,235,166.00","$6,250,000.00","$11,985,166.00",-0.81,-0.828419234,-0.773,-1.7,1281,18.9
Phillip Wheeler,,0.118679546,"$18,228,940.00",,,-3.19,,,,,
James Johnson,,0.118679546,"$18,228,940.00",,,-3.19,,,,,
Jordan Hawkins,23,0.11864677,"$18,223,906.00","$7,021,895.00","$11,202,011.00",-3.78,-3.087897292,-6.403,-6.2,692,18.2
Malik Williams,,0.118628964,"$18,221,172.00",,,-4.04,,,,,
Markieff Morris,,0.118628964,"$18,221,172.00",,,-3.43,,,,,
Tristan Thompson,,0.118628964,"$18,221,172.00",,,-3.84,,,,,
Noa Essengue,,0.11862408,"$18,220,422.00","$5,701,200.00","$12,519,222.00",-1.75,0.355747258,,,,
Jalen Hood-Schifino,,0.11858797,"$18,214,876.00",,,-3.15,,,,,
Josh Richardson,,0.11858797,"$18,214,876.00",,,-3.14,,,,,
Carlton Carrington,,0.11858797,"$18,214,876.00",,,-3.03,,,,,
Alex Len,,0.11847287,"$18,197,196.00",,,-2,,,,,
Kylor Kelley,,0.11847287,"$18,197,196.00",,,-2.97,,,,,
Dariq Whitehead,21,0.11829085,"$18,169,238.00",,"$14,906,678.00",-2.6,-1.466021692,-6.495,-8,183,24.1
Collin Murray-Boyles,20,0.118147194,"$18,147,172.00","$6,649,560.00","$11,497,612.00",0.8,1.089997208,1.491,1,1246,15.5
Braxton Key,,0.118098155,"$18,139,640.00",,,-2.46,,,,,
Maxwell Lewis,,0.118098155,"$18,139,640.00",,,-2.15,,,,,
N'Faly Dante,,0.11804757,"$18,131,872.00",,"$16,083,378.00",-2.44,-0.417735502,,,,
Johni Broome,,0.11804757,"$18,131,872.00","$2,150,917.00","$15,980,955.00",-2.78,-0.304104199,,,,
JT Thor,,0.11804757,"$18,131,872.00",,,-2.98,,,,,
Jacob Toppin,,0.11804757,"$18,131,872.00",,,-2.21,-0.411652672,,,,
Jahlil Okafor,,0.11804757,"$18,131,872.00",,,-2.28,,,,,
Johnny Davis,,0.118015975,"$18,127,018.00",,,-1.2,,,,,
Keon Johnson,,0.11800658,"$18,125,574.00",,"$15,775,996.00",-2.03,,,,,
Nigel Hayes,,0.11800658,"$18,125,574.00",,,-1.98,,,,,
Kevon Harris,,0.11800658,"$18,125,574.00",,,-2.06,,,,,
P.J. Tucker,,0.11800658,"$18,125,574.00",,,-2.96,,,,,
Alexandre Sarr,,0.11800658,"$18,125,574.00",,,-1.92,,,,,
Matt Ryan,,0.11800658,"$18,125,574.00",,,-2.29,,,,,
Torrey Craig,,0.11800658,"$18,125,574.00",,,-1.87,,,,,
Jae Crowder,,0.11800658,"$18,125,574.00",,,-2.27,,,,,
Shake Milton,,0.11800658,"$18,125,574.00",,,-2.56,,,,,
PJ Dozier,,0.11800658,"$18,125,574.00",,,-2.77,,,,,
Trevor Keels,,0.11800658,"$18,125,574.00",,,-2.12,-0.162576634,,,,
Lester Quinones,,0.11800658,"$18,125,574.00",,,-2.08,,,,,
Kenyon Martin Jr.,,0.11800658,"$18,125,574.00",,,-2.01,,,,,
Jeenathan Williams,,0.11800658,"$18,125,574.00",,,-1.97,,,,,
Jaylen Nowell,,0.11800658,"$18,125,574.00",,,-2.26,,,,,
Jason Preston,,0.11800658,"$18,125,574.00",,,-2.4,,,,,
AJ Lawson,,0.11800658,"$18,125,574.00",,,-2.01,,,,,
John Tonje,,0.11789894,"$18,109,042.00",,"$18,035,889.00",-2.17,-0.549540568,,,,
Grant Nelson,,0.11784,"$18,099,988.00",,"$18,026,835.00",-2.75,0.448931468,,,,
Toumani Camara,25,0.1178158,"$18,096,272.00","$18,080,358.00","$15,914.00",0.57,0.117122257,0.252,-1,2731,16.3
Zach Collins,28,0.11754038,"$18,053,968.00",,"-$26,528.00",0.01,0.721030398,-0.603,0.2,184,18.8
Davion Mitchell,27,0.11745182,"$18,040,364.00","$12,400,000.00","$5,640,364.00",-0.18,-0.226178159,0.035,-0.9,2000,13.6
Damian Lillard,,0.11733252,"$18,022,040.00","$13,398,800.00","$4,623,240.00",-0.41,,,,,
Tyrese Proctor,21,0.11704259,"$17,977,508.00","$2,150,917.00","$15,826,591.00",-1.41,0.020671161,-2.702,-2.8,545,22
Jordan Goodwin,27,0.11695887,"$17,964,648.00",,"$15,615,070.00",0.6,1.922765077,1.521,1.8,1572,17.5
Jamaree Bouyea,26,0.11677723,"$17,936,748.00",,,-1.03,-0.163343656,-1.165,-0.4,644,18.5
Gradey Dick,22,0.11669424,"$17,924,002.00","$7,131,511.00","$10,792,491.00",-1.93,-1.827248277,-1.315,-3.6,1067,18.7
Jared McCain,21,0.11668743,"$17,922,956.00","$4,422,600.00","$13,500,356.00",-1.5,-1.825440754,-2.102,-3.7,620,18.5
David Roddy,24,0.11662173,"$17,912,864.00",,,-1.55,-0.466705088,3.799,0,73,20.9
Oso Ighodaro,23,0.11658599,"$17,907,376.00","$2,296,271.00","$15,611,105.00",0.62,0.554018689,1.25,0.1,1808,12.2
Jase Richardson,20,0.1165308,"$17,898,898.00","$3,132,360.00","$14,766,538.00",-1.83,-1.560079038,-1.5,-2.5,587,16.8
Reggie Jackson,,0.116403855,"$17,879,400.00",,,-3.28,,,,,
Malachi Flynn,,0.116192475,"$17,846,932.00",,,-1.84,,,,,
Julian Strawther,23,0.1161171,"$17,835,354.00","$4,826,931.00","$13,008,423.00",-1.53,-1.23500891,-1.521,-2.3,861,19.4
Patty Mills,,0.115822464,"$17,790,098.00",,,-2.99,,,,,
Nick Smith Jr.,21,0.1157708,"$17,782,164.00",,"$15,071,484.00",-2.36,-2.135906162,-3.654,-4.7,375,22
Nick Richards,28,0.11557514,"$17,752,110.00",,"$12,752,110.00",-1.74,-0.954503258,-5.588,-5.8,447,18.3
Carter Bryant,20,0.115457036,"$17,733,970.00","$5,145,360.00","$12,588,610.00",-1.84,-0.645853315,-3.079,-3,818,16.3
Tyrese Martin,26,0.11542176,"$17,728,552.00",,"$15,536,655.00",-1.76,-0.628051051,-2.979,-3.1,696,18.8
Asa Newell,20,0.115411334,"$17,726,950.00","$3,399,480.00","$14,327,470.00",-0.56,-0.915221334,-1.881,-1.5,500,17.1
Yuri Collins,,0.11532428,"$17,713,578.00",,,-3.42,,,,,
Terry Rozier,,0.115174584,"$17,690,586.00",,"-$8,952,445.00",-2.25,,,,,
Jalen Crutcher,,0.115174584,"$17,690,586.00",,,-2.78,,,,,
Cam Christie,20,0.11511228,"$17,681,016.00","$2,296,271.00","$15,384,745.00",-2.54,-0.983367071,-4.015,-4.6,480,16.9
Noah Penda,21,0.115090124,"$17,677,612.00","$2,150,917.00","$15,526,695.00",-0.86,-0.307818154,-2.532,-1.5,757,14.8
Rasheer Fleming,21,0.1148645,"$17,642,958.00","$2,150,917.00","$15,492,041.00",-1.54,-1.100605965,-1.923,-3.8,673,16.3
Bronny James,21,0.11481303,"$17,635,052.00","$2,296,271.00","$15,338,781.00",-2.27,-2.218695347,-3.343,-4.3,375,16.7
Justin Edwards,22,0.11454125,"$17,593,306.00","$2,411,090.00","$15,182,216.00",-1.28,-1.07336505,-0.762,-1.3,977,16.1
Moses Moody,23,0.11440581,"$17,572,504.00","$12,500,000.00","$5,072,504.00",0.56,0.266471568,0.806,-0.1,1540,18.3
Kam Jones,23,0.11434729,"$17,563,514.00",,"$16,290,644.00",-1.99,-2.936339399,-3.931,-6.2,616,14.4
Christian Braun,24,0.11422746,"$17,545,110.00","$21,551,726.00","-$4,006,616.00",0.58,-0.46332099,0.888,-1.2,1399,14.8
Quinten Post,25,0.11420053,"$17,540,974.00",,"$15,585,597.00",-0.58,-0.212019462,-1.446,-1.1,1159,18.8
Sharife Cooper,24,0.11416969,"$17,536,236.00",,,-1.68,-2.116545298,-4.184,-3.9,700,20
Isaac Okoro,25,0.11407698,"$17,521,996.00","$11,814,814.00","$5,707,182.00",-1.24,-2.563398017,-2.646,-3.8,1695,13.6
Markelle Fultz,27,0.113914825,"$17,497,090.00",,,-2.2,-1.005915384,-12.762,-16.3,36,17.9
E.J. Liddell,25,0.1137833,"$17,476,888.00","$706,898.00","$16,769,990.00",-0.95,-1.054253369,-2.294,-3.3,349,17.2
Patrick Baldwin Jr.,23,0.11372941,"$17,468,610.00",,"$17,336,640.00",-1.84,0.217626658,-4.847,-5.6,88,14.1
Sidy Cissoko,21,0.11357,"$17,444,124.00","$2,497,812.00","$14,946,312.00",0.06,-1.169113618,-3.083,-4,1435,12.5
Patrick Williams,24,0.11349817,"$17,433,092.00","$18,000,000.00","-$566,908.00",-2.7,-2.463324378,-4.802,-4.5,1474,16.6
Yves Missi,21,0.11346777,"$17,428,422.00","$3,512,760.00","$13,915,662.00",-0.92,0.086260419,-2.568,-1.7,1297,12.6
Jaylon Tyson,23,0.11342021,"$17,421,118.00","$3,658,560.00","$13,762,558.00",-1.52,0.945521822,0.605,0.1,1777,19.3
Monte Morris,30,0.1133917,"$17,416,738.00",,"$17,095,554.00",-0.78,-0.034186352,-7.48,-5.9,65,15.5
Walker Kessler,24,0.113371484,"$17,413,634.00",,"$12,534,696.00",0.64,-0.124542263,2.285,3.3,154,16.5
Jalen Wilson,25,0.1133099,"$17,404,174.00",,"$15,182,497.00",-2.04,-2.024304233,-4.413,-5.6,859,18.2
MarJon Beauchamp,25,0.113255695,"$17,395,848.00",,,-1.2,-0.175172433,-1.993,-1.6,196,21
Killian Hayes,24,0.1131224,"$17,375,374.00",,"$17,111,434.00",-1.61,0.299350476,-3.684,-6,406,18.7
Vince Williams Jr.,25,0.11303852,"$17,362,490.00",,"$15,060,903.00",-1.5,-0.955836923,-3.274,-0.9,736,19.6
Ariel Hukporti,23,0.11278025,"$17,322,820.00",,"$15,367,443.00",-1.85,-1.132941897,-3.877,-2.3,498,10.9
Josh Minott,23,0.11272435,"$17,314,234.00","$2,584,539.00","$14,729,695.00",1.17,0.169591178,2.316,2.2,526,13.8
Isaiah Stewart,24,0.11270853,"$17,311,804.00","$15,000,000.00","$2,311,804.00",-1.85,0.05324697,-2.019,0,1317,16.6
Dalano Banton,26,0.11269793,"$17,310,176.00",,"$17,178,206.00",-1.53,-0.55387615,-10.086,-7.1,52,14
Aaron Wiggins,27,0.11263692,"$17,300,806.00","$9,224,300.00","$8,076,506.00",-0.53,0.061279463,-0.669,-0.9,1414,19.9
Grant Williams,27,0.11238047,"$17,261,416.00","$14,265,750.00","$2,995,666.00",1,0.539575321,1.471,1.6,711,14.1
Drew Eubanks,28,0.11235885,"$17,258,096.00",,"$14,961,822.00",-1.32,-0.502430467,-4.678,-3.7,552,16.3
Keshad Johnson,24,0.11234593,"$17,256,110.00",,"$15,300,733.00",-0.36,-0.206921928,1.012,-1.3,280,18.9
Tristan da Silva,24,0.11227372,"$17,245,020.00","$3,991,200.00","$13,253,820.00",-0.96,-0.349771354,-0.128,-0.6,1899,16.2
Gary Trent Jr.,,0.1122624,"$17,243,280.00","$3,881,960.00","$13,361,320.00",-2.17,-3.405474138,,,,
Kevon Looney,29,0.11217103,"$17,229,246.00","$8,000,000.00","$9,229,246.00",-0.28,0.091105141,-3.289,-1.8,308,9.9
Pat Spencer,29,0.11210718,"$17,219,438.00",,"$16,361,634.00",-2.03,-1.31614956,-3.081,-2.3,1229,18.9
Bryce McGowens,23,0.111991696,"$17,201,700.00","$2,584,539.00","$14,617,161.00",-1.51,-1.024081404,-0.822,-2.8,880,14
Dalton Knecht,24,0.11198354,"$17,200,448.00","$4,201,080.00","$12,999,368.00",-1.18,-2.667357956,-5.241,-3.6,553,17.7
Garrison Mathews,29,0.111863986,"$17,182,084.00",,"$16,752,759.00",-0.7,-0.116351856,-0.819,-1.3,196,14.1
Jabari Walker,23,0.11173756,"$17,162,666.00","$2,584,539.00","$14,578,127.00",-0.7,-0.764449836,-1.902,-2.7,762,15
JD Davison,23,0.11172751,"$17,161,122.00",,"$14,890,387.00",-0.99,-0.474541254,-2.511,-1.1,218,15.3
Draymond Green,35,0.111683734,"$17,154,398.00","$27,678,571.00","-$10,524,173.00",0.27,-0.915718248,-2.35,-1.4,1869,16.1
Isaiah Jackson,24,0.11166576,"$17,151,638.00","$7,000,000.00","$10,151,638.00",-0.16,0.704612807,-2.267,-2.7,638,16
Dominick Barlow,22,0.11165262,"$17,149,620.00","$3,415,000.00","$13,734,620.00",-0.25,-0.723331264,-0.187,-1.1,1689,12.8
Branden Carlson,26,0.111646235,"$17,148,638.00",,,-0.87,0.858186735,-1.753,0.8,488,18.9
Charles Bassey,25,0.11158161,"$17,138,712.00",,"$16,874,772.00",0.05,0.023052817,1.553,2.2,100,17.3
Kobe Sanders,23,0.111306265,"$17,096,420.00","$2,150,917.00","$14,945,503.00",-1.09,-1.213805078,-1.886,-2.9,1351,16.3
Buddy Hield,33,0.11117333,"$17,076,002.00","$9,658,536.00","$7,417,466.00",-0.84,-0.666483467,-1.427,-1,768,19.7
Johnny Furphy,21,0.1110083,"$17,050,654.00","$2,296,271.00","$14,754,383.00",-0.71,-0.781067642,-2.573,-3.7,643,12.8
Jeremy Sochan,22,0.11090026,"$17,034,058.00",,"$9,937,827.00",-0.57,-1.718926607,-3.993,-3,358,14.6
Andre Jackson Jr.,24,0.11085166,"$17,026,594.00","$2,406,205.00","$14,620,389.00",-1.57,-0.692212661,-5.559,-7.1,408,17.8
Ryan Dunn,23,0.11076889,"$17,013,880.00","$2,784,240.00","$14,229,640.00",-0.24,0.353154615,-0.476,-0.9,1355,13.7
Micah Peavy,24,0.11076145,"$17,012,738.00","$2,150,917.00","$14,861,821.00",-1.17,-1.220973813,-2.671,-5.2,913,14
Will Richard,23,0.11069405,"$17,002,384.00","$2,150,917.00","$14,851,467.00",-0.58,-0.56778431,-0.483,-1.7,1377,13
Blake Wesley,22,0.11067036,"$16,998,746.00",,"$14,702,472.00",-2.62,-0.620072716,-2.518,-3.6,361,19.8
Al Horford,39,0.11062939,"$16,992,452.00","$5,969,250.00","$11,023,202.00",-1.13,1.378834386,-1.242,1.6,969,16.5
Jordan Walsh,21,0.11061286,"$16,989,914.00","$2,406,205.00","$14,583,709.00",0.57,0.242863927,0.99,0.2,1212,11.7
Cameron Payne,31,0.110497005,"$16,972,120.00",,"$16,259,483.00",-1.29,0.89687798,-0.018,0.3,374,19.2
nigel hayes-davis,31,0.11039917,"$16,957,092.00",,"$14,908,598.00",,-1.918542252,-7.701,-7.3,195,12.1
Chris Boucher,33,0.11039106,"$16,955,846.00",,"$14,659,572.00",-0.35,-0.131341601,-1.901,-3.1,94,12.8
Lonzo Ball,28,0.11028741,"$16,939,926.00",,"$6,939,926.00",0.19,0.560973664,-2.056,-1.1,728,13.7
Omer Yurtseven,27,0.110251926,"$16,934,476.00",,,-1.77,-0.2333136,-7.834,-7.6,104,17.5
Yang Hansen,20,0.11016261,"$16,920,756.00","$4,643,520.00","$12,277,236.00",-2.84,-2.428693562,-11.895,-9.5,300,19.9
Royce O'Neale,32,0.110046834,"$16,902,974.00","$10,875,000.00","$6,027,974.00",-1.25,-1.348585252,-0.964,0.7,2213,14.3
Adem Bona,22,0.109972976,"$16,891,630.00","$2,296,271.00","$14,595,359.00",-0.44,-0.683984433,-3.016,-2.9,1234,11.1
Joan Beringer,19,0.10994506,"$16,887,342.00","$4,411,200.00","$12,476,142.00",0.26,0.467083412,2.166,0.4,314,16.8
Thomas Bryant,28,0.109937556,"$16,886,188.00",,"$14,589,914.00",-0.73,1.10559414,-0.889,0.1,732,18.6
Kevin Love,37,0.10988734,"$16,878,476.00",,"$12,728,476.00",-1.78,0.487242649,-1.841,0.2,613,16.6
Andre Drummond,32,0.109800234,"$16,865,096.00",,"$11,865,096.00",-1.1,0.290188302,-2.063,-0.6,1231,14.9
Max Strus,29,0.10974037,"$16,855,902.00","$16,660,836.00","$195,066.00",-0.19,-0.066475784,-1.599,-1.2,288,17.4
Josh Okogie,27,0.10965476,"$16,842,752.00",,"$14,546,478.00",0.11,-0.606741716,0.017,-1.2,1354,11.3
Guerschon Yabusele,30,0.10962156,"$16,837,652.00",,"$11,337,652.00",-1.49,-0.753979397,-3.429,-1.3,641,16.7
Rui Hachimura,27,0.10954982,"$16,826,634.00",,"-$1,432,625.00",-1.08,-2.056720938,-1.234,-2.2,1927,15.2
Julian Phillips,22,0.109462164,"$16,813,170.00","$2,406,205.00","$14,406,965.00",-0.97,-1.662506148,-2.25,-2.9,334,12.5
Caleb Martin,30,0.109452896,"$16,811,746.00","$10,001,493.00","$6,810,253.00",-1.82,-1.240510224,-2.944,-2.2,856,12.5
Ben Sheppard,24,0.10923949,"$16,778,968.00","$5,031,669.00","$11,747,299.00",-1.4,-1.582195716,-2.58,-3,1390,13.8
Anthony Gill,33,0.109152675,"$16,765,633.00",,"$14,469,359.00",-1.36,-3.286199113,-2.235,-2.6,951,11.9
Jose Alvarado,27,0.109116666,"$16,760,102.00","$4,500,000.00","$12,260,102.00",0.27,-0.168200921,-2.242,-2,896,15.7
Jett Howard,22,0.1090791,"$16,754,332.00","$7,337,939.00","$9,416,393.00",-2.4,-1.110045625,-3.313,-1.8,695,17.2
Khaman Maluach,19,0.108879745,"$16,723,711.00","$6,316,680.00","$10,407,031.00",-0.92,-0.050103833,-3.764,-3.7,411,14.8
Mohamed Diawara,20,0.10875148,"$16,704,010.00",,"$15,431,140.00",-2.81,-1.139095333,-2.442,-1.7,634,17.1
DeAndre Jordan,37,0.108542696,"$16,671,941.00",,"$14,402,061.00",-1.84,-0.024617575,-1.921,-0.2,199,10.1
Kasparas Jakučionis,19,0.10852256,"$16,668,848.00","$3,841,680.00","$12,827,168.00",0.17,-0.15043018,-1.419,-0.4,945,13.7
Kelly Olynyk,34,0.10850386,"$16,665,976.00",,"$3,220,854.00",-2.06,-0.460140336,-2.878,-0.1,360,16
Jonathan Mogbo,24,0.10830148,"$16,634,891.00","$2,296,271.00","$14,338,620.00",-0.98,-1.175121106,-1.855,-0.7,249,11.1
Rayan Rupert,21,0.10824922,"$16,626,863.00",,"$14,405,186.00",-2.73,-2.636020122,-4.454,-5.1,577,12.8
Kevin Huerter,27,0.10807816,"$16,600,589.00",,"-$1,390,482.00",-0.22,0.137229566,-0.586,-1,1037,19.2
Dalen Terry,23,0.10800355,"$16,589,129.00",,"$11,190,011.00",-0.6,-0.167807584,-0.645,-1.3,377,14.4
Clint Capela,31,0.107970044,"$16,583,983.00","$7,035,000.00","$9,548,983.00",0.9,0.466586448,0.752,0.4,926,13.7
Jeremiah Robinson-Earl,25,0.10776182,"$16,552,000.00",,"$16,420,030.00",-1.39,-1.123286076,-4.988,-5.4,300,14
Drake Powell,20,0.10772923,"$16,546,994.00","$3,540,600.00","$13,006,394.00",-3.3,-4.503754238,-5.336,-6,1320,14.9
Luke Kornet,30,0.10748174,"$16,508,980.00","$10,450,000.00","$6,058,980.00",0.43,1.172933835,1.254,3.6,1430,10.3
Corey Kispert,26,0.107331425,"$16,485,892.00","$13,975,000.00","$2,510,892.00",-1.76,-0.454384771,-3.936,-2.3,710,19.6
Keaton Wallace,26,0.107320234,"$16,484,173.00",,"$14,187,899.00",-2.33,-0.852243301,-4.013,-2.7,536,16.1
Ochai Agbaji,25,0.107269414,"$16,476,367.00",,"$10,092,842.00",-1.79,-1.817436344,-3.633,-4.7,650,13.3
Christian Koloko,25,0.10707987,"$16,447,254.00",,"$16,183,314.00",-2.4,-1.140281686,-3.375,-3.1,195,9.3
Isaac Jones,25,0.106932335,"$16,424,593.00",,"$14,469,216.00",-3.61,-0.348130713,-8.86,-8,19,15.1
Hunter Tyson,25,0.10688287,"$16,416,995.00",,"$14,195,318.00",-3.07,-0.475268613,-7.21,-6.8,162,16.8
Adou Thiero,21,0.106842645,"$16,410,817.00","$2,150,917.00","$14,259,900.00",-1.77,-0.480134125,-3.984,-4.4,149,14.6
Jalen Pickett,26,0.10681743,"$16,406,944.00","$2,406,205.00","$14,000,739.00",-2.42,-2.322861902,-2.96,-2.3,807,14.8
Duncan Robinson,31,0.10680134,"$16,404,472.00","$15,992,957.00","$411,515.00",0.57,1.2744499,1.551,0.8,2113,15.8
Jae'Sean Tate,30,0.106793635,"$16,403,289.00",,"$14,107,015.00",-1.63,-2.709424381,-3.359,-3.9,405,13.5
Kris Murray,25,0.10676679,"$16,399,165.00","$5,315,004.00","$11,084,161.00",0.41,-0.990782559,-1.037,-1.5,1333,10.6
Stanley Umude,26,0.10670468,"$16,389,626.00",,,-1.67,-0.36117069,5.898,0.4,7,12
Mo Bamba,27,0.10668941,"$16,387,280.00",,"$16,192,509.00",-1.81,-0.009564283,-4.299,-5.9,38,11.9
John Konchar,29,0.106627375,"$16,377,752.00","$6,165,000.00","$10,212,752.00",-0.3,0.35517385,1.976,0,680,9.8
nate williams,26,0.10661605,"$16,376,012.00",,,,-1.673987114,-4.361,-5,239,19.5
nate williams,26,0.10661605,"$16,376,012.00",,,,-1.673987114,-4.361,-5,239,19.5
Thanasis Antetokounmpo,33,0.1065949,"$16,372,763.00",,"$14,076,489.00",-1.12,0.919219347,0.746,-1.7,148,16.5
Jericho Sims,27,0.10652817,"$16,362,514.00","$2,801,346.00","$13,561,168.00",-1.98,-2.962642093,-4.281,-3.1,1318,9.8
Maxi Kleber,34,0.10637584,"$16,339,117.00",,"$5,339,117.00",-1.22,-2.045833594,-2.935,-3.9,461,9.6
Mouhamadou Gueye,27,0.10634011,"$16,333,628.00",,,-2.9,0.228736101,-0.595,-3.9,45,14.6
Tosan Evbuomwan,24,0.10626501,"$16,322,093.00",,,-2.2,-0.286071548,-11.236,-11.5,8,5.4
Jevon Carter,30,0.106166825,"$16,307,012.00",,"$15,436,012.00",-0.86,-0.480513381,-2.387,-1.1,613,16
Lucas Williamson,27,0.10610754,"$16,297,906.00",,"$16,275,960.00",-2.71,-1.548251753,-4.177,-7.6,224,16.4
Zeke Nnaji,25,0.10603595,"$16,286,910.00","$7,466,667.00","$8,820,243.00",-2.32,-1.869617118,-4.216,-3.5,626,13.7
Malachi Smith,26,0.105936505,"$16,271,635.00",,"$16,198,482.00",-0.98,-1.382392764,0.169,-0.8,359,14.2
Seth Curry,35,0.105842456,"$16,257,190.00",,"$14,501,992.00",-1.48,0.032347824,0.428,0.2,133,18
Alondes Williams,26,0.10580233,"$16,251,026.00",,"$16,119,056.00",-0.42,0.097563023,4.159,1.1,101,14.3
Trey Jemison,26,0.105674505,"$16,231,393.00",,,-3.72,,-10.839,-8.6,82,10.7
Harrison Barnes,33,0.10560715,"$16,221,047.00",,"-$2,778,953.00",0.49,0.004419175,0.4,-0.1,1986,14.6
Nae'Qwan Tomlin,25,0.10549906,"$16,204,444.00","$2,411,090.00","$13,793,354.00",-0.72,0.05202913,-0.288,-2.1,1004,15.5
Daniel Gafford,27,0.10537892,"$16,185,991.00","$17,263,584.00","-$1,077,593.00",-0.14,0.728309674,0.135,0.7,1195,15.8
Luguentz Dort,26,0.105354585,"$16,182,254.00","$18,222,222.00","-$2,039,968.00",-0.63,-0.691995615,-1.688,-2,1849,14.1
Tyler Smith,21,0.105309896,"$16,175,389.00",,"$14,220,012.00",-2.66,-0.516666579,-3.018,-4.8,166,14.8
Amari Williams,24,0.10525545,"$16,167,026.00","$2,150,917.00","$14,016,109.00",-2.79,-0.899755307,-5.428,-2.1,146,11.1
Mark Williams,24,0.105043314,"$16,134,443.00",,"$9,857,912.00",-1.01,0.746292232,1.912,2,1416,17.4
James Wiseman,24,0.104897305,"$16,112,016.00",,"$14,980,046.00",-1.92,-0.447635112,-10.192,-9,58,11.6
Hugo González,19,0.10489212,"$16,111,220.00","$2,923,560.00","$13,187,660.00",-0.74,0.24942957,-0.124,-1.5,1084,11.8
Marcus Sasser,25,0.10489019,"$16,110,923.00","$5,198,983.00","$10,911,940.00",-1.29,-1.585821089,-1.429,-1.7,457,19.6
Malevy Leons,26,0.10486273,"$16,106,705.00",,,-2.05,-0.741151306,-2.598,-2.8,276,14.4
Dru Smith,28,0.10485588,"$16,105,653.00","$2,584,539.00","$13,521,114.00",-0.61,1.198332602,2.889,2.2,1141,15.2
Mason Plumlee,35,0.104709744,"$16,083,207.00",,"$13,786,933.00",-1.52,-0.127531872,-0.598,1.1,125,8.9
Tyus Jones,29,0.10452268,"$16,054,475.00",,"$9,054,475.00",-1.37,-0.492520177,-3.077,-1.7,754,9.8
Marvin Bagley III,26,0.1042672,"$16,015,234.00",,"$13,718,960.00",-1.21,0.240756602,0.875,0.7,731,19
Sam Merrill,29,0.10423007,"$16,009,530.00","$9,160,715.00","$6,848,815.00",0.06,1.406273864,1.487,0.1,1377,17
Chris Paul,40,0.10422493,"$16,008,740.00",,"$13,712,466.00",-1.76,-0.15899879,-4.952,-4.2,228,14.2
Jaylin Williams,23,0.10383918,"$15,949,491.00","$7,774,648.00","$8,174,843.00",0.09,1.58596329,0.889,2.7,1277,15.6
Doug McDermott,34,0.10370654,"$15,929,117.00",,"$13,632,843.00",-1.7,-1.577736341,-5.447,-4.4,439,15.1
Micah Potter,27,0.103563,"$15,907,070.00","$2,801,346.00","$13,105,724.00",-0.32,0.214026584,-0.912,0.7,908,18
Isaiah Joe,26,0.10325496,"$15,859,755.00","$11,323,006.00","$4,536,749.00",0.25,1.455817321,2.592,2.5,1507,18.4
Kyle Anderson,32,0.10324799,"$15,858,685.00",,"$6,639,173.00",-1.3,-0.374792745,-0.218,-0.3,401,14.6
Terrence Shannon Jr.,25,0.103156544,"$15,844,639.00","$2,801,640.00","$13,042,999.00",-1.82,-1.466096813,-3.283,-3.6,538,17.7
Amir Coffey,28,0.10313758,"$15,841,726.00",,"$13,545,452.00",-1.39,-1.770425505,-4.721,-5.2,265,10.9
Ja'Kobe Walter,21,0.10289479,"$15,804,434.00","$3,811,800.00","$11,992,634.00",0.06,-0.122517502,0.571,-0.3,1474,14
Mike Conley,38,0.10278459,"$15,787,507.00",,"$15,061,673.00",-1.7,-0.335548831,-2.428,-1.3,991,11.5
Sam Hauser,28,0.10274428,"$15,781,316.00","$10,848,215.00","$4,933,101.00",0.29,1.219432105,0.919,0.6,1934,14.5
bones hyland,25,0.102458,"$15,737,344.00",,"$13,441,070.00",,1.512474159,-0.055,1.7,1177,20.6
Jeff Green,39,0.10243789,"$15,734,255.00",,"$13,437,981.00",-4.69,-1.385238066,-5.787,-5.6,175,17.8
Isaiah Livers,27,0.10241461,"$15,730,679.00",,,-1.62,-1.821528924,-3.001,-2.5,347,9.9
Taj Gibson,40,0.10221559,"$15,700,110.00",,,-2.54,-0.754614566,-3.345,-3.5,97,13.1
Caleb Houstan,23,0.10217487,"$15,693,856.00",,"$14,994,416.00",-0.96,-0.701565492,-0.04,0.3,75,17.4
Jaylen Clark,24,0.10212941,"$15,686,873.00",,"$13,494,976.00",-0.24,-0.655868218,-0.345,-2.4,888,13.3
Taurean Prince,31,0.10204599,"$15,674,060.00","$3,815,861.00","$11,858,199.00",-1.25,-1.96407882,-2.261,-3.1,611,16.2
Liam McNeeley,20,0.10170713,"$15,622,012.00","$2,902,080.00","$12,719,932.00",-1.57,0.063009768,-2.795,-1.3,368,14.4
Larry Nance Jr.,33,0.101176895,"$15,540,569.00",,"$13,244,295.00",-1.93,-0.734051813,-2.864,-3.4,449,14
Bismack Biyombo,33,0.10096307,"$15,507,726.00",,"$13,211,452.00",-4.19,-2.233599482,-9.398,-5.8,141,7.8
Chaz Lanier,24,0.10093735,"$15,503,775.00","$2,150,917.00","$13,352,858.00",-2.98,-2.013927804,-4.624,-5.1,262,15
Dillon Jones,24,0.10056442,"$15,446,494.00",,"$12,693,214.00",-1.83,-0.366917385,0.539,-2.6,39,11.8
Aaron Holiday,29,0.100441895,"$15,427,674.00",,"$13,131,400.00",-1.17,-1.688892384,-1.941,-2.4,781,16.6
Kyle Lowry,39,0.10015926,"$15,384,262.00",,"$13,087,988.00",-3.63,-0.686631818,-10.756,-10.4,118,11.3
Kobe Brown,26,0.09987695,"$15,340,899.00","$4,792,059.00","$10,548,840.00",-0.98,-2.339191799,-2.394,-2.8,668,15.2
Gabe Vincent,29,0.09934219,"$15,258,762.00",,"$3,758,762.00",-2.04,-2.501661631,-5.625,-4.8,559,11.5
Pete Nance,25,0.09926513,"$15,246,925.00",,,-1.24,-1.36149017,-2.457,-2.3,737,13.5
Dorian Finney-Smith,32,0.099198915,"$15,236,755.00","$13,335,000.00","$1,901,755.00",-1.06,-2.673452487,-4.261,-4.3,620,10.7
Dean Wade,29,0.09912229,"$15,224,986.00",,"$8,601,530.00",0.6,0.869961177,0.235,0.2,1318,9.9
Spencer Jones,24,0.09907557,"$15,217,810.00",,"$14,593,843.00",-1.14,-2.040295203,-1.841,-2.4,1417,9.7
Svi Mykhailiuk,28,0.09889892,"$15,190,676.00","$3,850,000.00","$11,340,676.00",-0.6,-2.21571315,-2.133,-1.7,1156,14.8
Lindy Waters III,28,0.09868704,"$15,158,132.00",,"$12,861,858.00",-1.99,-1.624803103,-3.955,-3.2,285,14.2
Drew Timme,25,0.098171756,"$15,078,985.00",,"$13,123,608.00",-2.5,-1.490703525,-2.842,-2.2,235,15.4
Nicolas Batum,37,0.09764433,"$14,997,974.00","$5,881,680.00","$9,116,294.00",-1.62,-1.377148098,-2.11,-1,1295,9.6
Pat Connaughton,33,0.09696872,"$14,894,201.00","$3,815,861.00","$11,078,340.00",-2.11,-0.350073387,-0.938,0.1,297,14.9
Orlando Robinson,25,0.096967325,"$14,893,987.00",,,-3.19,-0.111105749,-0.107,1.4,25,8.4
Jaxson Hayes,25,0.096676365,"$14,849,296.00",,"$11,399,973.00",0.07,0.844589343,0.454,1.2,1207,13
Tony Bradley,28,0.09648899,"$14,820,516.00",,"$11,615,700.00",-1.17,-1.338428043,-4.832,-4.1,416,14.5
Landry Shamet,28,0.09643355,"$14,812,000.00",,"$12,515,726.00",0.52,0.842858722,0.355,-0.3,1171,15.7
craig porter jr.,25,0.09625927,"$14,785,232.00","$2,406,205.00","$12,379,027.00",,2.087523557,0.058,2,1148,12.3
Javonte Green,32,0.0962061,"$14,777,064.00",,"$12,480,790.00",0.53,1.216355016,3.271,2.1,1446,14.8
Gary Harris,31,0.09613245,"$14,765,752.00","$3,815,861.00","$10,949,891.00",-0.82,-2.501870428,-3.124,-2.5,661,8.5
Garrett Temple,39,0.09606171,"$14,754,886.00",,"$12,458,612.00",-2.58,-0.851715243,-5.204,-4.9,73,15.3
Jamison Battle,24,0.09514534,"$14,614,134.00","$2,296,271.00","$12,317,863.00",-2.09,-2.738774529,-2.768,-2.6,517,14.1
Duop Reath,29,0.094659306,"$14,539,480.00",,"$12,317,803.00",-1.67,-1.111539299,-4.129,-0.9,258,13.2
a.j. lawson,25,0.09413584,"$14,459,077.00",,,,-0.374383148,0.358,-1,226,17.5
Olivier Sarr,26,0.093867645,"$14,417,882.00",,,-2.08,0.143923247,2.73,2.6,39,12.1
Haywood Highsmith,29,0.09381323,"$14,409,525.00","$3,018,158.00","$11,391,367.00",-0.2,-0.220533908,3.734,3.8,91,12.2
Trayce Jackson-Davis,25,0.09371111,"$14,393,839.00","$2,406,205.00","$11,987,634.00",-1.4,0.108757427,-2.113,-0.4,411,14.8
Josh Green,25,0.093066834,"$14,294,880.00","$14,679,012.00","-$384,132.00",0.19,-0.74356807,0.936,-0.7,908,10.6
Myron Gardner,24,0.092981815,"$14,281,821.00","$2,150,917.00","$12,130,904.00",-0.73,0.945523889,1.673,0.9,411,15
Matisse Thybulle,28,0.092109375,"$14,147,816.00",,"$2,597,816.00",0.78,1.564526461,6.838,4.4,480,14.7
Antonio Reeves,25,0.08985981,"$13,802,288.00",,,-1.05,-0.058191431,-0.12,1.3,68,13.1
Luke Kennard,29,0.089317694,"$13,719,019.00",,"$2,719,019.00",-0.47,-1.636501722,0.486,0.5,944,12.7
Eric Gordon,37,0.08800833,"$13,517,903.00",,"$11,221,629.00",-1.79,-0.623055753,0.685,2.4,74,14.2
Joe Ingles,38,0.08751133,"$13,441,565.00",,"$11,145,291.00",-2.88,-0.788883298,-0.451,0.2,153,11.5
Jordan McLaughlin,29,0.08700182,"$13,363,306.00",,"$11,067,032.00",-1.58,-1.142918416,-1.776,0.6,282,14.5
Baylor Scheierman,25,0.08587594,"$13,190,373.00","$2,744,040.00","$10,446,333.00",-0.7,0.420798682,0.501,0.6,1429,11.9
