player_name,player_name_norm,season,age,position,predicted_cap_pct,predicted_salary,is_free_agent,actual_salary_2026,reference_salary,diff,darko_dpm,lebron,rapm,bpm,minutes,usage_pct,team_abbreviation
Kawhi Leonard,kawhi leonard,2026,34.0,SF,0.327743,5.0340668e+07,False,50300000.0,50300000.0,40668.0,5.88,5.375744006972128,8.303,8.0,2085.0,33.5,LAC
Giannis Antetokounmpo,giannis antetokounmpo,2026,31.0,PF,0.3176072,4.8783828e+07,False,58456566.0,58456566.0,-9672738.0,5.14,4.3096235327220365,7.952,9.5,1039.0,37.0,MIL
Nikola Jokic,nikola jokic,2026,30.0,C,0.31231874,4.7971536e+07,False,59033114.0,59033114.0,-11061578.0,7.03,6.797957958982293,9.496,14.2,2265.0,30.4,DEN
Luka Doncic,luka doncic,2026,26.0,PG,0.3090497,4.7469416e+07,False,49800000.0,49800000.0,-2330584.0,4.46,5.2027737300878565,5.571,9.3,2289.0,38.1,LAL
Jaylen Brown,jaylen brown,2026,29.0,SF,0.3026489,4.6486268e+07,False,57078728.0,57078728.0,-10592460.0,1.78,2.204604361088459,2.416,3.3,2443.0,36.2,BOS
Shai Gilgeous-Alexander,shai gilgeous-alexander,2026,27.0,PG,0.30153376,4.6314984e+07,False,40806150.0,40806150.0,5508834.0,5.62,6.226180975863492,9.654,11.7,2259.0,33.4,OKC
Ty Jerome,ty jerome,2026,28.0,SG,0.29415667,4.5181876e+07,False,9220050.0,9220050.0,35961826.0,2.3,2.84185140658307,5.576,7.7,339.0,32.7,MEM
Jalen Brunson,jalen brunson,2026,29.0,PG,0.29032364,4.4593132e+07,False,37739521.0,37739521.0,6853611.0,3.39,2.1667372079060465,2.199,3.1,2590.0,30.4,NYK
LaMelo Ball,lamelo ball,2026,24.0,PG,0.28847647,4.430941e+07,False,40770520.0,40770520.0,3538888.0,2.59,3.200478911187844,3.415,4.7,2017.0,32.0,CHO
Scottie Barnes,scottie barnes,2026,24.0,PF,0.2873372,4.413442e+07,False,41754690.0,41754690.0,2379730.0,2.88,2.8828890157549663,3.606,4.2,2681.0,23.4,TOR
Jayson Tatum,jayson tatum,2026,27.0,PF,0.28198263,4.331197e+07,False,58456566.0,58456566.0,-15144598.0,3.41,3.699934005434463,4.387,4.8,522.0,30.0,BOS
Kevin Durant,kevin durant,2026,37.0,SF,0.280934,4.31509e+07,False,43902439.0,43902439.0,-751539.0,3.17,1.950822048544538,3.077,4.5,2840.0,27.1,HOU
De'Aaron Fox,de'aaron fox,2026,28.0,PG,0.28055242,4.3092292e+07,False,49800000.0,49800000.0,-6707708.0,2.16,2.0990306576979574,2.838,2.2,2231.0,24.9,SAS
Bam Adebayo,bam adebayo,2026,28.0,C,0.27895057,4.284625e+07,False,49800000.0,49800000.0,-6953752.0,2.26,3.4965041972757147,1.932,2.0,2365.0,25.0,MIA
Jamal Murray,jamal murray,2026,28.0,PG,0.2745042,4.21633e+07,False,50105628.0,50105628.0,-7942328.0,2.8,1.5525918324372554,3.693,4.1,2652.0,27.9,DEN
Donovan Mitchell,donovan mitchell,2026,29.0,SG,0.27341738,4.1996364e+07,False,50105628.0,50105628.0,-8109264.0,3.87,3.805424545595595,5.589,5.1,2342.0,32.2,CLE
Stephen Curry,stephen curry,2026,37.0,PG,0.27090615,4.1610644e+07,False,62587158.0,62587158.0,-20976514.0,1.99,2.7596240982048794,3.229,5.4,1329.0,32.5,GSW
James Harden,james harden,2026,36.0,PG,0.27051356,4.1550344e+07,False,42317307.0,42317307.0,-766963.0,2.64,2.6244434518082818,2.028,3.8,1559.0,31.2,LAC
Joel Embiid,joel embiid,2026,31.0,C,0.26660722,4.0950336e+07,False,58100000.0,58100000.0,-17149664.0,2.59,2.053978194961008,1.873,4.9,1201.0,33.5,PHI
Devin Booker,devin booker,2026,29.0,SG,0.26467723,4.0653892e+07,False,57078728.0,57078728.0,-16424836.0,1.99,2.269559667000102,2.793,2.2,2146.0,32.2,PHO
LeBron James,lebron james,2026,41.0,SF,0.25905976,3.979106e+07,True,,52627153.0,-12836093.0,1.31,2.598437666168042,2.865,3.5,1989.0,27.2,LAL
Stephon Castle,stephon castle,2026,21.0,PG,0.25539914,3.9228796e+07,False,10015920.0,10015920.0,29212876.0,2.01,1.5174444106652856,1.793,1.9,2038.0,24.9,SAS
Cade Cunningham,cade cunningham,2026,24.0,PG,0.2550434,3.9174156e+07,False,50105628.0,50105628.0,-10931472.0,3.64,5.192168744258115,4.266,6.3,2172.0,30.5,DET
Karl-Anthony Towns,karl-anthony towns,2026,30.0,C,0.2549641,3.9161976e+07,False,57078728.0,57078728.0,-17916752.0,3.57,3.088648097009828,2.338,3.3,2322.0,25.9,NYK
Tyrese Maxey,tyrese maxey,2026,25.0,PG,0.25323138,3.889583e+07,False,40770520.0,40770520.0,-1874688.0,1.79,2.626476477245834,3.856,5.4,2661.0,29.4,PHI
Pascal Siakam,pascal siakam,2026,31.0,PF,0.2517567,3.8669324e+07,False,48924624.0,48924624.0,-10255300.0,1.07,0.8753980525560525,1.345,0.7,2057.0,30.1,IND
Jalen Williams,jalen williams,2026,24.0,SG,0.2504911,3.8474932e+07,False,41500000.0,41500000.0,-3025068.0,1.32,1.386865252324482,3.878,2.1,936.0,26.2,OKC
Chet Holmgren,chet holmgren,2026,23.0,PF,0.24812056,3.811082e+07,False,41500000.0,41500000.0,-3389180.0,3.29,4.715564582471276,4.794,4.2,1997.0,21.9,OKC
Jimmy Butler,jimmy butler,2026,36.0,SF,0.24634774,3.783852e+07,False,56832773.0,56832773.0,-18994253.0,1.92,,6.242,5.5,1182.0,23.3,GSW
Deni Avdija,deni avdija,2026,25.0,SF,0.2439551,3.7471016e+07,False,13125000.0,13125000.0,24346016.0,0.98,2.255913032005008,1.864,4.3,2199.0,29.3,POR
Jalen Johnson,jalen johnson,2026,24.0,SF,0.24353449,3.7406412e+07,False,30000000.0,30000000.0,7406412.0,0.4,1.871860869897057,2.638,4.2,2532.0,27.0,ATL
Evan Mobley,evan mobley,2026,24.0,PF,0.24107572,3.7028748e+07,False,50105628.0,50105628.0,-13076880.0,1.81,3.167231012458004,2.769,3.0,2074.0,22.6,CLE
Paolo Banchero,paolo banchero,2026,23.0,PF,0.23234804,3.5688196e+07,False,41500000.0,41500000.0,-5811804.0,0.29,1.0301651760384083,0.631,1.4,2502.0,27.6,ORL
Ja Morant,ja morant,2026,26.0,PG,0.22938606,3.523324e+07,False,42166510.0,42166510.0,-6933270.0,0.89,0.7351190357090822,-1.947,-1.5,569.0,32.5,MEM
Franz Wagner,franz wagner,2026,24.0,SF,0.22629854,3.4759004e+07,False,41754690.0,41754690.0,-6995686.0,1.58,1.7347730165817798,2.467,2.5,1019.0,27.0,ORL
Derrick White,derrick white,2026,31.0,SG,0.22570008,3.466708e+07,False,30348000.0,30348000.0,4319080.0,1.54,4.498096380787693,3.938,3.2,2625.0,22.0,BOS
Ryan Rollins,ryan rollins,2026,23.0,PG,0.22153766,3.4027744e+07,False,4000000.0,4000000.0,30027744.0,1.16,-1.0072702601518415,0.657,0.2,2376.0,24.2,MIL
Aaron Gordon,aaron gordon,2026,30.0,PF,0.21672966,3.3289242e+07,False,33658037.0,33658037.0,-368795.0,2.11,0.61181410781688,3.25,1.7,1005.0,21.9,DEN
Anthony Edwards,anthony edwards,2026,24.0,SG,0.21666202,3.3278852e+07,False,48924624.0,48924624.0,-15645772.0,3.58,1.191730149413976,3.955,4.5,2137.0,31.5,MIN
Darius Garland,darius garland,2026,26.0,PG,0.2165324,3.3258942e+07,False,42166510.0,42166510.0,-8907568.0,0.96,0.5286055892799992,-1.49,-1.6,792.0,25.8,CLE
Michael Porter Jr.,michael porter jr.,2026,27.0,SF,0.21530731,3.3070772e+07,False,40806150.0,40806150.0,-7735378.0,1.35,0.2385762620870544,1.41,3.0,1689.0,30.5,BRK
Lauri Markkanen,lauri markkanen,2026,28.0,PF,0.21514878,3.3046422e+07,False,46113154.0,46113154.0,-13066732.0,1.61,1.041254312818811,2.764,2.6,1443.0,28.1,UTA
Austin Reaves,austin reaves,2026,27.0,SG,0.20979752,3.2224478e+07,False,14898786.0,14898786.0,17325692.0,1.02,1.90049569843999,3.43,2.8,1762.0,26.7,LAL
Anthony Davis,anthony davis,2026,32.0,PF,0.2090919,3.2116098e+07,False,58456566.0,58456566.0,-26340468.0,1.59,1.900166025257746,2.525,2.4,626.0,27.5,DAL
Trae Young,trae young,2026,27.0,PG,0.20592234,3.1629258e+07,True,,46394100.0,-14764842.0,0.59,1.2662407902406172,0.697,1.8,280.0,28.8,ATL
Desmond Bane,desmond bane,2026,27.0,SG,0.20160368,3.0965922e+07,False,39446090.0,39446090.0,-8480168.0,0.73,1.3266670815656956,2.486,1.4,2756.0,23.3,ORL
OG Anunoby,og anunoby,2026,28.0,PF,0.2010576,3.0882044e+07,False,42500000.0,42500000.0,-11617956.0,3.59,1.871807441353847,3.415,2.0,2224.0,19.7,NYK
Jalen Duren,jalen duren,2026,22.0,C,0.1991532,3.0589534e+07,True,,6483144.0,24106390.0,1.75,4.024624988425275,4.948,5.0,1976.0,23.6,DET
Brandon Ingram,brandon ingram,2026,28.0,SF,0.19295968,2.9638222e+07,False,40000000.0,40000000.0,-10361778.0,0.64,-0.2542960934478936,-0.381,0.5,2604.0,26.9,TOR
Nickeil Alexander-Walker,nickeil alexander-walker,2026,27.0,SG,0.19142637,2.9402708e+07,False,14403710.0,14403710.0,14998998.0,0.85,0.8254592553312989,2.466,1.2,2603.0,23.9,ATL
Kevin Porter Jr.,kevin porter jr.,2026,25.0,PG,0.1910216,2.9340536e+07,False,5390700.0,5390700.0,23949836.0,0.45,1.0470908711463078,2.308,2.1,1261.0,24.3,MIL
Jarrett Allen,jarrett allen,2026,27.0,C,0.18927382,2.907208e+07,False,28000000.0,28000000.0,1072080.0,2.62,2.52533491266776,3.015,2.6,1519.0,19.9,CLE
Miles Bridges,miles bridges,2026,27.0,PF,0.18905227,2.903805e+07,False,22826087.0,22826087.0,6211963.0,0.14,1.2474338340100934,1.576,1.1,2387.0,22.3,CHO
Julius Randle,julius randle,2026,31.0,PF,0.18839502,2.8937098e+07,False,33333334.0,33333334.0,-4396236.0,-0.58,0.1677973141075645,1.984,1.5,2610.0,26.5,MIN
Josh Giddey,josh giddey,2026,23.0,PG,0.18576896,2.8533742e+07,False,25000000.0,25000000.0,3533742.0,0.15,0.3095133552457916,-0.083,2.7,1731.0,24.4,CHI
Dejounte Murray,dejounte murray,2026,29.0,PG,0.18496619,2.8410438e+07,False,32785071.0,32785071.0,-4374633.0,0.4,1.3098538414154155,1.193,1.4,389.0,26.6,NOP
Amen Thompson,amen thompson,2026,23.0,PG,0.18473467,2.8374876e+07,False,12258609.0,12258609.0,16116267.0,1.23,1.576957924701804,2.946,2.6,2953.0,20.0,HOU
Mikal Bridges,mikal bridges,2026,29.0,SF,0.18411678,2.827997e+07,False,33482145.0,33482145.0,-5202175.0,0.47,2.030300370393763,2.966,2.7,2692.0,17.3,NYK
Ajay Mitchell,ajay mitchell,2026,23.0,SG,0.18176216,2.7918304e+07,False,2850000.0,2850000.0,25068304.0,0.95,2.211176801408322,4.022,1.9,1473.0,21.8,OKC
Neemias Queta,neemias queta,2026,26.0,C,0.18166044,2.790268e+07,False,2667944.0,2667944.0,25234736.0,1.02,3.686041797998474,3.922,2.8,1926.0,14.7,BOS
CJ McCollum,cj mccollum,2026,34.0,PG,0.1807925,2.7769366e+07,False,21000000.0,21000000.0,6769366.0,1.15,0.3900660357614145,0.814,0.9,1182.0,26.9,ATL
Zion Williamson,zion williamson,2026,25.0,PF,0.18013568,2.766848e+07,False,42166510.0,42166510.0,-14498030.0,0.88,0.3616556451264963,2.929,2.9,1841.0,25.7,NOP
Cooper Flagg,cooper flagg,2026,19.0,SF,0.18001537,2.765e+07,False,14517480.0,14517480.0,13132520.0,-0.13,0.0918480463694024,0.881,1.4,2344.0,26.9,DAL
Ivica Zubac,ivica zubac,2026,28.0,C,0.17928685,2.7538102e+07,False,20342140.0,20342140.0,7195962.0,1.22,0.4012989988211679,-1.216,0.1,1328.0,19.0,LAC
Kon Knueppel,kon knueppel,2026,20.0,SF,0.17779896,2.7309564e+07,False,10516560.0,10516560.0,16793004.0,0.03,1.1077211638111142,2.439,2.8,2551.0,22.3,CHO
Dylan Harper,dylan harper,2026,19.0,SG,0.17752618,2.7267666e+07,False,12989040.0,12989040.0,14278626.0,1.6,1.213301744859714,2.692,1.4,1558.0,21.8,SAS
Norman Powell,norman powell,2026,32.0,SG,0.17606619,2.7043414e+07,True,,20482758.0,6560656.0,0.51,0.8520684263087932,1.64,1.6,1717.0,27.2,MIA
Brandon Miller,brandon miller,2026,23.0,SF,0.17562693,2.6975946e+07,False,15104626.0,15104626.0,11871320.0,0.71,1.568559444631143,2.453,1.6,1968.0,28.1,CHO
Trey Murphy III,trey murphy iii,2026,25.0,SF,0.17557862,2.6968526e+07,False,27000000.0,27000000.0,-31474.0,0.07,1.1046744205932195,2.101,2.4,2341.0,22.7,NOP
Day'Ron Sharpe,day'ron sharpe,2026,24.0,C,0.17455679,2.6811574e+07,False,6250000.0,6250000.0,20561574.0,1.26,0.6338288096406597,1.481,1.4,1160.0,19.9,BRK
Brandon Clarke,brandon clarke,2026,29.0,PF,0.17433296,2.6777194e+07,False,12500000.0,12500000.0,14277194.0,1.16,-0.3910709272002079,0.393,-4.9,20.0,22.4,MEM
Mitchell Robinson,mitchell robinson,2026,27.0,C,0.1743242,2.6775848e+07,True,,12954546.0,13821302.0,2.85,2.8848138291670504,3.589,3.5,1175.0,10.7,NYK
Jalen Suggs,jalen suggs,2026,24.0,PG,0.17370419,2.6680616e+07,False,32400000.0,32400000.0,-5719384.0,1.21,1.8105399535731448,2.371,2.5,1574.0,22.9,ORL
Ausar Thompson,ausar thompson,2026,23.0,SF,0.17284416,2.6548516e+07,False,11117925.0,11117925.0,15430591.0,0.84,2.934193540087612,4.636,3.1,1896.0,16.9,DET
Payton Pritchard,payton pritchard,2026,28.0,PG,0.17183766,2.639392e+07,False,7767857.0,7767857.0,18626063.0,0.47,2.619879355083023,1.803,2.3,2556.0,21.4,BOS
Rudy Gobert,rudy gobert,2026,33.0,C,0.17129953,2.6311266e+07,False,36500000.0,36500000.0,-10188734.0,1.93,1.541712023144134,0.794,1.0,2380.0,12.9,MIN
Paul George,paul george,2026,35.0,PF,0.17005953,2.6120804e+07,False,54126380.0,54126380.0,-28005576.0,1.07,1.6843646132792365,2.837,1.7,1135.0,23.3,PHI
DeMar DeRozan,demar derozan,2026,36.0,PF,0.1680461,2.5811546e+07,False,25740000.0,25740000.0,71546.0,-1.6,-0.5112284043982824,0.32,-0.1,2406.0,22.8,SAC
Paul Reed,paul reed,2026,26.0,C,0.16731416,2.569912e+07,False,5602689.0,5602689.0,20096431.0,1.52,2.789886886303103,5.186,5.3,901.0,20.6,DET
Isaiah Hartenstein,isaiah hartenstein,2026,27.0,C,0.16653465,2.5579388e+07,False,28500000.0,28500000.0,-2920612.0,2.43,3.017607470793377,3.11,4.2,1137.0,16.1,OKC
RJ Barrett,rj barrett,2026,25.0,SF,0.16598886,2.5495558e+07,False,29616071.0,29616071.0,-4120513.0,0.62,1.0935597857120087,1.083,0.2,1726.0,25.8,TOR
Devin Vassell,devin vassell,2026,25.0,SG,0.16316147,2.5061276e+07,False,27000000.0,27000000.0,-1938724.0,1.11,-0.189579312227928,2.189,0.5,2044.0,18.0,SAS
Immanuel Quickley,immanuel quickley,2026,26.0,PG,0.16259135,2.4973706e+07,False,32500000.0,32500000.0,-7526294.0,0.88,2.1913282158489,1.854,2.4,2231.0,21.1,TOR
Jrue Holiday,jrue holiday,2026,35.0,PG,0.16196857,2.487805e+07,False,34800000.0,34800000.0,-9921950.0,0.3,1.3406002846994205,1.547,1.9,1560.0,23.5,POR
Dyson Daniels,dyson daniels,2026,22.0,SG,0.16163354,2.4826588e+07,False,25000000.0,25000000.0,-173412.0,0.76,2.181559908297245,3.657,1.3,2520.0,16.0,ATL
Onyeka Okongwu,onyeka okongwu,2026,25.0,C,0.16031176,2.4623566e+07,False,16120000.0,16120000.0,8503566.0,1.32,1.2883408400968048,-0.165,0.7,2297.0,19.5,ATL
Jalen Smith,jalen smith,2026,25.0,C,0.15617566,2.3988268e+07,False,9428571.0,9428571.0,14559697.0,1.18,1.329183533140475,-0.337,-0.7,1095.0,19.0,CHI
Donovan Clingan,donovan clingan,2026,21.0,C,0.15607959,2.3973512e+07,False,7519920.0,7519920.0,16453592.0,0.92,3.603034847080207,1.746,3.0,2094.0,16.9,POR
Jeremiah Fears,jeremiah fears,2026,19.0,PG,0.15441671,2.3718098e+07,False,7896240.0,7896240.0,15821858.0,-0.79,-0.6002123052581908,-2.905,-2.7,2112.0,25.5,NOP
Anthony Black,anthony black,2026,22.0,PG,0.15374722,2.3615264e+07,False,10106316.0,10106316.0,13508948.0,0.32,0.6200484954067997,-0.256,-0.6,1910.0,22.2,ORL
Brandon Williams,brandon williams,2026,26.0,PG,0.15364578,2.3599686e+07,True,,2270735.0,21328951.0,-0.06,1.2613257491021217,-0.521,0.4,1463.0,25.1,DAL
T.J. McConnell,t.j. mcconnell,2026,33.0,PG,0.15347423,2.3573334e+07,False,11000000.0,11000000.0,12573334.0,-0.47,0.9132133047412722,2.795,2.5,963.0,23.2,IND
Shaedon Sharpe,shaedon sharpe,2026,22.0,SG,0.15289706,2.3484682e+07,False,20089287.0,20089287.0,3395395.0,0.03,-0.682785218947257,0.061,-1.4,1471.0,30.5,POR
Donte DiVincenzo,donte divincenzo,2026,29.0,SG,0.15264452,2.3445892e+07,False,12535000.0,12535000.0,10910892.0,1.44,0.329213033772367,1.72,0.8,2494.0,16.9,MIN
Saddiq Bey,saddiq bey,2026,26.0,SF,0.15194626,2.3338642e+07,False,6440678.0,6440678.0,16897964.0,-0.44,0.1675213812158715,0.639,0.5,2246.0,21.6,NOP
Naz Reid,naz reid,2026,26.0,C,0.15164632,2.329257e+07,False,23275862.0,23275862.0,16708.0,0.21,1.4093369403851488,-0.363,0.9,2007.0,22.1,MIN
De'Anthony Melton,de'anthony melton,2026,27.0,PG,0.15154721,2.3277348e+07,False,3451779.0,3451779.0,19825569.0,0.61,0.7777881398932694,-0.463,-2.5,1125.0,25.4,GSW
Andrew Nembhard,andrew nembhard,2026,26.0,PG,0.15145367,2.3262982e+07,False,19550160.0,19550160.0,3712822.0,-0.21,0.3755625272661924,-1.131,-0.8,1786.0,23.6,IND
Grayson Allen,grayson allen,2026,30.0,SG,0.15134256,2.3245914e+07,False,18125000.0,18125000.0,5120914.0,0.4,1.2722555946735603,2.109,2.1,1467.0,23.8,PHO
Sandro Mamukelashvili,sandro mamukelashvili,2026,26.0,C,0.1507036,2.314777e+07,False,2801346.0,2801346.0,20346424.0,1.45,1.99226921094961,1.782,2.8,1751.0,18.8,TOR
Brandon Williams,brandon williams,2026,26.0,PG,0.15021032,2.3072004e+07,True,,2270735.0,20801269.0,-0.06,1.2613257491021217,-0.521,0.4,1463.0,25.1,DAL
Reed Sheppard,reed sheppard,2026,21.0,SG,0.14960308,2.2978734e+07,False,11108880.0,11108880.0,11869854.0,0.02,-0.5487491908315547,2.91,2.7,2147.0,21.7,HOU
Bobby Portis,bobby portis,2026,30.0,PF,0.14946309,2.2957232e+07,False,14521414.0,14521414.0,8435818.0,-0.93,-1.7077597370873934,-0.418,0.0,1619.0,23.1,MIL
Tristan Vukcevic,tristan vukcevic,2026,22.0,C,0.1492954,2.2931476e+07,True,,,,0.8,-0.1700506842217932,-3.47,0.0,671.0,26.6,WAS
VJ Edgecombe,vj edgecombe,2026,20.0,SG,0.14874642,2.2847152e+07,False,11663880.0,11663880.0,11183272.0,-0.48,-0.1615192599943329,0.951,-0.5,2623.0,20.1,PHI
Tyler Herro,tyler herro,2026,26.0,SG,0.14858001,2.2821594e+07,False,33000000.0,33000000.0,-10178406.0,0.55,0.0788717384946752,0.767,2.0,1033.0,24.7,MIA
Coby White,coby white,2026,25.0,SG,0.14846796,2.2804382e+07,True,,12888889.0,9915493.0,0.22,0.2450162127825386,-0.612,-3.3,843.0,27.1,CHI
Keyonte George,keyonte george,2026,22.0,PG,0.1483697,2.278929e+07,False,6563925.0,6563925.0,16225365.0,-1.07,-1.0334517424486906,-0.786,0.9,1786.0,27.9,UTA
Obi Toppin,obi toppin,2026,27.0,PF,0.14782554,2.2705708e+07,False,15000000.0,15000000.0,7705708.0,-0.27,1.2061654298148872,1.628,3.0,424.0,24.8,IND
Jakob Poeltl,jakob poeltl,2026,30.0,C,0.14745341,2.264855e+07,False,19500000.0,19500000.0,3148550.0,2.21,-0.3217874392332521,0.901,1.6,1149.0,15.3,TOR
Dillon Brooks,dillon brooks,2026,30.0,SF,0.14665504,2.252592e+07,False,19992727.0,19992727.0,2533193.0,-0.21,-0.8323829011329842,-1.04,-2.3,1702.0,28.6,PHO
Jaime Jaquez Jr.,jaime jaquez jr.,2026,24.0,SF,0.14589971,2.2409904e+07,False,5939141.0,5939141.0,16470763.0,-0.48,-0.7295455475082769,0.129,0.1,2121.0,22.3,MIA
Derik Queen,derik queen,2026,21.0,C,0.1451109,2.2288744e+07,False,5416080.0,5416080.0,16872664.0,-0.51,0.0128383347982764,-2.416,-0.8,2023.0,21.8,NOP
Cedric Coward,cedric coward,2026,22.0,SG,0.14497675,2.2268138e+07,False,6001080.0,6001080.0,16267058.0,-0.25,-1.5780844889916636,-0.139,-0.2,1598.0,21.5,MEM
Anfernee Simons,anfernee simons,2026,26.0,SG,0.14470834,2.222691e+07,True,,27678571.0,-5451661.0,-1.4,0.6020825304078208,0.953,0.6,1202.0,23.7,BOS
Collin Sexton,collin sexton,2026,27.0,SG,0.14410399,2.2134084e+07,True,,18975000.0,3159084.0,-0.3,-0.3425130188923878,1.639,1.2,938.0,25.7,CHO
Victor Wembanyama,victor wembanyama,2026,22.0,C,0.14409028,2.2131978e+07,False,16868246.0,16868246.0,5263732.0,6.36,7.917697390303813,8.161,10.7,1866.0,32.4,SAS
Cason Wallace,cason wallace,2026,22.0,SG,0.14379424,2.2086508e+07,False,7420806.0,7420806.0,14665702.0,1.55,1.9293290369309497,3.585,1.2,2046.0,14.5,OKC
Naji Marshall,naji marshall,2026,28.0,SF,0.14367855,2.2068738e+07,False,9428571.0,9428571.0,12640167.0,-1.41,-0.8036742311051763,0.525,-0.6,2184.0,20.5,DAL
Jalen Green,jalen green,2026,23.0,SG,0.14344254,2.2032488e+07,False,36251166.0,36251166.0,-14218678.0,0.02,-0.3946283800214347,-0.677,-1.1,828.0,31.9,PHO
Alex Caruso,alex caruso,2026,31.0,SG,0.14340363,2.2026512e+07,False,19550160.0,19550160.0,2476352.0,2.04,2.256691461831319,3.593,1.9,1020.0,15.7,OKC
Matas Buzelis,matas buzelis,2026,21.0,PF,0.14305241,2.1972564e+07,False,5715360.0,5715360.0,16257204.0,-0.82,-0.955993449610081,-1.302,-1.0,2248.0,22.8,CHI
Domantas Sabonis,domantas sabonis,2026,29.0,C,0.14156544,2.1744168e+07,False,45472000.0,45472000.0,-23727832.0,-0.72,1.6512917395262487,-2.054,0.6,564.0,23.0,SAC
Isaiah Collier,isaiah collier,2026,21.0,PG,0.14073087,2.161598e+07,False,2763960.0,2763960.0,18852020.0,-1.76,-1.337407533923935,-2.617,-2.4,1517.0,20.4,UTA
Malik Monk,malik monk,2026,27.0,SG,0.14020881,2.1535792e+07,False,20190035.0,20190035.0,1345757.0,-0.77,-0.9266033927503604,-1.848,-1.3,1364.0,24.0,SAC
Tre Jones,tre jones,2026,26.0,PG,0.13946241,2.1421148e+07,False,8000000.0,8000000.0,13421148.0,-0.25,0.8062213346810706,1.951,1.3,1752.0,19.2,CHI
nic claxton,nic claxton,2026,26.0,C,0.13901919,2.135307e+07,False,23147727.0,23147727.0,-1794657.0,,-1.554624124045723,-1.406,0.9,1920.0,17.7,BRK
Deandre Ayton,deandre ayton,2026,27.0,C,0.13824746,2.1234534e+07,False,8104000.0,8104000.0,13130534.0,0.17,-0.4476095265576651,-0.74,-0.9,1958.0,16.7,LAL
Kyle Filipowski,kyle filipowski,2026,22.0,C,0.13804702,2.1203746e+07,False,3000000.0,3000000.0,18203746.0,0.46,-0.4553723421726203,-1.747,-1.1,1801.0,20.0,UTA
Derrick Jones Jr.,derrick jones jr.,2026,28.0,SF,0.13794555,2.118816e+07,False,10476190.0,10476190.0,10711970.0,1.28,-0.0573751402785381,0.329,-0.7,1350.0,15.1,LAC
Mouhamed Gueye,mouhamed gueye,2026,23.0,PF,0.13779181,2.1164546e+07,False,2406205.0,2406205.0,18758341.0,1.03,0.7074590625308568,-0.226,-1.3,1179.0,12.4,ATL
Cole Anthony,cole anthony,2026,25.0,PG,0.1365701,2.0976894e+07,False,3700000.0,3700000.0,17276894.0,-1.56,-1.7634528299046046,-5.614,-4.7,527.0,25.8,MIL
Brandin Podziemski,brandin podziemski,2026,22.0,SG,0.13624226,2.0926538e+07,False,5679459.0,5679459.0,15247079.0,0.56,0.5775263729693617,0.68,0.2,2333.0,20.1,GSW
Scotty Pippen Jr.,scotty pippen jr.,2026,25.0,PG,0.1358106,2.0860236e+07,False,2461462.0,2461462.0,18398774.0,0.12,-0.5648669761342583,-0.521,-2.8,212.0,26.1,MEM
Kyshawn George,kyshawn george,2026,22.0,SF,0.13548675,2.0810494e+07,False,3108000.0,3108000.0,17702494.0,-1.08,-1.1082768666654568,-2.404,-1.2,1391.0,22.8,WAS
alex sarr,alex sarr,2026,20.0,C,0.13522637,2.07705e+07,False,12370680.0,12370680.0,8399820.0,,-0.2533882692240912,-1.561,0.7,1305.0,25.7,WAS
Cam Thomas,cam thomas,2026,24.0,SG,0.13494392,2.0727116e+07,True,,5993172.0,14733944.0,-1.56,-1.123847423273062,-4.749,-5.1,582.0,30.3,BRK
Brice Sensabaugh,brice sensabaugh,2026,22.0,SF,0.13433419,2.0633464e+07,False,4862237.0,4862237.0,15771227.0,-0.51,-1.9604852475078065,-2.837,-2.6,1762.0,24.9,UTA
Kyle Kuzma,kyle kuzma,2026,30.0,PF,0.13386582,2.0561522e+07,False,20345152.0,20345152.0,216370.0,-2.88,-1.9758070161681875,-1.645,-2.3,1806.0,21.8,MIL
Devin Carter,devin carter,2026,23.0,PG,0.13339323,2.0488934e+07,False,5158080.0,5158080.0,15330854.0,-0.26,0.4598073668777512,-3.027,-2.6,700.0,23.5,SAC
Ace Bailey,ace bailey,2026,19.0,SF,0.13284191,2.0404252e+07,False,9523080.0,9523080.0,10881172.0,-2.2,-2.687211075213887,-4.016,-4.4,1988.0,21.4,UTA
Nique Clifford,nique clifford,2026,23.0,SG,0.13223405,2.0310886e+07,False,3263400.0,3263400.0,17047486.0,-1.81,-1.2255635812884609,-3.023,-4.9,1882.0,17.0,SAC
Jarace Walker,jarace walker,2026,22.0,PF,0.13186622,2.0254388e+07,False,8478542.0,8478542.0,11775846.0,-1.65,-1.912626635834325,-3.145,-2.4,1953.0,20.7,IND
Jaylen Wells,jaylen wells,2026,22.0,SG,0.13185528,2.0252708e+07,False,2296271.0,2296271.0,17956437.0,-0.92,-1.895112647857408,-1.768,-3.1,1821.0,19.3,MEM
Zach LaVine,zach lavine,2026,30.0,SG,0.13165912,2.0222578e+07,False,48967380.0,48967380.0,-28744802.0,-2.31,-0.9677684075246528,-1.861,-1.5,1224.0,23.7,SAC
Josh Hart,josh hart,2026,30.0,SF,0.13159488,2.021271e+07,False,20923760.0,20923760.0,-711050.0,0.53,1.607636128509971,2.047,3.0,1994.0,16.7,NYK
Gui Santos,gui santos,2026,23.0,PF,0.13155957,2.0207286e+07,False,4629630.0,4629630.0,15577656.0,0.59,0.3546599500175279,0.028,-0.6,1395.0,18.7,GSW
Cody Williams,cody williams,2026,21.0,SG,0.13145362,2.0191012e+07,False,6015600.0,6015600.0,14175412.0,-3.0,-2.9591747381153737,-4.04,-5.5,1631.0,16.0,UTA
Russell Westbrook,russell westbrook,2026,37.0,SF,0.13119557,2.0151378e+07,True,,2296274.0,17855104.0,-2.47,-0.3190370331184229,-1.999,-0.4,1853.0,25.9,SAC
Keldon Johnson,keldon johnson,2026,26.0,SF,0.13077945,2.0087462e+07,False,17500000.0,17500000.0,2587462.0,-0.24,0.8392388034961392,1.628,0.9,1911.0,21.0,SAS
Jerami Grant,jerami grant,2026,31.0,PF,0.13047001,2.0039932e+07,False,34206898.0,34206898.0,-14166966.0,-0.55,0.1681888455035956,0.457,0.0,1695.0,23.8,POR
John Collins,john collins,2026,28.0,PF,0.13014242,1.9989616e+07,True,,26580000.0,-6590384.0,0.33,0.577514445977359,0.371,-0.5,1872.0,19.5,LAC
Peyton Watson,peyton watson,2026,23.0,SF,0.13013536,1.998853e+07,True,,4356476.0,15632054.0,-0.81,-1.251054584684424,0.179,-1.2,1598.0,20.6,DEN
Maxime Raynaud,maxime raynaud,2026,22.0,C,0.13005026,1.997546e+07,False,2150917.0,2150917.0,17824543.0,-1.71,-1.9828521152292728,-3.249,-2.4,1964.0,18.2,SAC
Will Riley,will riley,2026,19.0,SF,0.12978439,1.9934622e+07,False,3688320.0,3688320.0,16246302.0,-2.0,-3.969849476989433,-3.876,-4.5,1633.0,20.2,WAS
Julian Champagnie,julian champagnie,2026,24.0,SF,0.12974207,1.9928122e+07,False,3000000.0,3000000.0,16928122.0,1.84,1.6112975346302931,1.806,1.4,2266.0,15.2,SAS
Bilal Coulibaly,bilal coulibaly,2026,21.0,SG,0.1287621,1.97776e+07,False,9240012.0,9240012.0,10537588.0,-1.1,-1.6993363646211606,-1.3,-2.1,1468.0,19.9,WAS
Jaden Hardy,jaden hardy,2026,23.0,SG,0.12861459,1.9754944e+07,False,6000000.0,6000000.0,13754944.0,-1.78,-1.9243208019275424,-4.667,-5.7,470.0,25.4,WAS
Kel'el Ware,kel'el ware,2026,21.0,C,0.12837352,1.9717916e+07,False,4654920.0,4654920.0,15062996.0,-0.05,1.473780831198929,0.661,2.1,1704.0,18.0,MIA
Noah Clowney,noah clowney,2026,21.0,PF,0.12834136,1.9712976e+07,False,5414034.0,5414034.0,14298942.0,-1.47,-2.780679994542238,-2.457,-3.4,1780.0,20.4,BRK
Cam Whitmore,cam whitmore,2026,21.0,SF,0.12812892,1.9680346e+07,False,5458310.0,5458310.0,14222036.0,-1.26,-1.334524420479615,-3.609,-3.3,354.0,23.7,WAS
Ousmane Dieng,ousmane dieng,2026,22.0,C,0.12812777,1.968017e+07,True,,6670882.0,13009288.0,-3.7,-1.5238766972304645,-5.885,-4.6,804.0,21.5,MIL
Klay Thompson,klay thompson,2026,35.0,SF,0.12795968,1.9654352e+07,False,17460317.0,17460317.0,2194035.0,-1.22,-1.574463535435907,-2.764,-1.4,1497.0,22.7,DAL
Kennedy Chandler,kennedy chandler,2026,23.0,PG,0.12786631,1.964001e+07,True,,,,-2.36,-0.7628377150947644,-2.338,-5.7,355.0,20.7,UTA
Danny Wolf,danny wolf,2026,21.0,PF,0.12762018,1.9602204e+07,False,2941440.0,2941440.0,16660764.0,-1.34,-0.8481842060331454,-2.933,-2.5,1187.0,20.6,BRK
Scoot Henderson,scoot henderson,2026,21.0,PG,0.12740533,1.9569204e+07,False,13585523.0,13585523.0,5983681.0,-0.86,-0.3674551667314817,-1.451,-2.2,748.0,25.0,POR
Wendell Carter Jr.,wendell carter jr.,2026,26.0,C,0.1270151,1.9509266e+07,False,18102000.0,18102000.0,1407266.0,0.67,0.2537359047281156,-0.487,-0.6,2288.0,15.6,ORL
Nolan Traore,nolan traore,2026,19.0,PG,0.12696314,1.9501284e+07,False,4002000.0,4002000.0,15499284.0,-2.39,-3.2472460318503127,-5.98,-6.8,1243.0,22.8,BRK
D'Angelo Russell,d'angelo russell,2026,29.0,PG,0.12678245,1.947353e+07,False,5969250.0,5969250.0,13504280.0,-1.2,-0.4279002517078403,-3.993,-2.3,495.0,26.0,DAL
Andrew Wiggins,andrew wiggins,2026,30.0,SF,0.1265232,1.943371e+07,False,30169644.0,30169644.0,-10735934.0,-0.49,0.4724024149727444,0.446,1.2,2063.0,19.7,MIA
Jaden McDaniels,jaden mcdaniels,2026,25.0,PF,0.12652297,1.9433676e+07,False,26200001.0,26200001.0,-6766325.0,0.28,-1.1890154596165226,0.719,-0.3,2316.0,18.5,MIN
Rob Dillingham,rob dillingham,2026,21.0,PG,0.1264997,1.94301e+07,False,6889320.0,6889320.0,12540780.0,-2.83,-2.433290606290145,-5.567,-6.8,644.0,22.7,CHI
Moritz Wagner,moritz wagner,2026,28.0,C,0.12613185,1.93736e+07,True,,5000000.0,14373600.0,-1.21,0.4840493852710893,-2.972,-2.2,427.0,24.3,ORL
Myles Turner,myles turner,2026,29.0,C,0.1260836,1.9366188e+07,False,26584164.0,26584164.0,-7217976.0,-0.03,-0.3043786132835626,-1.833,-0.9,1912.0,18.6,MIL
Bruce Brown,bruce brown,2026,29.0,SG,0.12602332,1.935693e+07,True,,2296274.0,17060656.0,-2.81,-1.5724783081512737,-1.345,-2.4,1998.0,14.5,DEN
Precious Achiuwa,precious achiuwa,2026,26.0,C,0.12592708,1.9342146e+07,True,,2111516.0,17230630.0,-0.48,-0.0783802132245243,-1.492,-1.6,1745.0,17.6,SAC
Jordan Poole,jordan poole,2026,26.0,PG,0.1258278,1.93269e+07,False,34044642.0,34044642.0,-14717742.0,-1.86,-0.9675519971474408,-4.644,-3.5,933.0,25.1,NOP
Pelle Larsson,pelle larsson,2026,24.0,SG,0.12553371,1.9281728e+07,False,2296271.0,2296271.0,16985457.0,-0.69,0.090131663688811,-0.051,-1.2,1849.0,16.8,MIA
De'Andre Hunter,de'andre hunter,2026,28.0,SF,0.12552802,1.9280854e+07,False,24910714.0,24910714.0,-5629860.0,-1.4,-0.3014314850454314,-2.783,-3.4,1125.0,22.9,CLE
P.J. Washington,p.j. washington,2026,27.0,PF,0.12549375,1.927559e+07,False,19813044.0,19813044.0,-537454.0,-1.04,-0.3179445541867295,-1.389,-1.6,1736.0,20.1,DAL
Tre Mann,tre mann,2026,24.0,PG,0.1253156,1.9248226e+07,False,8000000.0,8000000.0,11248226.0,-2.83,-1.276843589685244,-6.295,-5.3,669.0,23.3,CHO
Daniss Jenkins,daniss jenkins,2026,24.0,PG,0.1251781,1.9227106e+07,False,4000000.0,4000000.0,15227106.0,-1.66,0.4929666515072924,-0.746,-0.7,1455.0,21.5,DET
Brook Lopez,brook lopez,2026,37.0,C,0.12437783,1.9104186e+07,False,9187500.0,9187500.0,9916686.0,-0.96,0.3758571246175977,-2.135,-0.9,1635.0,17.2,LAC
Jaden Ivey,jaden ivey,2026,23.0,SG,0.124249205,1.908443e+07,True,,10107163.0,8977267.0,-1.72,-1.1784791373947603,-0.998,0.1,555.0,20.4,DET
Kris Dunn,kris dunn,2026,31.0,PG,0.124151275,1.9069388e+07,False,5684800.0,5684800.0,13384588.0,0.31,0.796888847991976,-0.121,-0.8,2230.0,12.4,LAC
Bennedict Mathurin,bennedict mathurin,2026,23.0,SF,0.123995885,1.904552e+07,True,,9187573.0,9857947.0,-1.66,0.4596194411368628,-3.281,-2.8,891.0,23.2,IND
Jay Huff,jay huff,2026,27.0,C,0.12383257,1.9020434e+07,False,2667944.0,2667944.0,16352490.0,-0.08,0.2840098657892955,-1.736,0.4,1719.0,18.0,IND
Cam Spencer,cam spencer,2026,25.0,SG,0.12362502,1.8988556e+07,False,2411090.0,2411090.0,16577466.0,-0.58,-0.4024496818123408,1.852,2.2,1714.0,17.2,MEM
Max Christie,max christie,2026,22.0,SG,0.123355515,1.894716e+07,False,8285714.0,8285714.0,10661446.0,-1.23,-2.0099242117429013,-1.661,-1.5,2244.0,16.5,DAL
Khris Middleton,khris middleton,2026,34.0,SF,0.12321046,1.892488e+07,True,,33296296.0,-14371416.0,-1.42,-1.3966516304527246,-3.081,-4.0,827.0,19.6,WAS
Ben Saraf,ben saraf,2026,19.0,SG,0.122796215,1.8861254e+07,False,3028560.0,3028560.0,15832694.0,-3.37,-3.250581368191982,-5.179,-7.3,916.0,21.0,BRK
Marcus Smart,marcus smart,2026,31.0,SG,0.12272357,1.8850096e+07,False,5390700.0,5390700.0,13459396.0,0.98,0.3589072896880312,0.459,-2.2,1769.0,15.4,LAL
Tobias Harris,tobias harris,2026,33.0,PF,0.12269716,1.8846038e+07,True,,26634146.0,-7788108.0,0.63,1.6579911162959875,2.152,1.4,1746.0,18.8,DET
Collin Gillespie,collin gillespie,2026,26.0,PG,0.122392885,1.8799302e+07,True,,2296274.0,16503028.0,0.68,1.849261355311284,1.419,2.5,2282.0,18.7,PHO
Quentin Grimes,quentin grimes,2026,25.0,SG,0.12237152,1.879602e+07,True,,8741209.0,10054811.0,-1.21,-0.9906360333341644,-0.609,-1.6,2206.0,19.0,PHI
Santi Aldama,santi aldama,2026,25.0,PF,0.12218795,1.8767824e+07,False,17007043.0,17007043.0,1760781.0,-0.23,-0.8081846854465103,0.588,1.7,1198.0,20.2,MEM
Zaccharie Risacher,zaccharie risacher,2026,20.0,SF,0.12218596,1.876752e+07,False,13826040.0,13826040.0,4941480.0,-2.23,-0.1225400320465626,-1.741,-2.5,1503.0,17.6,ATL
Jordan Miller,jordan miller,2026,26.0,SF,0.121831074,1.871301e+07,False,2497812.0,2497812.0,16215198.0,-0.09,-0.0296469753162248,0.23,0.2,1325.0,18.0,LAC
Tari Eason,tari eason,2026,24.0,PF,0.12177084,1.8703756e+07,True,,5675766.0,13027990.0,0.64,0.1631047641602607,0.679,-1.6,1549.0,18.7,HOU
Tre Johnson,tre johnson,2026,19.0,SG,0.12150439,1.8662832e+07,False,8649600.0,8649600.0,10013232.0,-3.05,-4.127531270633723,-4.205,-5.0,1443.0,22.5,WAS
Terance Mann,terance mann,2026,29.0,SG,0.12146476,1.8656744e+07,False,15500000.0,15500000.0,3156744.0,-2.27,-2.627195475295649,-2.244,-3.4,1529.0,13.5,BRK
Jonathan Kuminga,jonathan kuminga,2026,23.0,PF,0.121459335,1.865591e+07,False,24300000.0,24300000.0,-5644090.0,-1.3,-0.0267310178733668,-3.883,-3.6,476.0,24.0,GSW
Miles McBride,miles mcbride,2026,25.0,SG,0.121376455,1.864318e+07,False,3956523.0,3956523.0,14686657.0,1.19,0.9715736232916083,2.143,1.2,1080.0,18.2,NYK
Herbert Jones,herbert jones,2026,27.0,SF,0.12127924,1.8628248e+07,False,14898786.0,14898786.0,3729462.0,0.84,-0.2376424205460855,-1.225,-3.1,1588.0,15.2,NOP
Gary Payton II,gary payton ii,2026,33.0,SG,0.12115399,1.860901e+07,True,,2296274.0,16312736.0,-0.06,1.874196340278264,2.668,1.9,1142.0,18.4,GSW
DeJon Jarreau,dejon jarreau,2026,28.0,SG,0.12105119,1.8593222e+07,True,,,,-1.79,-1.2528916647359143,-5.483,-5.2,231.0,21.4,MEM
Trendon Watford,trendon watford,2026,25.0,PF,0.120919906,1.8573056e+07,False,2801346.0,2801346.0,15771710.0,-1.59,-1.878772853048347,-3.528,-1.9,864.0,17.9,PHI
Kelly Oubre Jr.,kelly oubre jr.,2026,30.0,SF,0.120816536,1.8557178e+07,True,,8382150.0,10175028.0,-0.21,-1.8728308263696647,-0.527,-1.4,1574.0,18.2,PHI
Jamal Shead,jamal shead,2026,23.0,PG,0.120673485,1.8535206e+07,False,2296271.0,2296271.0,16238935.0,-0.49,0.3772674632266252,-0.768,-2.3,1852.0,15.5,TOR
Steven Adams,steven adams,2026,32.0,C,0.120253146,1.8470642e+07,False,13000000.0,13000000.0,5470642.0,1.45,-0.7263191300428518,0.151,-0.5,730.0,12.1,HOU
Jock Landale,jock landale,2026,30.0,C,0.11985917,1.8410128e+07,True,,2296274.0,16113854.0,-0.67,-0.1131101714637671,-1.936,-0.2,1060.0,18.6,MEM
AJ Johnson,aj johnson,2026,21.0,SG,0.11979292,1.8399954e+07,False,3237120.0,3237120.0,15162834.0,-3.24,-0.9595887614951136,-6.786,-7.4,240.0,20.5,DAL
Tyler Kolek,tyler kolek,2026,24.0,PG,0.1197887,1.8399304e+07,False,2296271.0,2296271.0,16103033.0,-0.93,-0.3807967520874178,-1.562,-0.6,727.0,18.4,NYK
Kobe Bufkin,kobe bufkin,2026,22.0,SG,0.11972776,1.8389944e+07,True,,4503720.0,13886224.0,-2.91,-0.4990947670531566,-9.054,-9.4,119.0,22.1,LAL
Leonard Miller,leonard miller,2026,22.0,SF,0.11972442,1.8389432e+07,False,2406205.0,2406205.0,15983227.0,-0.95,-0.5258015370573497,0.147,-0.6,624.0,18.3,CHI
Goga Bitadze,goga bitadze,2026,26.0,C,0.11972121,1.8388938e+07,False,7608696.0,7608696.0,10780242.0,1.02,2.410641789768301,2.016,2.8,972.0,13.5,ORL
Caris LeVert,caris levert,2026,31.0,SG,0.119712934,1.8387668e+07,False,14809200.0,14809200.0,3578468.0,-2.62,-0.8592887084368879,-1.29,-0.4,1154.0,18.4,DET
bub carrington,bub carrington,2026,20.0,PG,0.1196743,1.8381734e+07,False,4900560.0,4900560.0,13481174.0,,-5.07189591349135,-5.894,-4.7,2271.0,18.0,WAS
Aaron Nesmith,aaron nesmith,2026,26.0,SF,0.11962113,1.8373566e+07,False,11000000.0,11000000.0,7373566.0,-0.09,-1.2004697661871877,-3.081,-3.4,1335.0,19.8,IND
Jake LaRavia,jake laravia,2026,24.0,PF,0.119552605,1.8363042e+07,False,6000000.0,6000000.0,12363042.0,-0.67,-0.9034090856489162,-0.366,-1.2,2061.0,14.4,LAL
Kentavious Caldwell-Pope,kentavious caldwell-pope,2026,32.0,SG,0.11953836,1.8360852e+07,False,21621500.0,21621500.0,-3260648.0,-0.98,-1.547281267123958,-2.015,-2.5,1088.0,17.7,MEM
Jordan Clarkson,jordan clarkson,2026,33.0,SG,0.11941524,1.8341942e+07,True,,10651561.0,7690381.0,-1.74,-1.250083408340688,-1.622,-3.3,1279.0,21.1,NYK
Malaki Branham,malaki branham,2026,22.0,SG,0.119322,1.832762e+07,True,,4962033.0,13365587.0,-1.61,-0.590471275480412,-1.542,-2.2,275.0,18.4,WAS
Jordan Goodwin,jordan goodwin,2026,27.0,PG,0.11930964,1.8325722e+07,True,,2349578.0,15976144.0,0.6,1.9227650772407243,1.521,1.8,1572.0,17.5,PHO
Johnny Juzang,johnny juzang,2026,24.0,SG,0.11920688,1.8309938e+07,True,,,,-1.45,-0.6103860399301421,-3.97,-3.3,88.0,22.3,MIN
Bradley Beal,bradley beal,2026,32.0,SG,0.118829034,1.8251902e+07,False,19383010.0,19383010.0,-1131108.0,-1.41,-0.4750823784144115,-7.17,-10.6,121.0,22.2,LAC
Ayo Dosunmu,ayo dosunmu,2026,26.0,SG,0.11879756,1.8247068e+07,True,,7518518.0,10728550.0,-0.59,-0.8869736441644908,1.475,0.8,1187.0,20.8,CHI
Taylor Hendricks,taylor hendricks,2026,22.0,PF,0.11876195,1.8241598e+07,False,7805900.0,7805900.0,10435698.0,-0.43,-1.9526800038796803,0.005,-1.5,626.0,18.2,MEM
Sion James,sion james,2026,23.0,SG,0.11867348,1.822801e+07,False,2411090.0,2411090.0,15816920.0,-1.51,0.2519693315976921,-0.867,-2.0,1843.0,11.0,CHO
Jordan Hawkins,jordan hawkins,2026,23.0,SG,0.11864677,1.8223906e+07,False,7021895.0,7021895.0,11202011.0,-3.78,-3.0878972915588925,-6.403,-6.2,692.0,18.2,NOP
Zach Edey,zach edey,2026,23.0,C,0.11855754,1.8210202e+07,False,6332760.0,6332760.0,11877442.0,0.03,0.3299625090469456,1.581,0.5,284.0,20.2,MEM
Mac McClung,mac mcclung,2026,27.0,SG,0.11844678,1.8193188e+07,True,,164060.0,18029128.0,-1.73,0.603680505168869,-2.577,-6.9,101.0,22.4,CHI
Keegan Murray,keegan murray,2026,25.0,PF,0.118424036,1.8189696e+07,False,24137936.0,24137936.0,-5948240.0,-0.22,-0.3256381388070832,-2.333,-3.1,793.0,18.7,SAC
Ziaire Williams,ziaire williams,2026,24.0,SF,0.11836865,1.8181188e+07,False,6250000.0,6250000.0,11931188.0,-0.81,-0.8284192341155567,-0.773,-1.7,1281.0,18.9,BRK
Dariq Whitehead,dariq whitehead,2026,21.0,SF,0.11829085,1.8169238e+07,True,,3262560.0,14906678.0,-2.6,-1.4660216921256488,-6.495,-8.0,183.0,24.1,MEM
Toumani Camara,toumani camara,2026,25.0,PF,0.11822496,1.8159118e+07,False,18080358.0,18080358.0,78760.0,0.57,0.1171222569576441,0.252,-1.0,2731.0,16.3,POR
Olivier-Maxence Prosper,olivier-maxence prosper,2026,23.0,PF,0.11786346,1.8103592e+07,False,1002360.0,1002360.0,17101232.0,-0.07,-1.757698917863523,-0.326,-0.1,984.0,18.9,MEM
Justin Champagnie,justin champagnie,2026,24.0,SF,0.11774112,1.80848e+07,False,2667944.0,2667944.0,15416856.0,0.71,-0.5862625493747865,0.012,-0.4,1377.0,16.7,WAS
Oso Ighodaro,oso ighodaro,2026,23.0,PF,0.11722195,1.8005058e+07,False,2296271.0,2296271.0,15708787.0,0.62,0.5540186894943457,1.25,0.1,1808.0,12.2,PHO
Jamaree Bouyea,jamaree bouyea,2026,26.0,PG,0.11711717,1.7988962e+07,True,,,,-1.03,-0.1633436563781174,-1.165,-0.4,644.0,18.5,PHO
Davion Mitchell,davion mitchell,2026,27.0,PG,0.11680801,1.7941478e+07,False,12400000.0,12400000.0,5541478.0,-0.18,-0.2261781591052172,0.035,-0.9,2000.0,13.6,MIA
Gradey Dick,gradey dick,2026,22.0,SG,0.11669424,1.7924002e+07,False,7131511.0,7131511.0,10792491.0,-1.93,-1.8272482766498124,-1.315,-3.6,1067.0,18.7,TOR
Moses Moody,moses moody,2026,23.0,SG,0.11655685,1.79029e+07,False,12500000.0,12500000.0,5402900.0,0.56,0.2664715681464635,0.806,-0.1,1540.0,18.3,GSW
Jared McCain,jared mccain,2026,21.0,SG,0.116524965,1.7898002e+07,False,4422600.0,4422600.0,13475402.0,-1.5,-1.825440754469342,-2.102,-3.7,620.0,18.5,PHI
Tyrese Proctor,tyrese proctor,2026,21.0,PG,0.1163769,1.7875258e+07,False,2150917.0,2150917.0,15724341.0,-1.41,0.020671161054063,-2.702,-2.8,545.0,22.0,CLE
Asa Newell,asa newell,2026,20.0,PF,0.116199106,1.784795e+07,False,3399480.0,3399480.0,14448470.0,-0.56,-0.9152213337872116,-1.881,-1.5,500.0,17.1,ATL
Lonzo Ball,lonzo ball,2026,28.0,PG,0.11594875,1.7809496e+07,True,,10000000.0,7809496.0,0.19,0.5609736638627315,-2.056,-1.1,728.0,13.7,CLE
Nick Smith Jr.,nick smith jr.,2026,21.0,SG,0.1157708,1.7782164e+07,True,,2710680.0,15071484.0,-2.36,-2.135906162338185,-3.654,-4.7,375.0,22.0,LAL
David Roddy,david roddy,2026,24.0,PF,0.11573899,1.7777278e+07,True,,,,-1.55,-0.466705088365005,3.799,0.0,73.0,20.9,DEN
Jase Richardson,jase richardson,2026,20.0,SG,0.11551291,1.7742552e+07,False,3132360.0,3132360.0,14610192.0,-1.83,-1.5600790376635474,-1.5,-2.5,587.0,16.8,ORL
Dereck Lively II,dereck lively ii,2026,21.0,C,0.115434356,1.7730486e+07,False,7239131.0,7239131.0,10491355.0,0.47,0.5558385228469476,-0.952,0.6,115.0,11.8,DAL
Noah Penda,noah penda,2026,21.0,SF,0.11542101,1.7728436e+07,False,2150917.0,2150917.0,15577519.0,-0.86,-0.3078181536857564,-2.532,-1.5,757.0,14.8,ORL
Jonathan Isaac,jonathan isaac,2026,28.0,PF,0.11529395,1.770892e+07,False,14500000.0,14500000.0,3208920.0,0.69,0.6713845957006315,-1.939,-1.6,521.0,12.4,ORL
Cam Christie,cam christie,2026,20.0,SG,0.11511228,1.7681016e+07,False,2296271.0,2296271.0,15384745.0,-2.54,-0.9833670711632292,-4.015,-4.6,480.0,16.9,LAC
Josh Minott,josh minott,2026,23.0,PF,0.11503037,1.7668434e+07,False,2584539.0,2584539.0,15083895.0,1.17,0.1695911781276792,2.316,2.2,526.0,13.8,BOS
Quinten Post,quinten post,2026,25.0,PF,0.114901446,1.7648632e+07,True,,1955377.0,15693255.0,-0.58,-0.2120194615085263,-1.446,-1.1,1159.0,18.8,GSW
Julian Strawther,julian strawther,2026,23.0,SG,0.11481524,1.7635392e+07,False,4826931.0,4826931.0,12808461.0,-1.53,-1.2350089095951269,-1.521,-2.3,861.0,19.4,DEN
Bronny James,bronny james,2026,21.0,SG,0.11481303,1.7635052e+07,False,2296271.0,2296271.0,15338781.0,-2.27,-2.2186953469126003,-3.343,-4.3,375.0,16.7,LAL
Draymond Green,draymond green,2026,35.0,PF,0.11457205,1.7598038e+07,False,27678571.0,27678571.0,-10080533.0,0.27,-0.9157182477761509,-2.35,-1.4,1869.0,16.1,GSW
Nick Richards,nick richards,2026,28.0,C,0.11455725,1.7595764e+07,True,,5000000.0,12595764.0,-1.74,-0.9545032579541356,-5.588,-5.8,447.0,18.3,CHI
Rasheer Fleming,rasheer fleming,2026,21.0,PF,0.11449978,1.7586936e+07,False,2150917.0,2150917.0,15436019.0,-1.54,-1.10060596514697,-1.923,-3.8,673.0,16.3,PHO
Carter Bryant,carter bryant,2026,20.0,PF,0.114439145,1.7577624e+07,False,5145360.0,5145360.0,12432264.0,-1.84,-0.6458533149116625,-3.079,-3.0,818.0,16.3,SAS
Tyrese Martin,tyrese martin,2026,26.0,SG,0.114403866,1.7572206e+07,True,,2191897.0,15380309.0,-1.76,-0.6280510506935799,-2.979,-3.1,696.0,18.8,BRK
Kam Jones,kam jones,2026,23.0,SG,0.11434729,1.7563514e+07,True,,1272870.0,16290644.0,-1.99,-2.936339398516781,-3.931,-6.2,616.0,14.4,IND
Christian Braun,christian braun,2026,24.0,SG,0.1142815,1.755341e+07,False,21551726.0,21551726.0,-3998316.0,0.58,-0.4633209897194799,0.888,-1.2,1399.0,14.8,DEN
Justin Edwards,justin edwards,2026,22.0,SF,0.114219025,1.7543814e+07,False,2411090.0,2411090.0,15132724.0,-1.28,-1.0733650504599157,-0.762,-1.3,977.0,16.1,PHI
Yves Missi,yves missi,2026,21.0,C,0.11407586,1.7521824e+07,False,3512760.0,3512760.0,14009064.0,-0.92,0.0862604186429433,-2.568,-1.7,1297.0,12.6,NOP
Markelle Fultz,markelle fultz,2026,27.0,PG,0.113914825,1.749709e+07,True,,,,-2.2,-1.0059153838751604,-12.762,-16.3,36.0,17.9,TOR
Isaac Okoro,isaac okoro,2026,25.0,SG,0.11389046,1.7493348e+07,False,11814814.0,11814814.0,5678534.0,-1.24,-2.563398017398722,-2.646,-3.8,1695.0,13.6,CHI
Simone Fontecchio,simone fontecchio,2026,30.0,SF,0.11385217,1.7487466e+07,True,,8307692.0,9179774.0,0.0,0.3407992663421232,-0.236,0.5,1173.0,19.6,MIA
E.J. Liddell,e.j. liddell,2026,25.0,PF,0.1137833,1.7476888e+07,False,706898.0,706898.0,16769990.0,-0.95,-1.054253368848872,-2.294,-3.3,349.0,17.2,BRK
Patrick Williams,patrick williams,2026,24.0,PF,0.11349817,1.7433092e+07,False,18000000.0,18000000.0,-566908.0,-2.7,-2.463324378244191,-4.802,-4.5,1474.0,16.6,CHI
Joan Beringer,joan beringer,2026,19.0,PF,0.11345816,1.7426946e+07,False,4411200.0,4411200.0,13015746.0,0.26,0.4670834118338173,2.166,0.4,314.0,16.8,MIN
Jalen Wilson,jalen wilson,2026,25.0,PF,0.1133099,1.7404174e+07,True,,2221677.0,15182497.0,-2.04,-2.024304233453893,-4.413,-5.6,859.0,18.2,BRK
Aaron Wiggins,aaron wiggins,2026,27.0,SG,0.11327392,1.7398648e+07,False,9224300.0,9224300.0,8174348.0,-0.53,0.0612794633729413,-0.669,-0.9,1414.0,19.9,OKC
MarJon Beauchamp,marjon beauchamp,2026,25.0,SF,0.11325713,1.739607e+07,True,,,,-1.2,-0.1751724333324091,-1.993,-1.6,196.0,21.0,PHI
Sharife Cooper,sharife cooper,2026,24.0,PG,0.113225974,1.7391284e+07,True,,,,-1.68,-2.116545298424636,-4.184,-3.9,700.0,20.0,WAS
Monte Morris,monte morris,2026,30.0,PG,0.11321989,1.7390348e+07,True,,321184.0,17069164.0,-0.78,-0.0341863523711289,-7.48,-5.9,65.0,15.5,IND
Jaylon Tyson,jaylon tyson,2026,23.0,SG,0.11318724,1.7385334e+07,False,3658560.0,3658560.0,13726774.0,-1.52,0.945521821956786,0.605,0.1,1777.0,19.3,CLE
Killian Hayes,killian hayes,2026,24.0,PG,0.11292015,1.734431e+07,True,,263940.0,17080370.0,-1.61,0.2993504758426546,-3.684,-6.0,406.0,18.7,SAC
Ariel Hukporti,ariel hukporti,2026,23.0,C,0.11278025,1.732282e+07,True,,1955377.0,15367443.0,-1.85,-1.1329418972874623,-3.877,-2.3,498.0,10.9,NYK
Patrick Baldwin Jr.,patrick baldwin jr.,2026,23.0,SF,0.11271152,1.7312264e+07,True,,131970.0,17180294.0,-1.84,0.2176266584519105,-4.847,-5.6,88.0,14.1,SAC
Isaiah Stewart,isaiah stewart,2026,24.0,C,0.11270853,1.7311804e+07,False,15000000.0,15000000.0,2311804.0,-1.85,0.0532469696780846,-2.019,0.0,1317.0,16.6,DET
Tristan da Silva,tristan da silva,2026,24.0,SF,0.11260461,1.7295842e+07,False,3991200.0,3991200.0,13304642.0,-0.96,-0.3497713541091599,-0.128,-0.6,1899.0,16.2,ORL
Thomas Bryant,thomas bryant,2026,28.0,C,0.112566896,1.729005e+07,True,,2296274.0,14993776.0,-0.73,1.1055941403731613,-0.889,0.1,732.0,18.6,CLE
Vince Williams Jr.,vince williams jr.,2026,25.0,PG,0.112275966,1.7245364e+07,True,,2301587.0,14943777.0,-1.5,-0.955836923479136,-3.274,-0.9,736.0,19.6,MEM
Jabari Walker,jabari walker,2026,23.0,PF,0.112230815,1.7238428e+07,False,2584539.0,2584539.0,14653889.0,-0.7,-0.7644498358201963,-1.902,-2.7,762.0,15.0,PHI
Dalton Knecht,dalton knecht,2026,24.0,SF,0.11218293,1.7231074e+07,False,4201080.0,4201080.0,13029994.0,-1.18,-2.667357955777955,-5.241,-3.6,553.0,17.7,LAL
Dalano Banton,dalano banton,2026,26.0,PG,0.11215221,1.7226356e+07,True,,131970.0,17094386.0,-1.53,-0.5538761501339928,-10.086,-7.1,52.0,14.0,BOS
Garrison Mathews,garrison mathews,2026,29.0,SG,0.112132296,1.7223296e+07,True,,429325.0,16793971.0,-0.7,-0.1163518556000304,-0.819,-1.3,196.0,14.1,IND
Pat Spencer,pat spencer,2026,29.0,PG,0.11210718,1.7219438e+07,True,,857804.0,16361634.0,-2.03,-1.31614956041143,-3.081,-2.3,1229.0,18.9,GSW
Sidy Cissoko,sidy cissoko,2026,21.0,SF,0.112061754,1.7212462e+07,False,2497812.0,2497812.0,14714650.0,0.06,-1.1691136184468018,-3.083,-4.0,1435.0,12.5,POR
JD Davison,jd davison,2026,23.0,PG,0.1120584,1.7211946e+07,True,,2270735.0,14941211.0,-0.99,-0.4745412542655426,-2.511,-1.1,218.0,15.3,HOU
Drew Eubanks,drew eubanks,2026,28.0,C,0.11203663,1.7208602e+07,True,,2296274.0,14912328.0,-1.32,-0.5024304669734743,-4.678,-3.7,552.0,16.3,SAC
Kenrich Williams,kenrich williams,2026,31.0,PF,0.11194651,1.719476e+07,False,7163000.0,7163000.0,10031760.0,-0.08,-0.1761240248389474,-0.432,0.2,855.0,18.3,OKC
Jose Alvarado,jose alvarado,2026,27.0,PG,0.11171614,1.7159376e+07,False,4500000.0,4500000.0,12659376.0,0.27,-0.1682009205522117,-2.242,-2.0,896.0,15.7,NOP
Branden Carlson,branden carlson,2026,26.0,C,0.111646235,1.7148638e+07,True,,,,-0.87,0.858186734752318,-1.753,0.8,488.0,18.9,OKC
Jeremy Sochan,jeremy sochan,2026,22.0,PF,0.11154195,1.713262e+07,True,,7096231.0,10036389.0,-0.57,-1.7189266072039722,-3.993,-3.0,358.0,14.6,SAS
Will Richard,will richard,2026,23.0,SG,0.11151536,1.7128536e+07,False,2150917.0,2150917.0,14977619.0,-0.58,-0.5677843098451297,-0.483,-1.7,1377.0,13.0,GSW
Al Horford,al horford,2026,39.0,C,0.111508414,1.712747e+07,False,5969250.0,5969250.0,11158220.0,-1.13,1.378834385901207,-1.242,1.6,969.0,16.5,GSW
Buddy Hield,buddy hield,2026,33.0,SG,0.11150422,1.7126826e+07,False,9658536.0,9658536.0,7468290.0,-0.84,-0.66648346680106,-1.427,-1.0,768.0,19.7,GSW
Johnny Furphy,johnny furphy,2026,21.0,SG,0.11150156,1.7126416e+07,False,2296271.0,2296271.0,14830145.0,-0.71,-0.7810676417545999,-2.573,-3.7,643.0,12.8,IND
Kasparas Jakučionis,kasparas jakucionis,2026,19.0,PG,0.11150052,1.7126256e+07,False,3841680.0,3841680.0,13284576.0,0.17,-0.1504301797839528,-1.419,-0.4,945.0,13.7,MIA
Dwight Powell,dwight powell,2026,34.0,C,0.11135287,1.7103578e+07,True,,4000000.0,13103578.0,0.83,-0.5405841133028741,-1.518,-1.4,904.0,8.9,DAL
Bryce McGowens,bryce mcgowens,2026,23.0,SG,0.11122913,1.7084572e+07,False,2584539.0,2584539.0,14500033.0,-1.51,-1.0240814039682955,-0.822,-2.8,880.0,14.0,NOP
Kobe Sanders,kobe sanders,2026,23.0,SG,0.11116645,1.7074944e+07,False,2150917.0,2150917.0,14924027.0,-1.09,-1.2138050775840148,-1.886,-2.9,1351.0,16.3,LAC
Jordan Walsh,jordan walsh,2026,21.0,PF,0.11104552,1.705637e+07,False,2406205.0,2406205.0,14650165.0,0.57,0.2428639269405395,0.99,0.2,1212.0,11.7,BOS
Dominick Barlow,dominick barlow,2026,22.0,PF,0.11100881,1.705073e+07,False,3415000.0,3415000.0,13635730.0,-0.25,-0.7233312643247802,-0.187,-1.1,1689.0,12.8,PHI
Micah Peavy,micah peavy,2026,24.0,SG,0.110901475,1.7034244e+07,False,2150917.0,2150917.0,14883327.0,-1.17,-1.2209738129711107,-2.671,-5.2,913.0,14.0,NOP
Andre Drummond,andre drummond,2026,32.0,C,0.11083079,1.7023388e+07,True,,5000000.0,12023388.0,-1.1,0.2901883020971737,-2.063,-0.6,1231.0,14.9,PHI
Yang Hansen,yang hansen,2026,20.0,C,0.110744,1.7010056e+07,False,4643520.0,4643520.0,12366536.0,-2.84,-2.428693562318975,-11.895,-9.5,300.0,19.9,POR
Blake Wesley,blake wesley,2026,22.0,SG,0.11067036,1.6998746e+07,True,,2296274.0,14702472.0,-2.62,-0.6200727161704083,-2.518,-3.6,361.0,19.8,POR
nigel hayes-davis,nigel hayes-davis,2026,31.0,SF,0.11039917,1.6957092e+07,True,,2048494.0,14908598.0,,-1.918542252433841,-7.701,-7.3,195.0,12.1,PHO
Cameron Johnson,cameron johnson,2026,29.0,SF,0.11039199,1.6955988e+07,False,23062500.0,23062500.0,-6106512.0,0.76,0.0782883345610715,0.934,-0.6,1647.0,15.1,DEN
Ryan Dunn,ryan dunn,2026,23.0,SF,0.1103703,1.6952658e+07,False,2784240.0,2784240.0,14168418.0,-0.24,0.3531546146919286,-0.476,-0.9,1355.0,13.7,PHO
Andre Jackson Jr.,andre jackson jr.,2026,24.0,SG,0.11030594,1.6942772e+07,False,2406205.0,2406205.0,14536567.0,-1.57,-0.6922126611254344,-5.559,-7.1,408.0,17.8,MIL
Isaiah Joe,isaiah joe,2026,26.0,SG,0.110151954,1.691912e+07,False,11323006.0,11323006.0,5596114.0,0.25,1.4558173209727765,2.592,2.5,1507.0,18.4,OKC
Keshad Johnson,keshad johnson,2026,24.0,SF,0.11013701,1.6916824e+07,True,,1955377.0,14961447.0,-0.36,-0.2069219278933494,1.012,-1.3,280.0,18.9,MIA
Duncan Robinson,duncan robinson,2026,31.0,SG,0.1101109,1.6912814e+07,False,15992957.0,15992957.0,919857.0,0.57,1.274449899667095,1.551,0.8,2113.0,15.8,DET
Royce O'Neale,royce o'neale,2026,32.0,SF,0.110046834,1.6902974e+07,False,10875000.0,10875000.0,6027974.0,-1.25,-1.3485852520502375,-0.964,0.7,2213.0,14.3,PHO
Kevon Looney,kevon looney,2026,29.0,C,0.10996211,1.688996e+07,False,8000000.0,8000000.0,8889960.0,-0.28,0.091105141060109,-3.289,-1.8,308.0,9.9,NOP
Adem Bona,adem bona,2026,22.0,C,0.1097927,1.686394e+07,False,2296271.0,2296271.0,14567669.0,-0.44,-0.6839844328114568,-3.016,-2.9,1234.0,11.1,PHI
Julian Phillips,julian phillips,2026,22.0,SF,0.109462164,1.681317e+07,False,2406205.0,2406205.0,14406965.0,-0.97,-1.6625061483880952,-2.25,-2.9,334.0,12.5,CHI
Guerschon Yabusele,guerschon yabusele,2026,30.0,C,0.10945909,1.6812696e+07,True,,5500000.0,11312696.0,-1.49,-0.7539793974775304,-3.429,-1.3,641.0,16.7,CHI
Mohamed Diawara,mohamed diawara,2026,20.0,SF,0.109332874,1.679331e+07,True,,1272870.0,15520440.0,-2.81,-1.1390953327925597,-2.442,-1.7,634.0,17.1,NYK
Collin Murray-Boyles,collin murray-boyles,2026,20.0,PF,0.10930925,1.6789682e+07,False,6649560.0,6649560.0,10140122.0,0.8,1.0899972076802056,1.491,1.0,1246.0,15.5,TOR
Isaiah Jackson,isaiah jackson,2026,24.0,C,0.10924318,1.6779534e+07,False,7000000.0,7000000.0,9779534.0,-0.16,0.70461280698945,-2.267,-2.7,638.0,16.0,IND
Omer Yurtseven,omer yurtseven,2026,27.0,C,0.109234035,1.677813e+07,True,,,,-1.77,-0.2333136003447903,-7.834,-7.6,104.0,17.5,GSW
Khaman Maluach,khaman maluach,2026,19.0,C,0.109156616,1.6766238e+07,False,6316680.0,6316680.0,10449558.0,-0.92,-0.0501038331248546,-3.764,-3.7,411.0,14.8,PHO
Jett Howard,jett howard,2026,22.0,SF,0.1090791,1.6754332e+07,False,7337939.0,7337939.0,9416393.0,-2.4,-1.1100456253507451,-3.313,-1.8,695.0,17.2,ORL
Luke Kornet,luke kornet,2026,30.0,C,0.10890355,1.6727367e+07,False,10450000.0,10450000.0,6277367.0,0.43,1.1729338352494074,1.254,3.6,1430.0,10.3,SAS
Kevin Love,kevin love,2026,37.0,PF,0.10886945,1.672213e+07,True,,4150000.0,12572130.0,-1.78,0.487242649391655,-1.841,0.2,613.0,16.6,UTA
Ben Sheppard,ben sheppard,2026,24.0,SG,0.108754784,1.6704517e+07,False,5031669.0,5031669.0,11672848.0,-1.4,-1.582195716222473,-2.58,-3.0,1390.0,13.8,IND
Chris Boucher,chris boucher,2026,33.0,PF,0.10874777,1.670344e+07,True,,2296274.0,14407166.0,-0.35,-0.1313416006301061,-1.901,-3.1,94.0,12.8,BOS
Jonathan Mogbo,jonathan mogbo,2026,24.0,PF,0.10863237,1.6685715e+07,False,2296271.0,2296271.0,14389444.0,-0.98,-1.1751211058905566,-1.855,-0.7,249.0,11.1,TOR
Cameron Payne,cameron payne,2026,31.0,PG,0.10852532,1.6669272e+07,True,,712637.0,15956635.0,-1.29,0.896877980431674,-0.018,0.3,374.0,19.2,PHI
Kelly Olynyk,kelly olynyk,2026,34.0,C,0.10850386,1.6665976e+07,True,,13445122.0,3220854.0,-2.06,-0.4601403364234013,-2.878,-0.1,360.0,16.0,SAS
Caleb Martin,caleb martin,2026,30.0,SF,0.108435005,1.66554e+07,False,10001493.0,10001493.0,6653907.0,-1.82,-1.240510223692655,-2.944,-2.2,856.0,12.5,DAL
Charles Bassey,charles bassey,2026,25.0,C,0.108312644,1.6636606e+07,True,,263940.0,16372666.0,0.05,0.023052816540659,1.553,2.2,100.0,17.3,GSW
Rayan Rupert,rayan rupert,2026,21.0,SG,0.10824922,1.6626863e+07,True,,2221677.0,14405186.0,-2.73,-2.636020122303539,-4.454,-5.1,577.0,12.8,POR
Rui Hachimura,rui hachimura,2026,27.0,PF,0.108136095,1.6609488e+07,True,,18259259.0,-1649771.0,-1.08,-2.056720937616318,-1.234,-2.2,1927.0,15.2,LAL
Anthony Gill,anthony gill,2026,33.0,PF,0.1078637,1.6567649e+07,True,,2296274.0,14271375.0,-1.36,-3.286199113407662,-2.235,-2.6,951.0,11.9,WAS
Max Strus,max strus,2026,29.0,SF,0.10777667,1.6554281e+07,False,16660836.0,16660836.0,-106555.0,-0.19,-0.0664757844784323,-1.599,-1.2,288.0,17.4,CLE
Drake Powell,drake powell,2026,20.0,SG,0.10772923,1.6546994e+07,False,3540600.0,3540600.0,13006394.0,-3.3,-4.5037542375453565,-5.336,-6.0,1320.0,14.9,BRK
Dalen Terry,dalen terry,2026,23.0,SG,0.10770527,1.6543314e+07,True,,5399118.0,11144196.0,-0.6,-0.1678075835107904,-0.645,-1.3,377.0,14.4,CHI
Harrison Barnes,harrison barnes,2026,33.0,PF,0.107578754,1.6523882e+07,True,,19000000.0,-2476118.0,0.49,0.0044191747107985,0.4,-0.1,1986.0,14.6,SAS
DeAndre Jordan,deandre jordan,2026,37.0,C,0.107524805,1.6515595e+07,True,,2269880.0,14245715.0,-1.84,-0.0246175746331115,-1.921,-0.2,199.0,10.1,NOP
Zach Collins,zach collins,2026,28.0,C,0.107476264,1.6508139e+07,True,,18080496.0,-1572357.0,0.01,0.7210303978302217,-0.603,0.2,184.0,18.8,CHI
Maxi Kleber,maxi kleber,2026,34.0,PF,0.10746576,1.6506526e+07,True,,11000000.0,5506526.0,-1.22,-2.045833594320519,-2.935,-3.9,461.0,9.6,LAL
Thanasis Antetokounmpo,thanasis antetokounmpo,2026,33.0,SF,0.107345596,1.6488069e+07,True,,2296274.0,14191795.0,-1.12,0.9192193470109136,0.746,-1.7,148.0,16.5,MIL
Keaton Wallace,keaton wallace,2026,26.0,PG,0.107320234,1.6484173e+07,True,,2296274.0,14187899.0,-2.33,-0.8522433009998793,-4.013,-2.7,536.0,16.1,ATL
Jeremiah Robinson-Earl,jeremiah robinson-earl,2026,25.0,PF,0.10727712,1.6477551e+07,True,,131970.0,16345581.0,-1.39,-1.1232860762754395,-4.988,-5.4,300.0,14.0,IND
Christian Koloko,christian koloko,2026,25.0,C,0.10707987,1.6447254e+07,True,,263940.0,16183314.0,-2.4,-1.1402816861484015,-3.375,-3.1,195.0,9.3,MEM
Kevin Huerter,kevin huerter,2026,27.0,SF,0.10700431,1.6435648e+07,True,,17991071.0,-1555423.0,-0.22,0.1372295656204424,-0.586,-1.0,1037.0,19.2,CHI
Isaac Jones,isaac jones,2026,25.0,PF,0.106932335,1.6424593e+07,True,,1955377.0,14469216.0,-3.61,-0.3481307128695564,-8.86,-8.0,19.0,15.1,DET
Mouhamadou Gueye,mouhamadou gueye,2026,27.0,PF,0.1069215,1.6422929e+07,True,,,,-2.9,0.2287361013460289,-0.595,-3.9,45.0,14.6,CHI
Hunter Tyson,hunter tyson,2026,25.0,PF,0.10688287,1.6416995e+07,True,,2221677.0,14195318.0,-3.07,-0.4752686132713531,-7.21,-6.8,162.0,16.8,DEN
Ochai Agbaji,ochai agbaji,2026,25.0,SG,0.106864974,1.6414246e+07,True,,6383525.0,10030721.0,-1.79,-1.8174363441317007,-3.633,-4.7,650.0,13.3,TOR
Luka Garza,luka garza,2026,27.0,C,0.106849656,1.6411893e+07,False,2801346.0,2801346.0,13610547.0,0.91,1.0791736012976147,1.253,2.4,1118.0,17.7,BOS
Jalen Pickett,jalen pickett,2026,26.0,SG,0.10681743,1.6406944e+07,False,2406205.0,2406205.0,14000739.0,-2.42,-2.322861902344404,-2.96,-2.3,807.0,14.8,DEN
nate williams,nate williams,2026,26.0,SG,0.10661605,1.6376012e+07,True,,,,,-1.673987114197983,-4.361,-5.0,239.0,19.5,GSW
nate williams,nate williams,2026,26.0,SG,0.10661605,1.6376012e+07,True,,,,,-1.673987114197983,-4.361,-5.0,239.0,19.5,GSW
Jae'Sean Tate,jae'sean tate,2026,30.0,SF,0.10659139,1.6372224e+07,True,,2296274.0,14075950.0,-1.63,-2.709424380827672,-3.359,-3.9,405.0,13.5,HOU
Jericho Sims,jericho sims,2026,27.0,C,0.10652817,1.6362514e+07,False,2801346.0,2801346.0,13561168.0,-1.98,-2.9626420928988546,-4.281,-3.1,1318.0,9.8,MIL
Stanley Umude,stanley umude,2026,26.0,SG,0.10650244,1.6358562e+07,True,,,,-1.67,-0.3611706899486043,5.898,0.4,7.0,12.0,SAS
Jevon Carter,jevon carter,2026,30.0,PG,0.10649771,1.6357836e+07,True,,871000.0,15486836.0,-0.86,-0.480513381377348,-2.387,-1.1,613.0,16.0,ORL
Jarred Vanderbilt,jarred vanderbilt,2026,26.0,PF,0.10642884,1.6347257e+07,False,12428571.0,12428571.0,3918686.0,0.63,-0.4746665979659765,-1.231,-1.5,1128.0,12.4,LAL
Corey Kispert,corey kispert,2026,26.0,SF,0.106313534,1.6329546e+07,False,13975000.0,13975000.0,2354546.0,-1.76,-0.4543847711364368,-3.936,-2.3,710.0,19.6,ATL
Malachi Smith,malachi smith,2026,26.0,SG,0.10626739,1.6322459e+07,True,,73153.0,16249306.0,-0.98,-1.3823927644444085,0.169,-0.8,359.0,14.2,BRK
Tosan Evbuomwan,tosan evbuomwan,2026,24.0,SF,0.10626501,1.6322093e+07,True,,,,-2.2,-0.2860715479059317,-11.236,-11.5,8.0,5.4,NYK
Lucas Williamson,lucas williamson,2026,27.0,SG,0.10610754,1.6297906e+07,True,,21946.0,16275960.0,-2.71,-1.5482517532998497,-4.177,-7.6,224.0,16.4,MEM
Zeke Nnaji,zeke nnaji,2026,25.0,PF,0.10603595,1.628691e+07,False,7466667.0,7466667.0,8820243.0,-2.32,-1.869617118098294,-4.216,-3.5,626.0,13.7,DEN
Kris Murray,kris murray,2026,25.0,SF,0.105935216,1.6271437e+07,False,5315004.0,5315004.0,10956433.0,0.41,-0.9907825592424369,-1.037,-1.5,1333.0,10.6,POR
Alondes Williams,alondes williams,2026,26.0,SG,0.105886586,1.6263968e+07,True,,131970.0,16131998.0,-0.42,0.097563023209206,4.159,1.1,101.0,14.3,WAS
Adou Thiero,adou thiero,2026,21.0,SF,0.10582475,1.6254471e+07,False,2150917.0,2150917.0,14103554.0,-1.77,-0.4801341252518477,-3.984,-4.4,149.0,14.6,LAL
Luguentz Dort,luguentz dort,2026,26.0,SF,0.10582213,1.6254068e+07,False,18222222.0,18222222.0,-1968154.0,-0.63,-0.6919956149767917,-1.688,-2.0,1849.0,14.1,OKC
Trey Jemison,trey jemison,2026,26.0,C,0.105674505,1.6231393e+07,True,,,,-3.72,,-10.839,-8.6,82.0,10.7,NYK
Mo Bamba,mo bamba,2026,27.0,C,0.10567152,1.6230934e+07,True,,194771.0,16036163.0,-1.81,-0.0095642827105784,-4.299,-5.9,38.0,11.9,UTA
Daniel Gafford,daniel gafford,2026,27.0,C,0.10562414,1.6223657e+07,False,17263584.0,17263584.0,-1039927.0,-0.14,0.7283096741399109,0.135,0.7,1195.0,15.8,DAL
Ryan Kalkbrenner,ryan kalkbrenner,2026,24.0,C,0.10556897,1.6215182e+07,False,2411090.0,2411090.0,13804092.0,0.65,0.2470836583385618,0.408,1.8,1479.0,11.6,CHO
Seth Curry,seth curry,2026,35.0,SG,0.105498984,1.6204433e+07,True,,1755198.0,14449235.0,-1.48,0.032347823568853,0.428,0.2,133.0,18.0,GSW
Tyler Smith,tyler smith,2026,21.0,PF,0.105309896,1.6175389e+07,True,,1955377.0,14220012.0,-2.66,-0.5166665790744287,-3.018,-4.8,166.0,14.8,DAL
Amari Williams,amari williams,2026,24.0,PF,0.10525545,1.6167026e+07,False,2150917.0,2150917.0,14016109.0,-2.79,-0.8997553066895255,-5.428,-2.1,146.0,11.1,BOS
Hugo González,hugo gonzalez,2026,19.0,SF,0.10524156,1.6164893e+07,False,2923560.0,2923560.0,13241333.0,-0.74,0.2494295703442317,-0.124,-1.5,1084.0,11.8,BOS
Nae'Qwan Tomlin,nae'qwan tomlin,2026,25.0,PF,0.10523632,1.6164089e+07,False,2411090.0,2411090.0,13752999.0,-0.72,0.0520291295245167,-0.288,-2.1,1004.0,15.5,CLE
Dru Smith,dru smith,2026,28.0,SG,0.10511976,1.6146184e+07,False,2584539.0,2584539.0,13561645.0,-0.61,1.1983326020730931,2.889,2.2,1141.0,15.2,MIA
Mark Williams,mark williams,2026,24.0,C,0.105043314,1.6134443e+07,True,,6276531.0,9857912.0,-1.01,0.7462922317849857,1.912,2.0,1416.0,17.4,PHO
James Wiseman,james wiseman,2026,24.0,C,0.104897305,1.6112016e+07,True,,1131970.0,14980046.0,-1.92,-0.4476351117963904,-10.192,-9.0,58.0,11.6,IND
Sam Hauser,sam hauser,2026,28.0,PF,0.10486709,1.6107376e+07,False,10848215.0,10848215.0,5259161.0,0.29,1.219432104998131,0.919,0.6,1934.0,14.5,BOS
Malevy Leons,malevy leons,2026,26.0,SF,0.10486273,1.6106705e+07,True,,,,-2.05,-0.741151306165522,-2.598,-2.8,276.0,14.4,GSW
Marcus Sasser,marcus sasser,2026,25.0,PG,0.10456797,1.6061431e+07,False,5198983.0,5198983.0,10862448.0,-1.29,-1.5858210890380602,-1.429,-1.7,457.0,19.6,DET
John Konchar,john konchar,2026,29.0,SG,0.10441846,1.6038466e+07,False,6165000.0,6165000.0,9873466.0,-0.3,0.3551738498954309,1.976,0.0,680.0,9.8,UTA
Marvin Bagley III,marvin bagley iii,2026,26.0,PF,0.1042557,1.6013467e+07,True,,2296274.0,13717193.0,-1.21,0.2407566023488486,0.875,0.7,731.0,19.0,WAS
Mason Plumlee,mason plumlee,2026,35.0,C,0.10416403,1.5999386e+07,True,,2296274.0,13703112.0,-1.52,-0.1275318721868186,-0.598,1.1,125.0,8.9,CHO
Josh Okogie,josh okogie,2026,27.0,SG,0.103465125,1.5892036e+07,True,,2296274.0,13595762.0,0.11,-0.6067417158790505,0.017,-1.2,1354.0,11.3,HOU
Chris Paul,chris paul,2026,40.0,PG,0.10320704,1.5852394e+07,True,,2296274.0,13556120.0,-1.76,-0.1589987901126588,-4.952,-4.2,228.0,14.2,LAC
Grant Williams,grant williams,2026,27.0,PF,0.102798834,1.5789695e+07,False,14265750.0,14265750.0,1523945.0,1.0,0.5395753208206077,1.471,1.6,711.0,14.1,CHO
Amir Coffey,amir coffey,2026,28.0,SG,0.102652885,1.5767278e+07,True,,2296274.0,13471004.0,-1.39,-1.7704255053978266,-4.721,-5.2,265.0,10.9,MIL
Caleb Houstan,caleb houstan,2026,23.0,SF,0.10250576,1.5744679e+07,True,,699440.0,15045239.0,-0.96,-0.7015654918197407,-0.04,0.3,75.0,17.4,ATL
Doug McDermott,doug mcdermott,2026,34.0,SF,0.1024864,1.5741706e+07,True,,2296274.0,13445432.0,-1.7,-1.5777363414041172,-5.447,-4.4,439.0,15.1,SAC
Tyus Jones,tyus jones,2026,29.0,PG,0.10247422,1.5739835e+07,True,,7000000.0,8739835.0,-1.37,-0.4925201765321009,-3.077,-1.7,754.0,9.8,ORL
bones hyland,bones hyland,2026,25.0,PG,0.102458,1.5737344e+07,True,,2296274.0,13441070.0,,1.5124741592641944,-0.055,1.7,1177.0,20.6,MIN
Jeff Green,jeff green,2026,39.0,PF,0.10243789,1.5734255e+07,True,,2296274.0,13437981.0,-4.69,-1.385238066359359,-5.787,-5.6,175.0,17.8,HOU
Micah Potter,micah potter,2026,27.0,C,0.10224393,1.5704463e+07,False,2801346.0,2801346.0,12903117.0,-0.32,0.2140265836954887,-0.912,0.7,908.0,18.0,IND
Taj Gibson,taj gibson,2026,40.0,C,0.10221559,1.570011e+07,True,,,,-2.54,-0.7546145656418686,-3.345,-3.5,97.0,13.1,MEM
Isaiah Livers,isaiah livers,2026,27.0,PF,0.10221236,1.5699614e+07,True,,,,-1.62,-1.821528924175472,-3.001,-2.5,347.0,9.9,PHO
Kyle Anderson,kyle anderson,2026,32.0,SF,0.102143094,1.5688975e+07,True,,9219512.0,6469463.0,-1.3,-0.3747927454712778,-0.218,-0.3,401.0,14.6,UTA
Terrence Shannon Jr.,terrence shannon jr.,2026,25.0,SG,0.10213865,1.5688293e+07,False,2801640.0,2801640.0,12886653.0,-1.82,-1.4660968128086638,-3.283,-3.6,538.0,17.7,MIN
Taurean Prince,taurean prince,2026,31.0,SF,0.10204599,1.567406e+07,False,3815861.0,3815861.0,11858199.0,-1.25,-1.9640788195299843,-2.261,-3.1,611.0,16.2,MIL
Liam McNeeley,liam mcneeley,2026,20.0,SF,0.101653375,1.5613755e+07,False,2902080.0,2902080.0,12711675.0,-1.57,0.0630097684801844,-2.795,-1.3,368.0,14.4,CHO
Mike Conley,mike conley,2026,38.0,PG,0.101564445,1.5600096e+07,True,,725834.0,14874262.0,-1.7,-0.3355488308157701,-2.428,-1.3,991.0,11.5,MIN
Chaz Lanier,chaz lanier,2026,24.0,SG,0.10151874,1.5593076e+07,False,2150917.0,2150917.0,13442159.0,-2.98,-2.013927804338132,-4.624,-5.1,262.0,15.0,DET
Larry Nance Jr.,larry nance jr.,2026,33.0,PF,0.101357885,1.5568368e+07,True,,2296274.0,13272094.0,-1.93,-0.7340518125745218,-2.864,-3.4,449.0,14.0,CLE
Ja'Kobe Walter,ja'kobe walter,2026,21.0,SG,0.10125002,1.5551801e+07,False,3811800.0,3811800.0,11740001.0,0.06,-0.1225175017420655,0.571,-0.3,1474.0,14.0,TOR
Jaylen Clark,jaylen clark,2026,24.0,SG,0.101055555,1.5521931e+07,True,,2191897.0,13330034.0,-0.24,-0.6558682182799028,-0.345,-2.4,888.0,13.3,MIN
Aaron Holiday,aaron holiday,2026,29.0,PG,0.10097259,1.5509188e+07,True,,2296274.0,13212914.0,-1.17,-1.6888923842209858,-1.941,-2.4,781.0,16.6,HOU
Bismack Biyombo,bismack biyombo,2026,33.0,C,0.10096307,1.5507726e+07,True,,2296274.0,13211452.0,-4.19,-2.2335994819399465,-9.398,-5.8,141.0,7.8,SAS
Keon Ellis,keon ellis,2026,26.0,SG,0.10056166,1.544607e+07,True,,2301587.0,13144483.0,0.68,0.4957481231431105,-2.449,-1.9,758.0,13.7,SAC
Dorian Finney-Smith,dorian finney-smith,2026,32.0,PF,0.10028883,1.5404164e+07,False,13335000.0,13335000.0,2069164.0,-1.06,-2.673452486527645,-4.261,-4.3,620.0,10.7,HOU
Kyle Lowry,kyle lowry,2026,39.0,PG,0.10015926,1.5384262e+07,True,,2296274.0,13087988.0,-3.63,-0.6866318175345835,-10.756,-10.4,118.0,11.3,PHI
Walker Kessler,walker kessler,2026,24.0,C,0.09989626,1.5343866e+07,True,,4878938.0,10464928.0,0.64,-0.1245422632085677,2.285,3.3,154.0,16.5,UTA
Kobe Brown,kobe brown,2026,26.0,PF,0.09987695,1.5340899e+07,False,4792059.0,4792059.0,10548840.0,-0.98,-2.3391917988200235,-2.394,-2.8,668.0,15.2,IND
Pete Nance,pete nance,2026,25.0,PF,0.099548474,1.5290447e+07,True,,,,-1.24,-1.361490169677427,-2.457,-2.3,737.0,13.5,MIL
Dillon Jones,dillon jones,2026,24.0,SF,0.09954653,1.5290148e+07,True,,2753280.0,12536868.0,-1.83,-0.366917385065699,0.539,-2.6,39.0,11.8,NYK
Jaylin Williams,jaylin williams,2026,23.0,PF,0.09936226,1.5261845e+07,False,7774648.0,7774648.0,7487197.0,0.09,1.5859632901196083,0.889,2.7,1277.0,15.6,OKC
Gabe Vincent,gabe vincent,2026,29.0,PG,0.09934219,1.5258762e+07,True,,11500000.0,3758762.0,-2.04,-2.5016616308319417,-5.625,-4.8,559.0,11.5,LAL
Lindy Waters III,lindy waters iii,2026,28.0,SG,0.09868704,1.5158132e+07,True,,2296274.0,12861858.0,-1.99,-1.6248031026008976,-3.955,-3.2,285.0,14.2,SAS
Svi Mykhailiuk,svi mykhailiuk,2026,28.0,SF,0.09867262,1.5155917e+07,False,3850000.0,3850000.0,11305917.0,-0.6,-2.215713149681794,-2.133,-1.7,1156.0,14.8,UTA
Dean Wade,dean wade,2026,29.0,PF,0.09859976,1.5144726e+07,True,,6623456.0,8521270.0,0.6,0.8699611767095411,0.235,0.2,1318.0,9.9,CLE
Javonte Green,javonte green,2026,32.0,SG,0.098530956,1.5134158e+07,True,,2296274.0,12837884.0,0.53,1.2163550155677876,3.271,2.1,1446.0,14.8,DET
Drew Timme,drew timme,2026,25.0,PF,0.098171756,1.5078985e+07,True,,1955377.0,13123608.0,-2.5,-1.4907035252041796,-2.842,-2.2,235.0,15.4,LAL
Spencer Jones,spencer jones,2026,24.0,SF,0.09805387,1.5060879e+07,True,,623967.0,14436912.0,-1.14,-2.0402952027394186,-1.841,-2.4,1417.0,9.7,DEN
craig porter jr.,craig porter jr.,2026,25.0,PG,0.097890824,1.5035835e+07,False,2406205.0,2406205.0,12629630.0,,2.0875235574457944,0.058,2.0,1148.0,12.3,CLE
Landry Shamet,landry shamet,2026,28.0,SG,0.09779886,1.502171e+07,True,,2296274.0,12725436.0,0.52,0.8428587216295564,0.355,-0.3,1171.0,15.7,NYK
Josh Green,josh green,2026,25.0,SG,0.09766363,1.5000939e+07,False,14679012.0,14679012.0,321927.0,0.19,-0.7435680697096059,0.936,-0.7,908.0,10.6,CHO
Nicolas Batum,nicolas batum,2026,37.0,PF,0.09744208,1.4966909e+07,False,5881680.0,5881680.0,9085229.0,-1.62,-1.377148098240981,-2.11,-1.0,1295.0,9.6,LAC
Sam Merrill,sam merrill,2026,29.0,SG,0.09712379,1.4918019e+07,False,9160715.0,9160715.0,5757304.0,0.06,1.40627386420677,1.487,0.1,1377.0,17.0,CLE
Pat Connaughton,pat connaughton,2026,33.0,SG,0.09696872,1.4894201e+07,False,3815861.0,3815861.0,11078340.0,-2.11,-0.3500733869560181,-0.938,0.1,297.0,14.9,CHO
Orlando Robinson,orlando robinson,2026,25.0,C,0.096967325,1.4893987e+07,True,,,,-3.19,-0.1111057488104014,-0.107,1.4,25.0,8.4,ORL
Tony Bradley,tony bradley,2026,28.0,C,0.09623701,1.4781812e+07,True,,3204816.0,11576996.0,-1.17,-1.3384280425870083,-4.832,-4.1,416.0,14.5,IND
Garrett Temple,garrett temple,2026,39.0,SG,0.09606171,1.4754886e+07,True,,2296274.0,12458612.0,-2.58,-0.8517152433126444,-5.204,-4.9,73.0,15.3,TOR
Gary Harris,gary harris,2026,31.0,SG,0.09578102,1.4711773e+07,False,3815861.0,3815861.0,10895912.0,-0.82,-2.501870427892094,-3.124,-2.5,661.0,8.5,MIL
Clint Capela,clint capela,2026,31.0,C,0.095187366,1.4620589e+07,False,7035000.0,7035000.0,7585589.0,0.9,0.4665864482081368,0.752,0.4,926.0,13.7,HOU
Jamison Battle,jamison battle,2026,24.0,SF,0.09514534,1.4614134e+07,False,2296271.0,2296271.0,12317863.0,-2.09,-2.738774529083172,-2.768,-2.6,517.0,14.1,TOR
a.j. lawson,a.j. lawson,2026,25.0,SG,0.09413584,1.4459077e+07,True,,,,,-0.3743831476027301,0.358,-1.0,226.0,17.5,TOR
Olivier Sarr,olivier sarr,2026,26.0,C,0.093867645,1.4417882e+07,True,,,,-2.08,0.143923246544297,2.73,2.6,39.0,12.1,CLE
Myron Gardner,myron gardner,2026,24.0,SF,0.09347418,1.4357447e+07,False,2150917.0,2150917.0,12206530.0,-0.73,0.9455238887806036,1.673,0.9,411.0,15.0,MIA
Duop Reath,duop reath,2026,29.0,C,0.09343917,1.435207e+07,True,,2221677.0,12130393.0,-1.67,-1.1115392986543118,-4.129,-0.9,258.0,13.2,POR
Trayce Jackson-Davis,trayce jackson-davis,2026,25.0,C,0.09304541,1.4291589e+07,False,2406205.0,2406205.0,11885384.0,-1.4,0.1087574270011146,-2.113,-0.4,411.0,14.8,GSW
Haywood Highsmith,haywood highsmith,2026,29.0,SF,0.091849536,1.4107905e+07,False,3018158.0,3018158.0,11089747.0,-0.2,-0.2205339083804254,3.734,3.8,91.0,12.2,PHO
Antonio Reeves,antonio reeves,2026,25.0,SG,0.09033074,1.3874621e+07,True,,,,-1.05,-0.0581914311476298,-0.12,1.3,68.0,13.1,CHO
Jaxson Hayes,jaxson hayes,2026,25.0,C,0.0899996,1.3823759e+07,True,,3449323.0,10374436.0,0.07,0.8445893430012317,0.454,1.2,1207.0,13.0,LAL
Luke Kennard,luke kennard,2026,29.0,SG,0.08882309,1.3643049e+07,True,,11000000.0,2643049.0,-0.47,-1.6365017217291573,0.486,0.5,944.0,12.7,ATL
Eric Gordon,eric gordon,2026,37.0,SG,0.08800833,1.3517903e+07,True,,2296274.0,11221629.0,-1.79,-0.6230557531514302,0.685,2.4,74.0,14.2,PHI
Joe Ingles,joe ingles,2026,38.0,SF,0.0879982,1.3516347e+07,True,,2296274.0,11220073.0,-2.88,-0.7888832976392425,-0.451,0.2,153.0,11.5,MIN
Jordan McLaughlin,jordan mclaughlin,2026,29.0,PG,0.086799584,1.3332243e+07,True,,2296274.0,11035969.0,-1.58,-1.1429184164411392,-1.776,0.6,282.0,14.5,SAS
Baylor Scheierman,baylor scheierman,2026,25.0,SG,0.085964635,1.3203996e+07,False,2744040.0,2744040.0,10459956.0,-0.7,0.4207986820512422,0.501,0.6,1429.0,11.9,BOS
Matisse Thybulle,matisse thybulle,2026,28.0,SG,0.08215831,1.2619352e+07,True,,11550000.0,1069352.0,0.78,1.5645264605760043,6.838,4.4,480.0,14.7,POR
