player_name,team,season,salary,cap_pct,predicted_cap_pct,residual,predicted_salary,raw_base_rating,raw_age,raw_age_squared,raw_usage_pct,contrib_base_rating,contrib_age,contrib_age_squared,contrib_usage_pct,contrib_intercept
James Wiseman,IND,2025,1131970,0.008016331,0.2486,0.2405,35104308,-0.237824033,25,625,42.2,-0.0097,-0.0169,0.0076,0.1699,0.0861
Alondes Williams,WAS,2025,131970,0.000934579,0.217,0.2161,30642136,2.268801807,27,729,21.1,0.0941,-0.0021,0.0019,0.015,0.0861
Jalen Williams,OKC,2025,6580997,0.046604987,0.2162,0.1696,30529169,1.791964694,25,625,27.5,0.0744,-0.0169,0.0076,0.062,0.0861
Victor Wembanyama,SAS,2025,13376880,0.094731743,0.2486,0.1538,35104308,2.318971653,22,484,30.4,0.0962,-0.0392,0.0152,0.0833,0.0861
Bones Hyland,MIN,2025,2296274,0.016261642,0.1691,0.1529,23878272,0.299182095,25,625,29.6,0.0126,-0.0169,0.0076,0.0774,0.0861
Moritz Wagner,ORL,2025,5000000,0.035408759,0.1854,0.15,26179963,0.705357463,29,841,26.8,0.0294,0.0127,-0.0042,0.0569,0.0861
Chris Boucher,UTA,2025,2296274,0.016261642,0.1625,0.1462,22946300,0.770244145,33,1089,21.2,0.0321,0.0423,-0.0177,0.0158,0.0861
Kevin Love,UTA,2025,4150000,0.02938927,0.1654,0.136,23355803,0.204398133,37,1369,24.6,0.0086,0.072,-0.0329,0.0407,0.0861
Damian Lillard,POR,2025,14104000,0.099881027,0.2349,0.1351,33169759,1.299187521,35,1225,27.8,0.054,0.0572,-0.0251,0.0642,0.0861
Cam Thomas,BRK,2025,5993172,0.042442156,0.1768,0.1343,24965574,0.081604872,24,576,32.6,0.0036,-0.0244,0.0102,0.0994,0.0861
Russell Westbrook,SAC,2025,2296274,0.016261642,0.1466,0.1303,20701092,-0.43568091,37,1369,23.8,-0.0179,0.072,-0.0329,0.0348,0.0861
Shai Gilgeous-Alexander,OKC,2025,38333050,0.271465144,0.4001,0.1286,56497320,3.869688375,27,729,34.8,0.1604,-0.0021,0.0019,0.1156,0.0861
Cameron Payne,PHI,2025,712637,0.005046718,0.1277,0.1227,18032261,0.1477608,31,961,20.8,0.0063,0.0275,-0.0107,0.0128,0.0861
Jevon Carter,ORL,2025,871000,0.006168206,0.1193,0.1132,16846114,0.004523147,30,900,21,0.0004,0.0201,-0.0074,0.0143,0.0861
Mike Conley,MIN,2025,725834,0.005140176,0.1182,0.1131,16690785,0.472990051,38,1444,14.4,0.0198,0.0794,-0.037,-0.0341,0.0861
Luka Garza,BOS,2025,2461463,0.01743147,0.1303,0.1128,18399402,-0.182002061,27,729,26.2,-0.0074,-0.0021,0.0019,0.0525,0.0861
Sandro Mamukelashvili,TOR,2025,2461463,0.01743147,0.1283,0.1109,18116986,0.56801717,27,729,20.8,0.0237,-0.0021,0.0019,0.0128,0.0861
De'Anthony Melton,GSW,2025,3080921,0.021818318,0.1275,0.1057,18004020,0.159181429,28,784,23.5,0.0068,0.0053,-0.0011,0.0326,0.0861
Cole Anthony,PHO,2025,2296274,0.016261642,0.1219,0.1056,17213255,0.025560711,26,676,24.6,0.0012,-0.0095,0.0048,0.0407,0.0861
Paolo Banchero,ORL,2025,15334769,0.108597027,0.209,0.1004,29512472,0.670440606,23,529,33.6,0.0279,-0.0318,0.0128,0.1068,0.0861
Marvin Bagley III,DAL,2025,2296274,0.016261642,0.1165,0.1002,16450732,-0.013900531,27,729,23.3,-0.0004,-0.0021,0.0019,0.0312,0.0861
Brandon Williams,DAL,2025,2270735,0.016080782,0.1149,0.0988,16224799,0.110245743,26,676,22.6,0.0047,-0.0095,0.0048,0.026,0.0861
Dalano Banton,BOS,2025,131970,0.000934579,0.0986,0.0977,13923108,-0.521905761,26,676,24.1,-0.0214,-0.0095,0.0048,0.037,0.0861
Paul Reed,DET,2025,5335894,0.037787477,0.1347,0.0969,19020717,1.102328311,27,729,18,0.0458,-0.0021,0.0019,-0.0077,0.0861
Gary Payton II,GSW,2025,2296274,0.016261642,0.1121,0.0958,15829416,0.63044427,33,1089,16.1,0.0263,0.0423,-0.0177,-0.0217,0.0861
Chris Paul,TOR,2025,2296274,0.016261642,0.1104,0.0942,15589363,0.272692343,41,1681,14,0.0115,0.1016,-0.0499,-0.0371,0.0861
Tony Bradley,IND,2025,3204816,0.022695711,0.1159,0.0932,16366007,0.369556415,28,784,20.1,0.0155,0.0053,-0.0011,0.0077,0.0861
Jordan Clarkson,UTA,2025,10651561,0.075431711,0.1674,0.0919,23638219,-0.59341195,34,1156,27.8,-0.0244,0.0498,-0.0213,0.0642,0.0861
D'Angelo Russell,WAS,2025,5685000,0.040259759,0.1306,0.0903,18441764,0.162383382,30,900,22.1,0.0069,0.0201,-0.0074,0.0224,0.0861
Pat Spencer,GSW,2025,857804,0.006074755,0.0958,0.0897,13527726,-0.543608283,29,841,21.2,-0.0223,0.0127,-0.0042,0.0158,0.0861
Monte Morris,IND,2025,321184,0.002274545,0.09,0.0877,12708720,-0.050635967,30,900,18.1,-0.0019,0.0201,-0.0074,-0.007,0.0861
T.J. McConnell,IND,2025,10200000,0.072233868,0.1588,0.0866,22423830,0.334430584,34,1156,23.4,0.014,0.0498,-0.0213,0.0319,0.0861
Payton Pritchard,BOS,2025,7232143,0.051216241,0.1374,0.0862,19401979,1.331691313,28,784,19,0.0553,0.0053,-0.0011,-0.0004,0.0861
Jay Huff,IND,2025,2349578,0.016639128,0.1022,0.0856,14431457,0.353242866,27,729,19.6,0.0148,-0.0021,0.0019,0.004,0.0861
Nae'Qwan Tomlin,CLE,2025,718150,0.00508576,0.0882,0.0831,12454545,-1.08895646,25,625,26.1,-0.0449,-0.0169,0.0076,0.0517,0.0861
Austin Reaves,LAL,2025,13937574,0.098702439,0.18,0.0813,25417440,1.072118373,28,784,23.7,0.0446,0.0053,-0.0011,0.0341,0.0861
Collin Gillespie,PHO,2025,2296274,0.016261642,0.0955,0.0792,13485364,0.465588118,27,729,17.7,0.0195,-0.0021,0.0019,-0.0099,0.0861
Marcus Smart,LAL,2025,5134000,0.036357713,0.1149,0.0786,16224799,0.026325638,32,1024,20,0.0013,0.0349,-0.0141,0.007,0.0861
Al Horford,GSW,2025,5685000,0.040259759,0.117,0.0768,16521336,0.465327008,40,1600,13.8,0.0194,0.0942,-0.0455,-0.0385,0.0861
Larry Nance Jr.,CLE,2025,2296274,0.016261642,0.0873,0.0711,12327458,0.011444448,33,1089,15.7,0.0007,0.0423,-0.0177,-0.0246,0.0861
Cam Whitmore,WAS,2025,3539760,0.025067702,0.0948,0.0698,13386518,0.033562428,21,441,23.9,0.0016,-0.0466,0.0176,0.0356,0.0861
Mason Plumlee,SAS,2025,725834,0.005140176,0.0706,0.0654,9969284,0.164574464,36,1296,10.8,0.007,0.0646,-0.0289,-0.0606,0.0861
Day'Ron Sharpe,BRK,2025,6250000,0.044260948,0.108,0.0638,15250464,0.660067967,24,576,19.9,0.0275,-0.0244,0.0102,0.0062,0.0861
Aaron Wiggins,OKC,2025,10102803,0.071545543,0.1337,0.0622,18879509,0.929990125,27,729,20.3,0.0387,-0.0021,0.0019,0.0092,0.0861
Quinten Post,GSW,2025,1955377,0.013847494,0.0754,0.0616,10647083,-0.205392565,26,676,19.6,-0.0083,-0.0095,0.0048,0.004,0.0861
Garrett Temple,TOR,2025,2296274,0.016261642,0.077,0.0607,10873016,-0.743598858,40,1600,13.9,-0.0306,0.0942,-0.0455,-0.0378,0.0861
Trendon Watford,PHI,2025,2461463,0.01743147,0.0779,0.0604,11000103,-0.818253977,25,625,23.3,-0.0337,-0.0169,0.0076,0.0312,0.0861
Brandin Podziemski,GSW,2025,3687960,0.026117217,0.0857,0.0596,12101525,0.478860493,23,529,18.3,0.02,-0.0318,0.0128,-0.0055,0.0861
Garrison Mathews,IND,2025,429325,0.003040373,0.0611,0.0581,8627808,-0.366957697,29,841,15.9,-0.015,0.0127,-0.0042,-0.0231,0.0861
Andre Drummond,PHI,2025,5000000,0.035408759,0.0934,0.0579,13188827,-0.545039504,32,1024,19.1,-0.0224,0.0349,-0.0141,0.0004,0.0861
Thomas Bryant,CLE,2025,2296274,0.016261642,0.0732,0.0569,10336425,-0.139286477,28,784,17.6,-0.0056,0.0053,-0.0011,-0.0107,0.0861
Charles Bassey,PHI,2025,263940,0.001869158,0.0586,0.0567,8274788,-0.13580613,25,625,17.5,-0.0054,-0.0169,0.0076,-0.0114,0.0861
Keon Ellis,CLE,2025,2301587,0.016299268,0.0717,0.0554,10124613,0.72825752,26,676,12.7,0.0303,-0.0095,0.0048,-0.0466,0.0861
Marcus Sasser,DET,2025,2886720,0.020443034,0.0757,0.0553,10689445,-0.100196844,25,625,19.4,-0.004,-0.0169,0.0076,0.0026,0.0861
Mason Plumlee,OKC,2025,2296274,0.016261642,0.0706,0.0543,9969284,0.164574464,36,1296,10.8,0.007,0.0646,-0.0289,-0.0606,0.0861
Mark Williams,PHO,2025,6276531,0.044448834,0.0986,0.0542,13923108,0.240015296,24,576,21.4,0.0101,-0.0244,0.0102,0.0172,0.0861
Buddy Hield,ATL,2025,9219512,0.065290295,0.1178,0.0526,16634302,-0.110485437,33,1089,20.5,-0.0044,0.0423,-0.0177,0.0106,0.0861
Josh Minott,BRK,2025,2378870,0.016846567,0.0695,0.0526,9813956,0.413014269,23,529,17.2,0.0173,-0.0318,0.0128,-0.0136,0.0861
Patrick Baldwin Jr.,PHI,2025,131970,0.000934579,0.0528,0.0519,7455782,0.040495076,23,529,16.5,0.0019,-0.0318,0.0128,-0.0187,0.0861
Jared McCain,OKC,2025,4221360,0.029894624,0.0806,0.0507,11381364,-0.452770568,22,484,24.7,-0.0186,-0.0392,0.0152,0.0414,0.0861
Norman Powell,MIA,2025,20482758,0.145053807,0.1956,0.0506,27620284,0.840712319,33,1089,26.1,0.035,0.0423,-0.0177,0.0517,0.0861
Mo Bamba,TOR,2025,194771,0.00137932,0.0513,0.0499,7243970,-0.445020113,28,784,16.5,-0.0182,0.0053,-0.0011,-0.0187,0.0861
Trayce Jackson-Davis,TOR,2025,2221677,0.015733365,0.0653,0.0495,9220882,-0.040654898,26,676,17.1,-0.0015,-0.0095,0.0048,-0.0143,0.0861
Mo Bamba,UTA,2025,263940,0.001869158,0.0513,0.0495,7243970,-0.445020113,28,784,16.5,-0.0182,0.0053,-0.0011,-0.0187,0.0861
Jaime Jaquez Jr.,MIA,2025,3861600,0.027346893,0.0763,0.049,10774170,-0.24308353,25,625,20.2,-0.0099,-0.0169,0.0076,0.0084,0.0861
Mouhamed Gueye,ATL,2025,2221677,0.015733365,0.0637,0.0479,8994949,0.464994308,23,529,15.7,0.0194,-0.0318,0.0128,-0.0246,0.0861
Ausar Thompson,DET,2025,8775000,0.062142372,0.1083,0.0461,15292826,0.971408564,23,529,19.1,0.0404,-0.0318,0.0128,0.0004,0.0861
Duop Reath,ATL,2025,2221677,0.015733365,0.0609,0.0451,8599567,-0.470800638,30,900,17,-0.0193,0.0201,-0.0074,-0.0151,0.0861
Bobi Klintman,DET,2025,1955377,0.013847494,0.0575,0.0437,8119460,0.030637535,23,529,,0.0015,-0.0318,0.0128,-0.0085,0.0861
Kenrich Williams,OKC,2025,7163000,0.050726588,0.0932,0.0425,13160585,0.459403817,31,961,15.4,0.0192,0.0275,-0.0107,-0.0268,0.0861
Jordan McLaughlin,SAS,2025,2296274,0.016261642,0.0588,0.0425,8303030,-0.040779698,30,900,14,-0.0015,0.0201,-0.0074,-0.0371,0.0861
JD Davison,BOS,2025,2270735,0.016080782,0.0586,0.0425,8274788,-1.139623008,23,529,23.6,-0.047,-0.0318,0.0128,0.0334,0.0861
Jalen Duren,DET,2025,6483144,0.045912016,0.0851,0.0392,12016800,0.959920056,22,484,16.4,0.0399,-0.0392,0.0152,-0.0195,0.0861
Donte DiVincenzo,MIN,2025,11990000,0.084910203,0.124,0.0391,17509792,0.600578836,29,841,19.4,0.025,0.0127,-0.0042,0.0026,0.0861
Jock Landale,ATL,2025,2296274,0.016261642,0.0552,0.0389,7794681,-0.397355828,30,900,15.7,-0.0163,0.0201,-0.0074,-0.0246,0.0861
Drew Timme,BRK,2025,1955377,0.013847494,0.0524,0.0386,7399299,-1.128879936,25,625,21.3,-0.0465,-0.0169,0.0076,0.0165,0.0861
Seth Curry,GSW,2025,1755198,0.012429876,0.0508,0.0384,7173366,-0.931146081,35,1225,15.7,-0.0384,0.0572,-0.0251,-0.0246,0.0861
Toumani Camara,POR,2025,2221677,0.015733365,0.0531,0.0373,7498144,0.149051084,26,676,14.4,0.0064,-0.0095,0.0048,-0.0341,0.0861
Shaedon Sharpe,POR,2025,8399983,0.059486594,0.0967,0.0372,13654813,-0.259226167,23,529,25.1,-0.0105,-0.0318,0.0128,0.0444,0.0861
Dru Smith,MIA,2025,2378870,0.016846567,0.0534,0.0365,7540507,0.003309352,28,784,13.8,0.0003,0.0053,-0.0011,-0.0385,0.0861
Brice Sensabaugh,UTA,2025,2693760,0.01907654,0.0554,0.0363,7822923,-0.695930357,22,484,21.5,-0.0286,-0.0392,0.0152,0.018,0.0861
Keon Johnson,BRK,2025,2349578,0.016639128,0.053,0.0363,7484024,-1.069537991,24,576,21.7,-0.0441,-0.0244,0.0102,0.0194,0.0861
Chet Holmgren,OKC,2025,13731368,0.097242139,0.1333,0.036,18823026,1.108968519,24,576,22,0.0461,-0.0244,0.0102,0.0216,0.0861
Keshad Johnson,MIA,2025,1955377,0.013847494,0.0498,0.0359,7032158,0.017509457,25,625,15.4,0.0009,-0.0169,0.0076,-0.0268,0.0861
Dyson Daniels,ATL,2025,7707709,0.054584082,0.0897,0.0351,12666357,0.777507623,23,529,18.2,0.0324,-0.0318,0.0128,-0.0063,0.0861
Svi Mykhailiuk,UTA,2025,3675000,0.026025438,0.06,0.034,8472480,-0.879875148,29,841,20.3,-0.0362,0.0127,-0.0042,0.0092,0.0861
Deni Avdija,POR,2025,14375000,0.101800181,0.1349,0.0331,19048959,0.744955428,25,625,23.2,0.031,-0.0169,0.0076,0.0304,0.0861
Jabari Walker,PHI,2025,724598,0.005131423,0.0374,0.0323,5281179,-0.290410618,23,529,16.3,-0.0118,-0.0318,0.0128,-0.0202,0.0861
Neemias Queta,BOS,2025,2349578,0.016639128,0.0484,0.0318,6834467,0.131054323,26,676,13.7,0.0056,-0.0095,0.0048,-0.0393,0.0861
Killian Hayes,SAC,2025,263940,0.001869158,0.033,0.0311,4659864,-0.295710274,24,576,15.5,-0.0121,-0.0244,0.0102,-0.0261,0.0861
Goga Bitadze,ORL,2025,8333333,0.059014595,0.09,0.031,12708720,1.012518512,26,676,14.3,0.0421,-0.0095,0.0048,-0.0349,0.0861
Dalton Knecht,LAL,2025,4010160,0.028398958,0.059,0.0306,8331272,-0.383842823,25,625,18.5,-0.0157,-0.0169,0.0076,-0.0041,0.0861
Kyle Lowry,PHI,2025,2296274,0.016261642,0.0455,0.0292,6424964,-0.693511354,40,1600,10.1,-0.0285,0.0942,-0.0455,-0.0657,0.0861
Doug McDermott,SAC,2025,2296274,0.016261642,0.0452,0.0289,6382601,-0.978923494,34,1156,15.7,-0.0403,0.0498,-0.0213,-0.0246,0.0861
Kobe Bufkin,LAL,2025,976577,0.006915876,0.0355,0.0286,5012884,-0.770395269,22,484,20.8,-0.0317,-0.0392,0.0152,0.0128,0.0861
Naji Marshall,DAL,2025,9000000,0.063735766,0.0913,0.0275,12892290,-0.275177302,28,784,20,-0.0112,0.0053,-0.0011,0.007,0.0861
Haywood Highsmith,PHO,2025,827984,0.005863577,0.0312,0.0253,4405689,-0.170143204,29,841,11.3,-0.0069,0.0127,-0.0042,-0.0569,0.0861
Justin Champagnie,WAS,2025,2349578,0.016639128,0.0413,0.0247,5831890,-0.177234,24,576,15.6,-0.0072,-0.0244,0.0102,-0.0253,0.0861
Ivica Zubac,IND,2025,18893980,0.133802476,0.1581,0.0243,22324984,1.689506386,29,841,19.5,0.0701,0.0127,-0.0042,0.0033,0.0861
Drew Eubanks,SAC,2025,2296274,0.016261642,0.0403,0.024,5690682,-0.463667783,29,841,14.8,-0.019,0.0127,-0.0042,-0.0312,0.0861
Julian Champagnie,SAS,2025,3000000,0.021245255,0.0452,0.0239,6382601,-0.356494722,24,576,17.2,-0.0146,-0.0244,0.0102,-0.0136,0.0861
Lonzo Ball,UTA,2025,10000000,0.070817517,0.0944,0.0236,13330035,0.674024661,28,784,15.9,0.0281,0.0053,-0.0011,-0.0231,0.0861
Dereck Lively II,DAL,2025,5253360,0.037202991,0.0596,0.0224,8415996,0.756213502,22,484,13.6,0.0315,-0.0392,0.0152,-0.04,0.0861
Daniel Gafford,DAL,2025,14386320,0.101880347,0.124,0.0221,17509792,0.887004402,27,729,19.5,0.0369,-0.0021,0.0019,0.0033,0.0861
Deandre Ayton,LAL,2025,8104000,0.057390516,0.0793,0.0219,11197794,-0.205192365,27,729,19.4,-0.0083,-0.0021,0.0019,0.0026,0.0861
Tyus Jones,DAL,2025,7000000,0.049572262,0.0711,0.0215,10039888,-0.292300986,30,900,16.2,-0.0119,0.0201,-0.0074,-0.0209,0.0861
Kyle Filipowski,UTA,2025,3000000,0.021245255,0.0426,0.0213,6015460,-0.510687822,22,484,18.7,-0.021,-0.0392,0.0152,-0.0026,0.0861
Matisse Thybulle,POR,2025,11550000,0.081794233,0.1023,0.0205,14445578,1.008389384,29,841,14.4,0.0419,0.0127,-0.0042,-0.0341,0.0861
Keaton Wallace,ATL,2025,2296274,0.016261642,0.0366,0.0203,5168212,-0.68871496,27,729,16.4,-0.0283,-0.0021,0.0019,-0.0195,0.0861
N'Faly Dante,ATL,2025,2048494,0.014506926,0.0347,0.0202,4899917,-0.565750294,24,576,,-0.0232,-0.0244,0.0102,-0.0085,0.0861
Kelly Olynyk,SAS,2025,13445122,0.095215016,0.115,0.0198,16238920,-0.094275351,35,1225,18.2,-0.0037,0.0572,-0.0251,-0.0063,0.0861
Kelly Oubre Jr.,PHI,2025,8382150,0.059360305,0.0786,0.0193,11098948,-0.399286731,30,900,18.9,-0.0163,0.0201,-0.0074,-0.0011,0.0861
Jordan Goodwin,PHO,2025,2349578,0.016639128,0.0358,0.0192,5055246,-0.297404386,27,729,14.1,-0.0121,-0.0021,0.0019,-0.0363,0.0861
Walker Kessler,UTA,2025,4878938,0.034551428,0.0533,0.0188,7526386,0.413778686,24,576,13.7,0.0173,-0.0244,0.0102,-0.0393,0.0861
Javonte Green,DET,2025,2296274,0.016261642,0.0348,0.0185,4914038,-0.282129257,32,1024,10.9,-0.0115,0.0349,-0.0141,-0.0598,0.0861
Terrence Shannon Jr.,MIN,2025,2674080,0.018937171,0.0371,0.0182,5238816,-0.727602666,25,625,17.7,-0.0299,-0.0169,0.0076,-0.0099,0.0861
Devin Carter,SAC,2025,4923720,0.034868563,0.0525,0.0176,7413420,-0.24957689,24,576,17.9,-0.0101,-0.0244,0.0102,-0.0085,0.0861
Amir Coffey,PHO,2025,2296274,0.016261642,0.0339,0.0176,4786951,-0.936470554,29,841,15.3,-0.0386,0.0127,-0.0042,-0.0275,0.0861
Tyrese Martin,BRK,2025,2191897,0.01552247,0.0329,0.0174,4645743,-1.017930221,27,729,18.8,-0.042,-0.0021,0.0019,-0.0019,0.0861
Kel'el Ware,MIA,2025,4443360,0.031466772,0.0484,0.017,6834467,0.00956261,22,484,17.2,0.0006,-0.0392,0.0152,-0.0136,0.0861
Olivier-Maxence Prosper,DAL,2025,1002360,0.007098465,0.024,0.0169,3388992,-0.674735511,23,529,16.3,-0.0277,-0.0318,0.0128,-0.0202,0.0861
Pelle Larsson,MIA,2025,1955377,0.013847494,0.0298,0.016,4207998,-0.311167806,25,625,14.4,-0.0127,-0.0169,0.0076,-0.0341,0.0861
Lindy Waters III,SAS,2025,2296274,0.016261642,0.032,0.0158,4518656,-0.566196779,28,784,14.6,-0.0233,0.0053,-0.0011,-0.0327,0.0861
Sam Merrill,CLE,2025,8482144,0.060068438,0.0754,0.0153,10647083,0.301823919,30,900,14.3,0.0127,0.0201,-0.0074,-0.0349,0.0861
Precious Achiuwa,SAC,2025,2111516,0.014953232,0.0296,0.0146,4179756,-0.498747086,26,676,14.9,-0.0205,-0.0095,0.0048,-0.0305,0.0861
Baylor Scheierman,BOS,2025,2619000,0.018547108,0.033,0.0145,4659864,-0.255399555,25,625,14.5,-0.0104,-0.0169,0.0076,-0.0334,0.0861
Alex Caruso,OKC,2025,18102000,0.12819387,0.1424,0.0142,20108019,1.599666267,32,1024,15.2,0.0664,0.0349,-0.0141,-0.0283,0.0861
Jaden Hardy,WAS,2025,6000000,0.04249051,0.0564,0.0139,7964131,-1.239284489,23,529,25.3,-0.0511,-0.0318,0.0128,0.0459,0.0861
Luke Kornet,SAS,2025,11000000,0.077899269,0.0917,0.0138,12948773,1.244153499,30,900,11.4,0.0517,0.0201,-0.0074,-0.0562,0.0861
Stephon Castle,SAS,2025,9560520,0.067705229,0.0807,0.013,11395485,-0.573927312,21,441,26,-0.0236,-0.0466,0.0176,0.051,0.0861
Isaac Jones,DET,2025,1955377,0.013847494,0.0266,0.0127,3756132,-0.850642714,25,625,16.3,-0.035,-0.0169,0.0076,-0.0202,0.0861
Jonathan Isaac,ORL,2025,15000000,0.106226276,0.1186,0.0123,16747268,1.194178657,28,784,16.2,0.0496,0.0053,-0.0011,-0.0209,0.0861
E.J. Liddell,PHO,2025,706898,0.005006076,0.0173,0.0123,2442898,-0.588146649,25,625,14.1,-0.0242,-0.0169,0.0076,-0.0363,0.0861
Vince Williams Jr.,UTA,2025,2301587,0.016299268,0.0283,0.012,3996186,-0.774484015,25,625,17,-0.0319,-0.0169,0.0076,-0.0151,0.0861
DeMar DeRozan,SAC,2025,24570000,0.17399864,0.1856,0.0116,26208204,0.535751747,36,1296,25,0.0224,0.0646,-0.0289,0.0437,0.0861
Bronny James,LAL,2025,1955377,0.013847494,0.025,0.0112,3530200,-1.069050601,21,441,20.9,-0.0441,-0.0466,0.0176,0.0136,0.0861
Jaylin Williams,OKC,2025,8450704,0.059845788,0.0705,0.0106,9955163,0.801191822,23,529,14.6,0.0333,-0.0318,0.0128,-0.0327,0.0861
Keyonte George,UTA,2025,4278960,0.030302532,0.0406,0.0103,5733044,-1.182650134,22,484,24.3,-0.0488,-0.0392,0.0152,0.0385,0.0861
Marcus Smart,WAS,2025,14786855,0.104716836,0.1149,0.0102,16224799,0.026325638,32,1024,20,0.0013,0.0349,-0.0141,0.007,0.0861
Quentin Grimes,PHI,2025,8741209,0.061903072,0.0717,0.0098,10124613,-0.089345671,26,676,18.5,-0.0035,-0.0095,0.0048,-0.0041,0.0861
Isaiah Joe,OKC,2025,12362338,0.087547009,0.0963,0.0088,13598330,0.698572969,26,676,17.2,0.0291,-0.0095,0.0048,-0.0136,0.0861
Bismack Biyombo,SAS,2025,2296274,0.016261642,0.0241,0.0079,3403112,-1.085985297,33,1089,12.3,-0.0448,0.0423,-0.0177,-0.0496,0.0861
Jaxson Hayes,LAL,2025,3449323,0.024427249,0.0322,0.0077,4546897,-0.004806292,26,676,12.4,0,-0.0095,0.0048,-0.0488,0.0861
Royce O'Neale,PHO,2025,10125000,0.071702736,0.0793,0.0076,11197794,-0.043351916,33,1089,15.5,-0.0016,0.0423,-0.0177,-0.0261,0.0861
Aaron Nesmith,IND,2025,11000000,0.077899269,0.0854,0.0075,12059163,0.405883095,26,676,17.4,0.017,-0.0095,0.0048,-0.0121,0.0861
Craig Porter Jr.,CLE,2025,2221677,0.015733365,0.0231,0.0074,3261904,-0.816192063,26,676,15.9,-0.0336,-0.0095,0.0048,-0.0231,0.0861
Cason Wallace,OKC,2025,5820240,0.041217495,0.0477,0.0065,6735621,0.655279038,22,484,12.8,0.0273,-0.0392,0.0152,-0.0459,0.0861
Malik Monk,SAC,2025,18797619,0.133120071,0.1389,0.0058,19613791,0.131294005,28,784,24.6,0.0056,0.0053,-0.0011,0.0407,0.0861
Ziaire Williams,BRK,2025,6250000,0.044260948,0.0501,0.0058,7074520,-0.451626955,24,576,18.2,-0.0185,-0.0244,0.0102,-0.0063,0.0861
Dariq Whitehead,BRK,2025,3262560,0.02310464,0.0289,0.0058,4080911,-1.045345321,21,441,20.1,-0.0431,-0.0466,0.0176,0.0077,0.0861
Ryan Dunn,PHO,2025,2657760,0.018821597,0.0245,0.0057,3459596,-0.610774286,23,529,16.7,-0.0251,-0.0318,0.0128,-0.0173,0.0861
Klay Thompson,DAL,2025,16666667,0.118029198,0.1234,0.0054,17425067,-0.375681805,36,1296,21.8,-0.0154,0.0646,-0.0289,0.0202,0.0861
Caris LeVert,DET,2025,14104000,0.099881027,0.1051,0.0052,14840960,0.284360294,31,961,18.1,0.012,0.0275,-0.0107,-0.007,0.0861
Dwight Powell,DAL,2025,4000000,0.028327007,0.0327,0.0043,4617501,0.046610134,34,1156,7.6,0.0021,0.0498,-0.0213,-0.084,0.0861
Kobe Bufkin,BRK,2025,4503720,0.031894227,0.0355,0.0036,5012884,-0.770395269,22,484,20.8,-0.0317,-0.0392,0.0152,0.0128,0.0861
Ajay Mitchell,OKC,2025,3000000,0.021245255,0.0247,0.0034,3487837,-0.760462581,24,576,16.2,-0.0313,-0.0244,0.0102,-0.0209,0.0861
Jeremiah Robinson-Earl,DAL,2025,131970,0.000934579,0.0043,0.0034,607194,-0.92163123,25,625,14.4,-0.038,-0.0169,0.0076,-0.0341,0.0861
Sam Hauser,BOS,2025,10044644,0.071133675,0.0731,0.0019,10322304,0.46369097,28,784,14.3,0.0194,0.0053,-0.0011,-0.0349,0.0861
Obi Toppin,IND,2025,14000000,0.099144524,0.1009,0.0017,14247887,0.154568215,28,784,20.1,0.0066,0.0053,-0.0011,0.0077,0.0861
Anthony Gill,WAS,2025,2296274,0.016261642,0.0169,0.0006,2386415,-1.031137039,33,1089,12.7,-0.0425,0.0423,-0.0177,-0.0466,0.0861
Blake Wesley,POR,2025,2296274,0.016261642,0.0166,0.0004,2344052,-0.823440763,23,529,16.7,-0.0339,-0.0318,0.0128,-0.0173,0.0861
James Harden,CLE,2025,39182693,0.277482104,0.2767,-0.0008,39072253,2.150243687,36,1296,29.6,0.0892,0.0646,-0.0289,0.0774,0.0861
Jarrett Allen,CLE,2025,20000000,0.141635035,0.1406,-0.001,19853844,1.786536189,28,784,15.9,0.0741,0.0053,-0.0011,-0.0231,0.0861
Jonathan Mogbo,TOR,2025,1955377,0.013847494,0.0128,-0.0011,1807462,-0.853241963,24,576,15,-0.0351,-0.0244,0.0102,-0.0297,0.0861
Adem Bona,PHI,2025,1955377,0.013847494,0.0118,-0.0021,1666254,-0.532325867,23,529,14.3,-0.0219,-0.0318,0.0128,-0.0349,0.0861
P.J. Washington,DAL,2025,14152174,0.100222183,0.0974,-0.0028,13753659,0.118771797,27,729,20.4,0.0051,-0.0021,0.0019,0.0099,0.0861
Gui Santos,GSW,2025,2221677,0.015733365,0.0128,-0.0029,1807462,-0.357825605,24,576,13.2,-0.0146,-0.0244,0.0102,-0.0429,0.0861
Jamal Shead,TOR,2025,1955377,0.013847494,0.0109,-0.0029,1539167,-1.136194979,24,576,18.6,-0.0468,-0.0244,0.0102,-0.0033,0.0861
Dean Wade,CLE,2025,6623456,0.046905671,0.043,-0.0039,6071943,0.300757411,29,841,10.4,0.0126,0.0127,-0.0042,-0.0635,0.0861
Jaylen Clark,MIN,2025,2191897,0.01552247,0.0105,-0.0051,1482684,-0.258108649,24,576,12,-0.0105,-0.0244,0.0102,-0.0518,0.0861
Ja'Kobe Walter,TOR,2025,3638160,0.025764546,0.0201,-0.0057,2838280,-0.693530293,21,441,18.2,-0.0285,-0.0466,0.0176,-0.0063,0.0861
Daniss Jenkins,DET,2025,3809524,0.026978103,0.0208,-0.0062,2937126,-1.410836391,24,576,21.8,-0.0582,-0.0244,0.0102,0.0202,0.0861
Joe Ingles,MIN,2025,2296274,0.016261642,0.01,-0.0062,1412080,-1.334980527,38,1444,12.2,-0.0551,0.0794,-0.037,-0.0503,0.0861
Anthony Black,ORL,2025,7970280,0.056443544,0.0502,-0.0063,7088641,-0.307478365,22,484,19.6,-0.0125,-0.0392,0.0152,0.004,0.0861
Kobe Brown,IND,2025,2654880,0.018801201,0.0124,-0.0064,1750979,-0.76459036,26,676,14,-0.0315,-0.0095,0.0048,-0.0371,0.0861
Simone Fontecchio,MIA,2025,8307692,0.058833012,0.0518,-0.0071,7314574,-0.731088554,30,900,15.8,-0.0301,0.0201,-0.0074,-0.0239,0.0861
Blake Wesley,WAS,2025,3347458,0.023705867,0.0166,-0.0071,2344052,-0.823440763,23,529,16.7,-0.0339,-0.0318,0.0128,-0.0173,0.0861
Ayo Dosunmu,MIN,2025,7518518,0.053244278,0.046,-0.0072,6495568,-0.49187119,26,676,16.6,-0.0202,-0.0095,0.0048,-0.018,0.0861
Scoot Henderson,POR,2025,10748040,0.076114951,0.0688,-0.0073,9715110,-0.538752934,22,484,22.5,-0.0221,-0.0392,0.0152,0.0253,0.0861
Dominick Barlow,PHI,2025,3415000,0.024184182,0.0159,-0.0083,2245207,-0.46638988,23,529,14.5,-0.0191,-0.0318,0.0128,-0.0334,0.0861
Haywood Highsmith,BRK,2025,5616000,0.039771118,0.0312,-0.0086,4405689,-0.170143204,29,841,11.3,-0.0069,0.0127,-0.0042,-0.0569,0.0861
Jeremy Sochan,SAS,2025,7096231,0.050253746,0.0413,-0.0089,5831890,-0.496252801,23,529,19,-0.0204,-0.0318,0.0128,-0.0004,0.0861
Luke Kennard,LAL,2025,11000000,0.077899269,0.0688,-0.0091,9715110,0.00297191,30,900,14.5,0.0003,0.0201,-0.0074,-0.0334,0.0861
Jake LaRavia,LAL,2025,6000000,0.04249051,0.0333,-0.0092,4702226,-0.076029298,24,576,14.5,-0.003,-0.0244,0.0102,-0.0334,0.0861
Wendell Carter Jr.,ORL,2025,10850000,0.076837006,0.0674,-0.0094,9517419,0.101936064,27,729,16,0.0044,-0.0021,0.0019,-0.0224,0.0861
Jakob Poeltl,TOR,2025,19500000,0.138094159,0.1282,-0.0099,18102865,0.815685371,30,900,18.7,0.0339,0.0201,-0.0074,-0.0026,0.0861
Jalen Wilson,BRK,2025,2221677,0.015733365,0.0057,-0.0101,804885,-1.24157669,25,625,16.6,-0.0512,-0.0169,0.0076,-0.018,0.0861
Sidy Cissoko,POR,2025,686243,0.004859803,-0.007,-0.0119,-988456,-1.255426088,22,484,15.5,-0.0518,-0.0392,0.0152,-0.0261,0.0861
Tristan Da Silva,ORL,2025,3809520,0.026978075,0.0136,-0.0134,1920428,-0.91895193,25,625,15.2,-0.0379,-0.0169,0.0076,-0.0283,0.0861
Noah Clowney,BRK,2025,3398640,0.024068325,0.0093,-0.0147,1313234,-1.152362293,21,441,19,-0.0475,-0.0466,0.0176,-0.0004,0.0861
Gradey Dick,TOR,2025,4990560,0.035341907,0.0202,-0.0152,2852401,-1.102460905,22,484,21,-0.0455,-0.0392,0.0152,0.0143,0.0861
Jamison Battle,TOR,2025,1955377,0.013847494,-0.0018,-0.0156,-254174,-1.226393948,25,625,15.3,-0.0506,-0.0169,0.0076,-0.0275,0.0861
Onyeka Okongwu,ATL,2025,15000000,0.106226276,0.0905,-0.0157,12779324,0.721170294,25,625,17.3,0.03,-0.0169,0.0076,-0.0129,0.0861
John Konchar,UTA,2025,6165000,0.043658999,0.0276,-0.0161,3897340,0.254456728,30,900,8,0.0107,0.0201,-0.0074,-0.0811,0.0861
Moses Moody,GSW,2025,11574075,0.081964726,0.0657,-0.0163,9277365,0.095987648,24,576,17.4,0.0042,-0.0244,0.0102,-0.0121,0.0861
Hunter Tyson,BRK,2025,2221677,0.015733365,-0.002,-0.0178,-282416,-1.343788096,26,676,15.5,-0.0554,-0.0095,0.0048,-0.0261,0.0861
Julian Phillips,MIN,2025,2221677,0.015733365,-0.0021,-0.0178,-296536,-0.531671574,22,484,12.9,-0.0218,-0.0392,0.0152,-0.0452,0.0861
Johnny Furphy,IND,2025,1955377,0.013847494,-0.0044,-0.0183,-621315,-0.51696786,21,441,13,-0.0212,-0.0466,0.0176,-0.0444,0.0861
Justin Edwards,PHI,2025,2048494,0.014506926,-0.0039,-0.0184,-550711,-1.248961148,22,484,16.9,-0.0515,-0.0392,0.0152,-0.0158,0.0861
Jaylon Tyson,CLE,2025,3492480,0.024732876,0.0059,-0.0188,833127,-0.958991233,23,529,17.4,-0.0395,-0.0318,0.0128,-0.0121,0.0861
Donovan Clingan,POR,2025,7178400,0.050835647,0.0319,-0.0189,4504535,0.122297609,22,484,14.2,0.0052,-0.0392,0.0152,-0.0356,0.0861
Kris Murray,POR,2025,3132000,0.022180046,0.0024,-0.0198,338899,-0.715884194,25,625,13.9,-0.0294,-0.0169,0.0076,-0.0378,0.0861
Jarace Walker,IND,2025,6665520,0.047203558,0.027,-0.0202,3812616,-0.518871948,22,484,17.1,-0.0213,-0.0392,0.0152,-0.0143,0.0861
Isaiah Collier,UTA,2025,2638200,0.018683077,-0.0027,-0.0214,-381261,-1.457553116,21,441,18.9,-0.0601,-0.0466,0.0176,-0.0011,0.0861
Caleb Houstan,ATL,2025,699440,0.00495326,-0.0169,-0.0219,-2386415,-0.765482738,23,529,11.7,-0.0315,-0.0318,0.0128,-0.054,0.0861
De'Andre Hunter,SAC,2025,23303571,0.165030105,0.143,-0.0221,20192744,0.269907356,28,784,24.2,0.0114,0.0053,-0.0011,0.0378,0.0861
Tyler Herro,MIA,2025,31000000,0.219534304,0.1938,-0.0258,27366110,1.079388534,26,676,28,0.0449,-0.0095,0.0048,0.0657,0.0861
Rayan Rupert,POR,2025,2221677,0.015733365,-0.0103,-0.0261,-1454442,-1.606926956,22,484,16.8,-0.0663,-0.0392,0.0152,-0.0165,0.0861
Kyshawn George,WAS,2025,2966760,0.021009858,-0.0059,-0.027,-833127,-1.102382665,22,484,15.9,-0.0454,-0.0392,0.0152,-0.0231,0.0861
Naz Reid,MIN,2025,21551724,0.152623959,0.1254,-0.0272,17707483,0.60805264,26,676,21.5,0.0254,-0.0095,0.0048,0.018,0.0861
Grayson Allen,PHO,2025,16875000,0.119504561,0.0914,-0.0281,12906411,0.08686005,30,900,17.6,0.0038,0.0201,-0.0074,-0.0107,0.0861
Bradley Beal,PHO,2025,19383010,0.137265665,0.1075,-0.0298,15179860,-0.361308721,32,1024,22.1,-0.0148,0.0349,-0.0141,0.0224,0.0861
Derrick White,BOS,2025,28100000,0.198997224,0.1691,-0.0299,23878272,1.695404672,31,961,19.8,0.0704,0.0275,-0.0107,0.0055,0.0861
Oso Ighodaro,PHO,2025,1955377,0.013847494,-0.0171,-0.031,-2414656,-0.557470556,23,529,10.5,-0.0229,-0.0318,0.0128,-0.0628,0.0861
Jarred Vanderbilt,LAL,2025,11571429,0.081945987,0.0503,-0.0317,7102762,0.336130558,27,729,12.5,0.0141,-0.0021,0.0019,-0.0481,0.0861
Jett Howard,ORL,2025,5529720,0.039160104,0.0071,-0.0321,1002576,-1.599919953,22,484,19.2,-0.066,-0.0392,0.0152,0.0011,0.0861
Keegan Murray,SAC,2025,11144093,0.0789197,0.0461,-0.0328,6509688,-0.034497184,25,625,15,-0.0012,-0.0169,0.0076,-0.0297,0.0861
Duncan Robinson,DET,2025,16834692,0.119219109,0.0861,-0.0331,12158008,-0.451053474,32,1024,19.2,-0.0185,0.0349,-0.0141,0.0011,0.0861
Mac McClung,IND,2025,164060,0.001161832,-0.033,-0.0341,-4659864,-1.079687336,27,729,8.7,-0.0445,-0.0021,0.0019,-0.076,0.0861
Max Strus,CLE,2025,15936452,0.112857997,0.0778,-0.035,10985982,0.288219326,30,900,14.7,0.0121,0.0201,-0.0074,-0.0319,0.0861
Dillon Jones,WAS,2025,2753280,0.019498045,-0.0159,-0.0354,-2245207,-1.156092202,24,576,13.3,-0.0477,-0.0244,0.0102,-0.0422,0.0861
Ochai Agbaji,BRK,2025,6383525,0.045206539,0.0097,-0.0355,1369717,-0.768245304,26,676,14.6,-0.0316,-0.0095,0.0048,-0.0327,0.0861
Jonathan Kuminga,ATL,2025,23799569,0.168542639,0.1293,-0.0392,18258194,0.007484563,23,529,27.4,0.0005,-0.0318,0.0128,0.0613,0.0861
Kyrie Irving,DAL,2025,36566002,0.258951348,0.2196,-0.0394,31009276,1.091480736,34,1156,27.4,0.0454,0.0498,-0.0213,0.0613,0.0861
Ben Sheppard,IND,2025,2790720,0.019763186,-0.0196,-0.0394,-2767676,-0.892035028,24,576,11.3,-0.0367,-0.0244,0.0102,-0.0569,0.0861
Nickeil Alexander-Walker,ATL,2025,15161800,0.107372104,0.0678,-0.0396,9573902,0.11213259,27,729,16,0.0048,-0.0021,0.0019,-0.0224,0.0861
Micah Potter,IND,2025,1527805,0.010819536,-0.0321,-0.043,-4532776,-1.329191526,28,784,10.3,-0.0548,0.0053,-0.0011,-0.0642,0.0861
Caleb Martin,DAL,2025,9594044,0.067942638,0.0224,-0.0456,3163059,-0.928666106,30,900,14.2,-0.0383,0.0201,-0.0074,-0.0356,0.0861
RJ Barrett,TOR,2025,27705357,0.19620246,0.1501,-0.0461,21195320,-0.218235785,26,676,28.7,-0.0088,-0.0095,0.0048,0.0708,0.0861
Keldon Johnson,SAS,2025,17500000,0.123930655,0.077,-0.0469,10873016,-0.626524827,26,676,21.6,-0.0257,-0.0095,0.0048,0.0187,0.0861
Draymond Green,GSW,2025,25892857,0.183366785,0.1329,-0.0504,18766543,0.906570269,36,1296,15.9,0.0377,0.0646,-0.0289,-0.0231,0.0861
Luguentz Dort,OKC,2025,18222222,0.129045252,0.0775,-0.0515,10943620,0.620566328,27,729,13.6,0.0259,-0.0021,0.0019,-0.04,0.0861
Alex Sarr,WAS,2025,11808240,0.083623024,0.0321,-0.0515,4532776,-1.31719533,21,441,23.5,-0.0543,-0.0466,0.0176,0.0326,0.0861
Julius Randle,MIN,2025,30864198,0.218572588,0.163,-0.0555,23016904,0.296197576,31,961,25,0.0124,0.0275,-0.0107,0.0437,0.0861
Max Christie,DAL,2025,7714286,0.054630658,-0.0032,-0.0578,-451865,-0.627564609,23,529,13.9,-0.0258,-0.0318,0.0128,-0.0378,0.0861
Jordan Walsh,BOS,2025,2221677,0.015733365,-0.043,-0.0587,-6071943,-0.956141475,22,484,11.5,-0.0394,-0.0392,0.0152,-0.0554,0.0861
Zaccharie Risacher,ATL,2025,13197720,0.093462977,0.0335,-0.0599,4730468,-0.868797074,21,441,20.9,-0.0358,-0.0466,0.0176,0.0136,0.0861
Rui Hachimura,LAL,2025,18259259,0.129307539,0.0692,-0.0601,9771593,0.045790315,28,784,15.8,0.0021,0.0053,-0.0011,-0.0239,0.0861
Franz Wagner,ORL,2025,38661750,0.273792915,0.2129,-0.0609,30063183,1.431936211,24,576,31,0.0595,-0.0244,0.0102,0.0877,0.0861
Donovan Mitchell,CLE,2025,46394100,0.328551498,0.2672,-0.0613,37730777,2.455385758,29,841,30.9,0.1018,0.0127,-0.0042,0.087,0.0861
Kevin Huerter,DET,2025,17991071,0.127408298,0.0661,-0.0613,9333848,-0.127777195,27,729,17.2,-0.0051,-0.0021,0.0019,-0.0136,0.0861
Davion Mitchell,MIA,2025,11600000,0.08214832,0.0202,-0.0619,2852401,-0.603671523,27,729,13.1,-0.0248,-0.0021,0.0019,-0.0437,0.0861
Andrew Nembhard,IND,2025,18102000,0.12819387,0.0634,-0.0648,8952587,0.057338337,26,676,16.3,0.0026,-0.0095,0.0048,-0.0202,0.0861
Dillon Brooks,PHO,2025,21124110,0.149595703,0.0843,-0.0653,11903834,-0.129852271,30,900,17.7,-0.0052,0.0201,-0.0074,-0.0099,0.0861
Harrison Barnes,SAS,2025,19000000,0.134553283,0.0679,-0.0666,9588023,-0.437243017,34,1156,15.7,-0.0179,0.0498,-0.0213,-0.0246,0.0861
Andrew Wiggins,MIA,2025,28223215,0.199869802,0.1317,-0.0682,18597093,0.070490337,31,961,23.5,0.0031,0.0275,-0.0107,0.0326,0.0861
AJ Johnson,DAL,2025,3090480,0.021886012,-0.0473,-0.0692,-6679138,-1.740185501,21,441,17,-0.0718,-0.0466,0.0176,-0.0151,0.0861
Immanuel Quickley,TOR,2025,32500000,0.230156932,0.159,-0.0711,22452072,0.544018171,27,729,25.1,0.0227,-0.0021,0.0019,0.0444,0.0861
Tobias Harris,DET,2025,26634146,0.18861641,0.1157,-0.0729,16337765,0.408049787,33,1089,17.6,0.0171,0.0423,-0.0177,-0.0107,0.0861
Terance Mann,BRK,2025,15500000,0.109767152,0.0351,-0.0746,4956400,-0.67095323,29,841,14,-0.0276,0.0127,-0.0042,-0.0371,0.0861
Corey Kispert,ATL,2025,13975000,0.098967481,0.0238,-0.0752,3360750,-1.188507706,27,729,17.5,-0.049,-0.0021,0.0019,-0.0114,0.0861
CJ McCollum,ATL,2025,30666666,0.217173715,0.1407,-0.0765,19867965,-0.559851078,34,1156,27.2,-0.023,0.0498,-0.0213,0.0598,0.0861
Gabe Vincent,ATL,2025,11500000,0.081440145,0.0049,-0.0765,691919,-1.053723715,30,900,13.5,-0.0434,0.0201,-0.0074,-0.0407,0.0861
Isaiah Hartenstein,OKC,2025,28500000,0.201829925,0.1228,-0.079,17340342,1.221761527,28,784,16.7,0.0508,0.0053,-0.0011,-0.0173,0.0861
Bilal Coulibaly,WAS,2025,7275600,0.051523993,-0.0275,-0.079,-3883220,-1.480480663,21,441,17.9,-0.0611,-0.0466,0.0176,-0.0085,0.0861
Khris Middleton,DAL,2025,33296296,0.235796102,0.1538,-0.082,21717790,0.474000026,34,1156,22,0.0198,0.0498,-0.0213,0.0216,0.0861
Anthony Edwards,MIN,2025,45550512,0.322577418,0.238,-0.0846,33607504,1.909661246,24,576,31.4,0.0792,-0.0244,0.0102,0.0906,0.0861
Jaden McDaniels,MIN,2025,24393104,0.172745907,0.088,-0.0848,12426304,0.618536463,25,625,16.3,0.0258,-0.0169,0.0076,-0.0202,0.0861
De'Aaron Fox,SAS,2025,37096620,0.262709053,0.1766,-0.0861,24937332,0.499397653,28,784,29.1,0.0209,0.0053,-0.0011,0.0737,0.0861
Jalen Johnson,ATL,2025,30000000,0.212452552,0.1263,-0.0861,17834570,0.816406813,24,576,22.5,0.034,-0.0244,0.0102,0.0253,0.0861
Isaiah Stewart,DET,2025,15000000,0.106226276,0.0198,-0.0865,2795918,-0.154278155,25,625,12.4,-0.0062,-0.0169,0.0076,-0.0488,0.0861
Jalen Suggs,ORL,2025,35000000,0.247861311,0.1605,-0.0873,22663884,0.471517849,25,625,27.5,0.0197,-0.0169,0.0076,0.062,0.0861
LeBron James,LAL,2025,52627153,0.372692432,0.2853,-0.0874,40286642,1.526056,41,1681,30.1,0.0634,0.1016,-0.0499,0.0811,0.0861
Maxi Kleber,LAL,2025,11000000,0.077899269,-0.0111,-0.089,-1567408,-1.406368962,34,1156,8.7,-0.058,0.0498,-0.0213,-0.076,0.0861
Tyrese Maxey,PHI,2025,37958760,0.268814515,0.1742,-0.0946,24598433,0.570164797,25,625,29.8,0.0238,-0.0169,0.0076,0.0789,0.0861
Jalen Green,PHO,2025,33584499,0.237837084,0.143,-0.0949,20192744,0.190799842,24,576,27.3,0.0081,-0.0244,0.0102,0.0605,0.0861
Desmond Bane,ORL,2025,36725670,0.260082078,0.1631,-0.097,23031024,0.974377637,28,784,23.3,0.0405,0.0053,-0.0011,0.0312,0.0861
Deandre Ayton,POR,2025,25550814,0.180944522,0.0793,-0.1016,11197794,-0.205192365,27,729,19.4,-0.0083,-0.0021,0.0019,0.0026,0.0861
Bam Adebayo,MIA,2025,37096620,0.262709053,0.1607,-0.1021,22692125,0.867004009,28,784,23.5,0.0361,0.0053,-0.0011,0.0326,0.0861
Jayson Tatum,BOS,2025,54126450,0.383310082,0.2765,-0.1068,39044012,2.775049893,28,784,31.2,0.115,0.0053,-0.0011,0.0892,0.0861
Jrue Holiday,POR,2025,32400000,0.229448756,0.122,-0.1074,17227376,0.504941004,36,1296,15.8,0.0211,0.0646,-0.0289,-0.0239,0.0861
Devin Vassell,SAS,2025,27000000,0.191207297,0.0805,-0.1107,11367244,-0.376932856,25,625,22.1,-0.0154,-0.0169,0.0076,0.0224,0.0861
Cade Cunningham,DET,2025,46394100,0.328551498,0.217,-0.1115,30642136,0.963364629,24,576,33.2,0.0401,-0.0244,0.0102,0.1038,0.0861
Anthony Davis,WAS,2025,54126450,0.383310082,0.2694,-0.1139,38041435,2.179359924,33,1089,30.2,0.0904,0.0423,-0.0177,0.0818,0.0861
Brandon Ingram,TOR,2025,38095238,0.269781018,0.1559,-0.1139,22014327,-0.387160514,28,784,30.2,-0.0158,0.0053,-0.0011,0.0818,0.0861
Rudy Gobert,MIN,2025,35000000,0.247861311,0.1278,-0.12,18046382,1.40653122,34,1156,13,0.0584,0.0498,-0.0213,-0.0444,0.0861
Scottie Barnes,TOR,2025,38661750,0.273792915,0.1528,-0.121,21576582,0.528733281,24,576,27,0.0221,-0.0244,0.0102,0.0583,0.0861
Jaren Jackson Jr.,UTA,2025,35000000,0.247861311,0.1245,-0.1233,17580396,1.437270076,26,676,,0.0597,-0.0095,0.0048,-0.0085,0.0861
Bub Carrington,WAS,2025,4677600,0.033125602,-0.0904,-0.1236,-12765203,-2.304685245,20,400,15.8,-0.0952,-0.054,0.0198,-0.0239,0.0861
Terry Rozier,MIA,2025,26643031,0.188679331,0.0636,-0.125,8980828,-1.120936129,32,1024,20.4,-0.0462,0.0349,-0.0141,0.0099,0.0861
Nic Claxton,BRK,2025,25352272,0.179538496,0.0496,-0.1299,7003916,-0.396343098,27,729,16.8,-0.0162,-0.0021,0.0019,-0.0165,0.0861
Joel Embiid,PHI,2025,55224526,0.391086383,0.2604,-0.1307,36770563,1.24837462,32,1024,34.2,0.0519,0.0349,-0.0141,0.1112,0.0861
Tyrese Haliburton,IND,2025,45550512,0.322577418,0.1892,-0.1334,26716553,2.180928866,26,676,21.6,0.0905,-0.0095,0.0048,0.0187,0.0861
Evan Mobley,CLE,2025,46394100,0.328551498,0.195,-0.1335,27535560,2.053175909,25,625,23.2,0.0852,-0.0169,0.0076,0.0304,0.0861
Stephen Curry,GSW,2025,59606817,0.42212068,0.2882,-0.134,40696145,1.95066539,38,1444,29.8,0.0809,0.0794,-0.037,0.0789,0.0861
Pascal Siakam,IND,2025,45550512,0.322577418,0.1865,-0.136,26335292,1.184022166,32,1024,24.2,0.0492,0.0349,-0.0141,0.0378,0.0861
Domantas Sabonis,SAC,2025,42336000,0.299813042,0.1593,-0.1405,22494434,1.040964734,30,900,21.6,0.0433,0.0201,-0.0074,0.0187,0.0861
Trae Young,WAS,2025,46394100,0.328551498,0.1844,-0.1442,26038755,0.693907532,27,729,29.6,0.0289,-0.0021,0.0019,0.0774,0.0861
Cody Williams,UTA,2025,5742480,0.040666818,-0.104,-0.1447,-14685632,-2.197842816,21,441,12.5,-0.0908,-0.0466,0.0176,-0.0481,0.0861
Jerami Grant,POR,2025,32000001,0.226616063,0.0776,-0.149,10957740,-0.688667755,32,1024,19.4,-0.0283,0.0349,-0.0141,0.0026,0.0861
Jaylen Brown,BOS,2025,53142264,0.376340321,0.2219,-0.1545,31334055,1.250058555,29,841,28.9,0.0519,0.0127,-0.0042,0.0723,0.0861
Michael Porter Jr.,BRK,2025,38333050,0.271465144,0.1125,-0.159,15885900,0.503959721,27,729,20.2,0.021,-0.0021,0.0019,0.0084,0.0861
Zach LaVine,SAC,2025,47499660,0.3363808,0.1706,-0.1657,24090084,0.212228485,31,961,26.6,0.009,0.0275,-0.0107,0.0554,0.0861
Jimmy Butler,GSW,2025,54126450,0.383310082,0.2089,-0.1744,29498351,1.871981063,36,1296,20.6,0.0777,0.0646,-0.0289,0.0114,0.0861
Devin Booker,PHO,2025,53142264,0.376340321,0.1995,-0.1769,28170996,0.716377132,29,841,29.3,0.0298,0.0127,-0.0042,0.0752,0.0861
Lauri Markkanen,UTA,2025,46394100,0.328551498,0.1347,-0.1938,19020717,0.138558277,29,841,24,0.0059,0.0127,-0.0042,0.0363,0.0861
Paul George,PHI,2025,51666090,0.365886423,0.1659,-0.1999,23426407,0.468600311,36,1296,23.5,0.0196,0.0646,-0.0289,0.0326,0.0861
