player_name,player_name,team,season,salary,cap_pct,predicted_cap_pct,residual,predicted_salary,raw_base_rating,contrib_base_rating,raw_age,contrib_age,raw_age_squared,contrib_age_squared,raw_games,contrib_games,raw_minutes,contrib_minutes,raw_availability_3yr,contrib_availability_3yr,raw_usage_pct,contrib_usage_pct,raw_war,contrib_war,contrib_intercept
Joel Embiid,Joel Embiid,PHI,2025,55224526,0.391086383,0.1716,-0.2195,24231292,1.24837462,0.0335,32,0.0491,1024,-0.0305,19,0.0313,574,-0.062,0.2317,0.0313,34.2,0.0722,0.606,0.0001,0.0861
Jimmy Butler,Jimmy Butler,GSW,2025,54126450,0.383310082,0.1882,-0.1951,26575345,1.871981063,0.0502,36,0.0907,1296,-0.0624,30,0.0214,980,-0.0255,0.3659,0.0213,20.6,0.0074,5.246,-0.0003,0.0861
Paul George,Paul George,PHI,2025,51666090,0.365886423,0.1717,-0.1941,24245413,0.468600311,0.0126,36,0.0907,1296,-0.0624,41,0.0114,1334,0.0064,0.5,0.0113,23.5,0.0212,1.948,0,0.0861
Lauri Markkanen,Lauri Markkanen,UTA,2025,46394100,0.328551498,0.1438,-0.1848,20305710,0.138558277,0.0038,29,0.0178,841,-0.009,47,0.0059,1476,0.0191,0.5732,0.0059,24,0.0236,1.79,0,0.0861
Jaren Jackson Jr.,Jaren Jackson Jr.,UTA,2025,35000000,0.247861311,0.082,-0.1658,11579056,1.437270076,0.0386,26,-0.0134,676,0.0103,,-0.0036,,-0.0032,,-0.0036,,-0.0055,,0.0001,0.0861
Anthony Davis,Anthony Davis,WAS,2025,54126450,0.383310082,0.2286,-0.1547,32280148,2.179359924,0.0584,33,0.0595,1089,-0.0381,42,0.0105,1440,0.0159,0.5122,0.0104,30.2,0.0532,5.308,-0.0003,0.0861
Zach LaVine,Zach LaVine,SAC,2025,47499660,0.3363808,0.1834,-0.153,25897547,0.212228485,0.0058,31,0.0386,961,-0.0231,42,0.0105,1432,0.0152,0.5122,0.0104,26.6,0.036,3.996,-0.0002,0.0861
Brandon Ingram,Brandon Ingram,TOR,2025,38095238,0.269781018,0.1223,-0.1475,17269738,-0.387160514,-0.0102,28,0.0074,784,-0.0024,18,0.0323,595,-0.0601,0.2195,0.0322,30.2,0.0532,0.2,0.0002,0.0861
Jaylen Brown,Jaylen Brown,BOS,2025,53142264,0.376340321,0.2345,-0.1418,33113275,1.250058555,0.0335,29,0.0178,841,-0.009,63,-0.0086,2158,0.0805,0.7683,-0.0086,28.9,0.047,6.591,-0.0004,0.0861
Stephen Curry,Stephen Curry,GSW,2025,59606817,0.42212068,0.2874,-0.1347,40583179,1.95066539,0.0523,38,0.1115,1444,-0.0798,70,-0.015,2252,0.0889,0.8537,-0.0149,29.8,0.0513,7.461,-0.0005,0.0861
Khris Middleton,Khris Middleton,DAL,2025,33296296,0.235796102,0.1127,-0.123,15914141,0.474000026,0.0128,34,0.0699,1156,-0.046,23,0.0277,534,-0.0656,0.2805,0.0276,22,0.0141,1.629,0,0.0861
Evan Mobley,Evan Mobley,CLE,2025,46394100,0.328551498,0.2058,-0.1227,29060606,2.053175909,0.055,25,-0.0238,625,0.0163,71,-0.0159,2167,0.0813,0.8659,-0.0158,23.2,0.0198,8.458,-0.0006,0.0861
Devin Booker,Devin Booker,PHO,2025,53142264,0.376340321,0.2687,-0.1077,37942589,0.716377132,0.0193,29,0.0178,841,-0.009,75,-0.0195,2795,0.1378,0.9146,-0.0195,29.3,0.0489,5.948,-0.0004,0.0861
Jerami Grant,Jerami Grant,POR,2025,32000001,0.226616063,0.1242,-0.1024,17538033,-0.688667755,-0.0183,32,0.0491,1024,-0.0305,47,0.0059,1524,0.0234,0.5732,0.0059,19.4,0.0017,0.175,0.0002,0.0861
Tyrese Haliburton,Tyrese Haliburton,IND,2025,45550512,0.322577418,0.2233,-0.0993,31531746,2.180928866,0.0584,26,-0.0134,676,0.0103,73,-0.0177,2451,0.1068,0.8902,-0.0176,21.6,0.0122,10.265,-0.0007,0.0861
Jalen Suggs,Jalen Suggs,ORL,2025,35000000,0.247861311,0.15,-0.0979,21181200,0.471517849,0.0127,25,-0.0238,625,0.0163,35,0.0168,1002,-0.0235,0.4268,0.0168,27.5,0.0403,1.103,0.0001,0.0861
Scottie Barnes,Scottie Barnes,TOR,2025,38661750,0.273792915,0.1776,-0.0962,25078540,0.528733281,0.0143,24,-0.0342,576,0.0221,65,-0.0104,2134,0.0783,0.7927,-0.0104,27,0.0379,4.571,-0.0002,0.0861
Terry Rozier,Terry Rozier,MIA,2025,26643031,0.188679331,0.0932,-0.0955,13160585,-1.120936129,-0.0299,32,0.0491,1024,-0.0305,64,-0.0095,1658,0.0355,0.7805,-0.0095,20.4,0.0064,-1.714,0.0003,0.0861
Cody Williams,Cody Williams,UTA,2025,5742480,0.040666818,-0.0531,-0.0938,-7498144,-2.197842816,-0.0587,21,-0.0654,441,0.0379,50,0.0032,1060,-0.0183,0.6098,0.0032,12.5,-0.0312,-2.646,0.0004,0.0861
Jordan Walsh,Jordan Walsh,BOS,2025,2221677,0.015733365,-0.076,-0.0917,-10731808,-0.956141475,-0.0254,22,-0.055,484,0.0329,52,0.0014,403,-0.0774,0.6341,0.0014,11.5,-0.036,-0.413,0.0002,0.0861
Nic Claxton,nic claxton,BRK,2025,25352272,0.179538496,0.0886,-0.091,12511028,-0.396343098,-0.0105,27,-0.003,729,0.0041,70,-0.015,1882,0.0556,0.8537,-0.0149,16.8,-0.0107,0.707,0.0001,0.0861
Cade Cunningham,Cade Cunningham,DET,2025,46394100,0.328551498,0.2386,-0.0899,33692228,0.963364629,0.0259,24,-0.0342,576,0.0221,70,-0.015,2452,0.1069,0.8537,-0.0149,33.2,0.0675,5.864,-0.0004,0.0861
Michael Porter Jr.,Michael Porter Jr.,BRK,2025,38333050,0.271465144,0.1818,-0.0897,25671614,0.503959721,0.0136,27,-0.003,729,0.0041,77,-0.0213,2593,0.1196,0.939,-0.0213,20.2,0.0055,5.129,-0.0003,0.0861
Pascal Siakam,Pascal Siakam,IND,2025,45550512,0.322577418,0.2356,-0.087,33268604,1.184022166,0.0318,32,0.0491,1024,-0.0305,78,-0.0222,2548,0.1155,0.9512,-0.0222,24.2,0.0246,7.478,-0.0005,0.0861
Trae Young,Trae Young,WAS,2025,46394100,0.328551498,0.2437,-0.0848,34412389,0.693907532,0.0187,27,-0.003,729,0.0041,76,-0.0204,2739,0.1327,0.9268,-0.0204,29.6,0.0503,4.298,-0.0002,0.0861
Jayson Tatum,Jayson Tatum,BOS,2025,54126450,0.383310082,0.2989,-0.0844,42207071,2.775049893,0.0743,28,0.0074,784,-0.0024,72,-0.0168,2624,0.1224,0.878,-0.0167,31.2,0.0579,10.219,-0.0007,0.0861
Isaiah Stewart,Isaiah Stewart,DET,2025,15000000,0.106226276,0.0227,-0.0835,3205421,-0.154278155,-0.004,25,-0.0238,625,0.0163,72,-0.0168,1434,0.0154,0.878,-0.0167,12.4,-0.0317,0.755,0.0001,0.0861
Domantas Sabonis,Domantas Sabonis,SAC,2025,42336000,0.299813042,0.2164,-0.0834,30557411,1.040964734,0.028,30,0.0282,900,-0.016,70,-0.015,2429,0.1048,0.8537,-0.0149,21.6,0.0122,6.362,-0.0004,0.0861
Immanuel Quickley,Immanuel Quickley,TOR,2025,32500000,0.230156932,0.1468,-0.0834,20729334,0.544018171,0.0147,27,-0.003,729,0.0041,33,0.0186,918,-0.0311,0.4024,0.0186,25.1,0.0288,1.698,0,0.0861
LeBron James,LeBron James,LAL,2025,52627153,0.372692432,0.2897,-0.083,40907957,1.526056,0.0409,41,0.1427,1681,-0.1076,70,-0.015,2444,0.1062,0.8537,-0.0149,30.1,0.0527,7.996,-0.0005,0.0861
Jalen Johnson,Jalen Johnson,ATL,2025,30000000,0.212452552,0.1326,-0.0798,18724180,0.816406813,0.0219,24,-0.0342,576,0.0221,36,0.0159,1284,0.0019,0.439,0.0159,22.5,0.0164,3.118,-0.0001,0.0861
Deandre Ayton,Deandre Ayton,POR,2025,25550814,0.180944522,0.1025,-0.0785,14473820,-0.205192365,-0.0054,27,-0.003,729,0.0041,40,0.0123,1206,-0.0052,0.4878,0.0122,19.4,0.0017,0.769,0.0001,0.0861
Jrue Holiday,Jrue Holiday,POR,2025,32400000,0.229448756,0.1523,-0.0771,21505978,0.504941004,0.0136,36,0.0907,1296,-0.0624,62,-0.0077,1896,0.0569,0.7561,-0.0077,15.8,-0.0155,3.761,-0.0002,0.0861
Desmond Bane,Desmond Bane,ORL,2025,36725670,0.260082078,0.186,-0.0741,26264688,0.974377637,0.0262,28,0.0074,784,-0.0024,69,-0.0141,2205,0.0847,0.8415,-0.014,23.3,0.0203,6.379,-0.0004,0.0861
Maxi Kleber,Maxi Kleber,LAL,2025,11000000,0.077899269,0.0049,-0.073,691919,-1.406368962,-0.0375,34,0.0699,1156,-0.046,34,0.0177,637,-0.0563,0.4146,0.0177,8.7,-0.0494,-1.009,0.0003,0.0861
Johnny Furphy,Johnny Furphy,IND,2025,1955377,0.013847494,-0.0586,-0.0724,-8274788,-0.51696786,-0.0137,21,-0.0654,441,0.0379,50,0.0032,379,-0.0795,0.6098,0.0032,13,-0.0289,0.051,0.0002,0.0861
Terance Mann,Terance Mann,BRK,2025,15500000,0.109767152,0.0378,-0.072,5337662,-0.67095323,-0.0178,29,0.0178,841,-0.009,37,0.015,732,-0.0478,0.4512,0.015,14,-0.0241,0.201,0.0002,0.0861
Jett Howard,Jett Howard,ORL,2025,5529720,0.039160104,-0.029,-0.0682,-4095032,-1.599919953,-0.0427,22,-0.055,484,0.0329,60,-0.0059,701,-0.0506,0.7317,-0.0059,19.2,0.0007,-1.138,0.0003,0.0861
Isaiah Hartenstein,Isaiah Hartenstein,OKC,2025,28500000,0.201829925,0.1338,-0.068,18893630,1.221761527,0.0328,28,0.0074,784,-0.0024,57,-0.0032,1590,0.0294,0.6951,-0.0032,16.7,-0.0112,3.632,-0.0002,0.0861
Dillon Jones,Dillon Jones,WAS,2025,2753280,0.019498045,-0.0485,-0.068,-6848588,-1.156092202,-0.0308,24,-0.0342,576,0.0221,54,-0.0004,552,-0.064,0.6585,-0.0004,13.3,-0.0274,-0.315,0.0002,0.0861
Kevin Huerter,Kevin Huerter,DET,2025,17991071,0.127408298,0.0596,-0.0678,8415996,-0.127777195,-0.0033,27,-0.003,729,0.0041,43,0.0095,899,-0.0328,0.5244,0.0095,17.2,-0.0088,0.247,0.0001,0.0861
Donovan Mitchell,Donovan Mitchell,CLE,2025,46394100,0.328551498,0.2616,-0.0669,36940012,2.455385758,0.0658,29,0.0178,841,-0.009,71,-0.0159,2232,0.0871,0.8659,-0.0158,30.9,0.0565,9.387,-0.0007,0.0861
Tyrese Maxey,Tyrese Maxey,PHI,2025,37958760,0.268814515,0.2026,-0.0662,28608740,0.570164797,0.0154,25,-0.0238,625,0.0163,52,0.0014,1960,0.0627,0.6341,0.0014,29.8,0.0513,4.627,-0.0002,0.0861
De'Aaron Fox,De'Aaron Fox,SAS,2025,37096620,0.262709053,0.1988,-0.0639,28072150,0.499397653,0.0135,28,0.0074,784,-0.0024,45,0.0077,1663,0.0359,0.5488,0.0077,29.1,0.0479,3.421,-0.0001,0.0861
Devin Vassell,Devin Vassell,SAS,2025,27000000,0.191207297,0.1279,-0.0633,18060503,-0.376932856,-0.01,25,-0.0238,625,0.0163,64,-0.0095,1983,0.0647,0.7805,-0.0095,22.1,0.0145,2.244,0,0.0861
Rudy Gobert,Rudy Gobert,MIN,2025,35000000,0.247861311,0.186,-0.0618,26264688,1.40653122,0.0377,34,0.0699,1156,-0.046,72,-0.0168,2389,0.1012,0.878,-0.0167,13,-0.0289,6.007,-0.0004,0.0861
Hunter Tyson,Hunter Tyson,BRK,2025,2221677,0.015733365,-0.0461,-0.0618,-6509688,-1.343788096,-0.0358,26,-0.0134,676,0.0103,51,0.0023,400,-0.0776,0.622,0.0023,15.5,-0.0169,-0.897,0.0002,0.0861
Rayan Rupert,Rayan Rupert,POR,2025,2221677,0.015733365,-0.0447,-0.0605,-6311997,-1.606926956,-0.0429,22,-0.055,484,0.0329,52,0.0014,460,-0.0723,0.6341,0.0014,16.8,-0.0107,-0.713,0.0002,0.0861
Andrew Wiggins,Andrew Wiggins,MIA,2025,28223215,0.199869802,0.1418,-0.058,20023294,0.070490337,0.002,31,0.0386,961,-0.0231,43,0.0095,1296,0.0029,0.5244,0.0095,23.5,0.0212,2.345,0,0.0861
Gabe Vincent,Gabe Vincent,ATL,2025,11500000,0.081440145,0.0242,-0.0572,3417233,-1.053723715,-0.0281,30,0.0282,900,-0.016,72,-0.0168,1527,0.0237,0.878,-0.0167,13.5,-0.0265,-0.954,0.0003,0.0861
Julian Phillips,Julian Phillips,MIN,2025,2221677,0.015733365,-0.0381,-0.0539,-5380024,-0.531671574,-0.0141,22,-0.055,484,0.0329,79,-0.0231,1123,-0.0126,0.9634,-0.0231,12.9,-0.0293,0.712,0.0001,0.0861
Anthony Edwards,Anthony Edwards,MIN,2025,45550512,0.322577418,0.2692,-0.0534,38013193,1.909661246,0.0512,24,-0.0342,576,0.0221,79,-0.0231,2871,0.1446,0.9634,-0.0231,31.4,0.0589,9.277,-0.0007,0.0861
Franz Wagner,Franz Wagner,ORL,2025,38661750,0.273792915,0.2208,-0.053,31178726,1.431936211,0.0384,24,-0.0342,576,0.0221,60,-0.0059,2023,0.0683,0.7317,-0.0059,31,0.057,8.254,-0.0006,0.0861
Jaylon Tyson,Jaylon Tyson,CLE,2025,3492480,0.024732876,-0.0283,-0.053,-3996186,-0.958991233,-0.0255,23,-0.0446,529,0.0276,47,0.0059,453,-0.0729,0.5732,0.0059,17.4,-0.0079,-0.203,0.0002,0.0861
Jarace Walker,Jarace Walker,IND,2025,6665520,0.047203558,-0.0056,-0.0528,-790764,-0.518871948,-0.0138,22,-0.055,484,0.0329,75,-0.0195,1187,-0.0069,0.9146,-0.0195,17.1,-0.0093,-0.135,0.0002,0.0861
Jonathan Kuminga,Jonathan Kuminga,ATL,2025,23799569,0.168542639,0.1169,-0.0517,16507215,0.007484563,0.0003,23,-0.0446,529,0.0276,47,0.0059,1144,-0.0107,0.5732,0.0059,27.4,0.0398,1.039,0.0001,0.0861
Bam Adebayo,Bam Adebayo,MIA,2025,37096620,0.262709053,0.2115,-0.0513,29865492,0.867004009,0.0233,28,0.0074,784,-0.0024,78,-0.0222,2674,0.1269,0.9512,-0.0222,23.5,0.0212,4.962,-0.0003,0.0861
Blake Wesley,Blake Wesley,WAS,2025,3347458,0.023705867,-0.0228,-0.0465,-3219542,-0.823440763,-0.0219,23,-0.0446,529,0.0276,58,-0.0041,683,-0.0522,0.7073,-0.0041,16.7,-0.0112,0.139,0.0002,0.0861
Kobe Brown,Kobe Brown,IND,2025,2654880,0.018801201,-0.0276,-0.0464,-3897340,-0.76459036,-0.0203,26,-0.0134,676,0.0103,40,0.0123,272,-0.0892,0.4878,0.0122,14,-0.0241,-0.337,0.0002,0.0861
Jonathan Isaac,Jonathan Isaac,ORL,2025,15000000,0.106226276,0.0599,-0.0463,8458359,1.194178657,0.0321,28,0.0074,784,-0.0024,71,-0.0159,1090,-0.0156,0.8659,-0.0158,16.2,-0.0136,2.512,-0.0001,0.0861
CJ McCollum,CJ McCollum,ATL,2025,30666666,0.217173715,0.1735,-0.0437,24499588,-0.559851078,-0.0149,34,0.0699,1156,-0.046,56,-0.0023,1832,0.0511,0.6829,-0.0022,27.2,0.0389,0.63,0.0001,0.0861
Caleb Houstan,Caleb Houstan,ATL,2025,699440,0.00495326,-0.0386,-0.0435,-5450628,-0.765482738,-0.0204,23,-0.0446,529,0.0276,58,-0.0041,788,-0.0428,0.7073,-0.0041,11.7,-0.0351,0.361,0.0001,0.0861
Jarred Vanderbilt,Jarred Vanderbilt,LAL,2025,11571429,0.081945987,0.0397,-0.0423,5605957,0.336130558,0.0091,27,-0.003,729,0.0041,36,0.0159,581,-0.0614,0.439,0.0159,12.5,-0.0312,0.885,0.0001,0.0861
Anthony Gill,Anthony Gill,WAS,2025,2296274,0.016261642,-0.0252,-0.0415,-3558441,-1.031137039,-0.0275,33,0.0595,1089,-0.0381,51,0.0023,397,-0.0779,0.622,0.0023,12.7,-0.0303,-0.331,0.0002,0.0861
Kris Murray,Kris Murray,POR,2025,3132000,0.022180046,-0.019,-0.0412,-2682952,-0.715884194,-0.019,25,-0.0238,625,0.0163,69,-0.0141,1040,-0.0201,0.8415,-0.014,13.9,-0.0246,0.035,0.0002,0.0861
Dwight Powell,Dwight Powell,DAL,2025,4000000,0.028327007,-0.0119,-0.0402,-1680375,0.046610134,0.0014,34,0.0699,1156,-0.046,55,-0.0013,551,-0.0641,0.6707,-0.0013,7.6,-0.0546,0.095,0.0002,0.0861
Jalen Green,Jalen Green,PHO,2025,33584499,0.237837084,0.1977,-0.0401,27916821,0.190799842,0.0052,24,-0.0342,576,0.0221,82,-0.0259,2697,0.1289,1,-0.0258,27.3,0.0393,3.719,-0.0002,0.0861
Blake Wesley,Blake Wesley,POR,2025,2296274,0.016261642,-0.0228,-0.0391,-3219542,-0.823440763,-0.0219,23,-0.0446,529,0.0276,58,-0.0041,683,-0.0522,0.7073,-0.0041,16.7,-0.0112,0.139,0.0002,0.0861
John Konchar,John Konchar,UTA,2025,6165000,0.043658999,0.0061,-0.0376,861368,0.254456728,0.0069,30,0.0282,900,-0.016,46,0.0068,558,-0.0634,0.561,0.0068,8,-0.0527,1.24,0.0001,0.0861
Davion Mitchell,Davion Mitchell,MIA,2025,11600000,0.08214832,0.0455,-0.0366,6424964,-0.603671523,-0.016,27,-0.003,729,0.0041,44,0.0086,1080,-0.0165,0.5366,0.0086,13.1,-0.0284,-0.614,0.0002,0.0861
Zaccharie Risacher,Zaccharie Risacher,ATL,2025,13197720,0.093462977,0.0574,-0.0361,8105339,-0.868797074,-0.0231,21,-0.0654,441,0.0379,75,-0.0195,1843,0.0521,0.9146,-0.0195,20.9,0.0088,0.018,0.0002,0.0861
Oso Ighodaro,Oso Ighodaro,PHO,2025,1955377,0.013847494,-0.022,-0.0358,-3106576,-0.557470556,-0.0148,23,-0.0446,529,0.0276,61,-0.0068,1045,-0.0196,0.7439,-0.0068,10.5,-0.0408,-0.032,0.0002,0.0861
Craig Porter Jr.,craig porter jr.,CLE,2025,2221677,0.015733365,-0.0194,-0.0351,-2739435,-0.816192063,-0.0217,26,-0.0134,676,0.0103,51,0.0023,513,-0.0675,0.622,0.0023,15.9,-0.015,-0.204,0.0002,0.0861
Dominick Barlow,Dominick Barlow,PHI,2025,3415000,0.024184182,-0.0105,-0.0347,-1482684,-0.46638988,-0.0124,23,-0.0446,529,0.0276,35,0.0168,375,-0.0799,0.4268,0.0168,14.5,-0.0217,0.2,0.0002,0.0861
Corey Kispert,Corey Kispert,ATL,2025,13975000,0.098967481,0.0666,-0.0324,9404452,-1.188507706,-0.0317,27,-0.003,729,0.0041,61,-0.0068,1602,0.0305,0.7439,-0.0068,17.5,-0.0074,0.08,0.0002,0.0861
Simone Fontecchio,Simone Fontecchio,MIA,2025,8307692,0.058833012,0.0266,-0.0323,3756132,-0.731088554,-0.0194,30,0.0282,900,-0.016,75,-0.0195,1237,-0.0024,0.9146,-0.0195,15.8,-0.0155,0.088,0.0002,0.0861
Keldon Johnson,Keldon Johnson,SAS,2025,17500000,0.123930655,0.094,-0.0299,13273552,-0.626524827,-0.0166,26,-0.0134,676,0.0103,77,-0.0213,1838,0.0517,0.939,-0.0213,21.6,0.0122,1.515,0,0.0861
Josh Minott,Josh Minott,BRK,2025,2378870,0.016846567,-0.0125,-0.0294,-1765100,0.413014269,0.0112,23,-0.0446,529,0.0276,46,0.0068,276,-0.0888,0.561,0.0068,17.2,-0.0088,0.614,0.0001,0.0861
RJ Barrett,RJ Barrett,TOR,2025,27705357,0.19620246,0.1673,-0.0289,23624098,-0.218235785,-0.0057,26,-0.0134,676,0.0103,58,-0.0041,1869,0.0545,0.7073,-0.0041,28.7,0.046,3.155,-0.0001,0.0861
Gui Santos,Gui Santos,GSW,2025,2221677,0.015733365,-0.0126,-0.0283,-1779220,-0.357825605,-0.0094,24,-0.0342,576,0.0221,56,-0.0023,762,-0.0451,0.6829,-0.0022,13.2,-0.0279,0.705,0.0001,0.0861
Isaac Jones,Isaac Jones,DET,2025,1955377,0.013847494,-0.0143,-0.0282,-2019274,-0.850642714,-0.0226,25,-0.0238,625,0.0163,40,0.0123,304,-0.0863,0.4878,0.0122,16.3,-0.0131,-0.167,0.0002,0.0861
Jaylen Clark,Jaylen Clark,MIN,2025,2191897,0.01552247,-0.0114,-0.027,-1609771,-0.258108649,-0.0068,24,-0.0342,576,0.0221,40,0.0123,522,-0.0667,0.4878,0.0122,12,-0.0336,1.353,0,0.0861
Ben Sheppard,Ben Sheppard,IND,2025,2790720,0.019763186,-0.0057,-0.0255,-804885,-0.892035028,-0.0237,24,-0.0342,576,0.0221,63,-0.0086,1229,-0.0031,0.7683,-0.0086,11.3,-0.037,0.005,0.0002,0.0861
Bronny James,Bronny James,LAL,2025,1955377,0.013847494,-0.0114,-0.0253,-1609771,-1.069050601,-0.0285,21,-0.0654,441,0.0379,27,0.0241,181,-0.0973,0.3293,0.024,20.9,0.0088,-0.408,0.0002,0.0861
AJ Johnson,AJ Johnson,DAL,2025,3090480,0.021886012,-0.003,-0.0249,-423624,-1.740185501,-0.0464,21,-0.0654,441,0.0379,22,0.0286,595,-0.0601,0.2683,0.0285,17,-0.0098,-0.969,0.0003,0.0861
Draymond Green,Draymond Green,GSW,2025,25892857,0.183366785,0.1593,-0.0241,22494434,0.906570269,0.0244,36,0.0907,1296,-0.0624,68,-0.0132,1983,0.0647,0.8293,-0.0131,15.9,-0.015,3.704,-0.0002,0.0861
Obi Toppin,Obi Toppin,IND,2025,14000000,0.099144524,0.075,-0.0241,10590600,0.154568215,0.0043,28,0.0074,784,-0.0024,79,-0.0231,1545,0.0253,0.9634,-0.0231,20.1,0.005,2.033,0,0.0861
De'Andre Hunter,De'Andre Hunter,SAC,2025,23303571,0.165030105,0.1419,-0.0231,20037415,0.269907356,0.0073,28,0.0074,784,-0.0024,37,0.015,1064,-0.0179,0.4512,0.015,24.2,0.0246,1.445,0,0.0861
Max Christie,Max Christie,DAL,2025,7714286,0.054630658,0.0315,-0.0231,4448052,-0.627564609,-0.0167,23,-0.0446,529,0.0276,46,0.0068,1154,-0.0098,0.561,0.0068,13.9,-0.0246,0.734,0.0001,0.0861
Olivier-Maxence Prosper,Olivier-Maxence Prosper,DAL,2025,1002360,0.007098465,-0.016,-0.0231,-2259328,-0.674735511,-0.0179,23,-0.0446,529,0.0276,52,0.0014,584,-0.0611,0.6341,0.0014,16.3,-0.0131,-0.009,0.0002,0.0861
Donovan Clingan,Donovan Clingan,POR,2025,7178400,0.050835647,0.0279,-0.0229,3939703,0.122297609,0.0034,22,-0.055,484,0.0329,67,-0.0122,1324,0.0055,0.8171,-0.0122,14.2,-0.0231,1.382,0,0.0861
Alex Caruso,Alex Caruso,OKC,2025,18102000,0.12819387,0.1054,-0.0228,14883323,1.599666267,0.0429,32,0.0491,1024,-0.0305,54,-0.0004,1041,-0.02,0.6585,-0.0004,15.2,-0.0184,4.698,-0.0003,0.0861
Micah Potter,Micah Potter,IND,2025,1527805,0.010819536,-0.0112,-0.022,-1581529,-1.329191526,-0.0354,28,0.0074,784,-0.0024,38,0.0141,705,-0.0502,0.4634,0.014,10.3,-0.0417,-1.009,0.0003,0.0861
Marcus Smart,Marcus Smart,WAS,2025,14786855,0.104716836,0.0831,-0.0216,11734384,0.026325638,0.0008,32,0.0491,1024,-0.0305,19,0.0313,400,-0.0776,0.2317,0.0313,20,0.0045,0.489,0.0001,0.0861
Andrew Nembhard,Andrew Nembhard,IND,2025,18102000,0.12819387,0.1069,-0.0213,15095135,0.057338337,0.0017,26,-0.0134,676,0.0103,65,-0.0104,1881,0.0556,0.7927,-0.0104,16.3,-0.0131,3.014,-0.0001,0.0861
Adem Bona,Adem Bona,PHI,2025,1955377,0.013847494,-0.0075,-0.0213,-1059060,-0.532325867,-0.0141,23,-0.0446,529,0.0276,58,-0.0041,905,-0.0322,0.7073,-0.0041,14.3,-0.0227,-0.179,0.0002,0.0861
Julius Randle,Julius Randle,MIN,2025,30864198,0.218572588,0.1976,-0.021,27902700,0.296197576,0.008,31,0.0386,961,-0.0231,69,-0.0141,2226,0.0866,0.8415,-0.014,25,0.0284,3.692,-0.0002,0.0861
Max Strus,Max Strus,CLE,2025,15936452,0.112857997,0.092,-0.0209,12991136,0.288219326,0.0078,30,0.0282,900,-0.016,50,0.0032,1273,0.0009,0.6098,0.0032,14.7,-0.0208,2.358,0,0.0861
Grayson Allen,Grayson Allen,PHO,2025,16875000,0.119504561,0.0989,-0.0206,13965471,0.08686005,0.0024,30,0.0282,900,-0.016,64,-0.0095,1544,0.0252,0.7805,-0.0095,17.6,-0.0069,1.703,0,0.0861
Kyrie Irving,Kyrie Irving,DAL,2025,36566002,0.258951348,0.2387,-0.0203,33706349,1.091480736,0.0293,34,0.0699,1156,-0.046,50,0.0032,1804,0.0486,0.6098,0.0032,27.4,0.0398,6.129,-0.0004,0.0861
Jaylin Williams,Jaylin Williams,OKC,2025,8450704,0.059845788,0.0398,-0.0201,5620078,0.801191822,0.0215,23,-0.0446,529,0.0276,47,0.0059,784,-0.0431,0.5732,0.0059,14.6,-0.0212,2.215,0,0.0861
Devin Carter,Devin Carter,SAC,2025,4923720,0.034868563,0.0148,-0.0201,2089878,-0.24957689,-0.0066,24,-0.0342,576,0.0221,36,0.0159,396,-0.078,0.439,0.0159,17.9,-0.0055,0.013,0.0002,0.0861
Jaden Hardy,Jaden Hardy,WAS,2025,6000000,0.04249051,0.0228,-0.0197,3219542,-1.239284489,-0.033,23,-0.0446,529,0.0276,57,-0.0032,907,-0.032,0.6951,-0.0032,25.3,0.0298,-0.847,0.0002,0.0861
Jaden McDaniels,Jaden McDaniels,MIN,2025,24393104,0.172745907,0.154,-0.0188,21746032,0.618536463,0.0167,25,-0.0238,625,0.0163,82,-0.0259,2614,0.1215,1,-0.0258,16.3,-0.0131,5.039,-0.0003,0.0861
Dariq Whitehead,Dariq Whitehead,BRK,2025,3262560,0.02310464,0.006,-0.0172,847248,-1.045345321,-0.0278,21,-0.0654,441,0.0379,20,0.0304,246,-0.0915,0.2439,0.0303,20.1,0.005,-0.199,0.0002,0.0861
Jamison Battle,Jamison Battle,TOR,2025,1955377,0.013847494,-0.0013,-0.0151,-183570,-1.226393948,-0.0327,25,-0.0238,625,0.0163,59,-0.005,1042,-0.0199,0.7195,-0.005,15.3,-0.0179,-0.038,0.0002,0.0861
Jabari Walker,Jabari Walker,PHI,2025,724598,0.005131423,-0.0097,-0.0149,-1369717,-0.290410618,-0.0076,23,-0.0446,529,0.0276,60,-0.0059,749,-0.0463,0.7317,-0.0059,16.3,-0.0131,1.13,0.0001,0.0861
Moses Moody,Moses Moody,GSW,2025,11574075,0.081964726,0.0675,-0.0145,9531540,0.095987648,0.0027,24,-0.0342,576,0.0221,74,-0.0186,1649,0.0347,0.9024,-0.0185,17.4,-0.0079,2.415,0,0.0861
Harrison Barnes,Harrison Barnes,SAS,2025,19000000,0.134553283,0.1201,-0.0144,16959080,-0.437243017,-0.0116,34,0.0699,1156,-0.046,82,-0.0259,2230,0.0869,1,-0.0258,15.7,-0.016,2.417,0,0.0861
Alex Sarr,alex sarr,WAS,2025,11808240,0.083623024,0.0697,-0.014,9842197,-1.31719533,-0.0351,21,-0.0654,441,0.0379,67,-0.0122,1814,0.0495,0.8171,-0.0122,23.5,0.0212,-2.356,0.0004,0.0861
Duncan Robinson,Duncan Robinson,DET,2025,16834692,0.119219109,0.1057,-0.0135,14925685,-0.451053474,-0.0119,32,0.0491,1024,-0.0305,74,-0.0186,1786,0.047,0.9024,-0.0185,19.2,0.0007,1.628,0,0.0861
Bub Carrington,bub carrington,WAS,2025,4677600,0.033125602,0.0199,-0.0132,2810039,-2.304685245,-0.0615,20,-0.0758,400,0.0427,82,-0.0259,2458,0.1075,1,-0.0258,15.8,-0.0155,-4.101,0.0005,0.0861
Joe Ingles,Joe Ingles,MIN,2025,2296274,0.016261642,0.0031,-0.0131,437744,-1.334980527,-0.0356,38,0.1115,1444,-0.0798,19,0.0313,114,-0.1034,0.2317,0.0313,12.2,-0.0327,-0.335,0.0002,0.0861
Tobias Harris,Tobias Harris,DET,2025,26634146,0.18861641,0.1758,-0.0129,24824366,0.408049787,0.011,33,0.0595,1089,-0.0381,73,-0.0177,2306,0.0938,0.8902,-0.0176,17.6,-0.0069,4.472,-0.0002,0.0861
Luke Kornet,Luke Kornet,SAS,2025,11000000,0.077899269,0.0656,-0.0123,9263244,1.244153499,0.0334,30,0.0282,900,-0.016,73,-0.0177,1361,0.0088,0.8902,-0.0176,11.4,-0.0365,4.525,-0.0002,0.0861
Terrence Shannon Jr.,Terrence Shannon Jr.,MIN,2025,2674080,0.018937171,0.0078,-0.0111,1101422,-0.727602666,-0.0193,25,-0.0238,625,0.0163,32,0.0195,339,-0.0831,0.3902,0.0195,17.7,-0.0064,0.08,0.0002,0.0861
Doug McDermott,Doug McDermott,SAC,2025,2296274,0.016261642,0.0055,-0.0108,776644,-0.978923494,-0.0261,34,0.0699,1156,-0.046,42,0.0105,342,-0.0829,0.5122,0.0104,15.7,-0.016,-0.089,0.0002,0.0861
Baylor Scheierman,Baylor Scheierman,BOS,2025,2619000,0.018547108,0.0089,-0.0096,1256751,-0.255399555,-0.0067,25,-0.0238,625,0.0163,31,0.0204,384,-0.0791,0.378,0.0204,14.5,-0.0217,0.389,0.0001,0.0861
Pelle Larsson,Pelle Larsson,MIA,2025,1955377,0.013847494,0.0042,-0.0096,593073,-0.311167806,-0.0082,25,-0.0238,625,0.0163,55,-0.0013,782,-0.0433,0.6707,-0.0013,14.4,-0.0222,0.624,0.0001,0.0861
Jake LaRavia,Jake LaRavia,LAL,2025,6000000,0.04249051,0.0332,-0.0092,4688105,-0.076029298,-0.0019,24,-0.0342,576,0.0221,47,0.0059,982,-0.0253,0.5732,0.0059,14.5,-0.0217,2.153,0,0.0861
Mac McClung,Mac McClung,IND,2025,164060,0.001161832,-0.0079,-0.0091,-1115543,-1.079687336,-0.0288,27,-0.003,729,0.0041,2,0.0468,10,-0.1127,0.0244,0.0466,8.7,-0.0494,-0.034,0.0002,0.0861
Luguentz Dort,Luguentz Dort,OKC,2025,18222222,0.129045252,0.1209,-0.0081,17072047,0.620566328,0.0167,27,-0.003,729,0.0041,71,-0.0159,2073,0.0728,0.8659,-0.0158,13.6,-0.026,4.734,-0.0003,0.0861
Neemias Queta,Neemias Queta,BOS,2025,2349578,0.016639128,0.0087,-0.0079,1228509,0.131054323,0.0036,26,-0.0134,676,0.0103,62,-0.0077,863,-0.036,0.7561,-0.0077,13.7,-0.0255,1.086,0.0001,0.0861
Rui Hachimura,Rui Hachimura,LAL,2025,18259259,0.129307539,0.1217,-0.0076,17185013,0.045790315,0.0013,28,0.0074,784,-0.0024,59,-0.005,1869,0.0545,0.7195,-0.005,15.8,-0.0155,3.002,-0.0001,0.0861
Sidy Cissoko,Sidy Cissoko,POR,2025,686243,0.004859803,-0.0021,-0.0069,-296536,-1.255426088,-0.0335,22,-0.055,484,0.0329,5,0.0441,60,-0.1082,0.061,0.0439,15.5,-0.0169,-0.227,0.0002,0.0861
Luke Kennard,Luke Kennard,LAL,2025,11000000,0.077899269,0.0714,-0.0065,10082251,0.00297191,0.0002,30,0.0282,900,-0.016,65,-0.0104,1472,0.0188,0.7927,-0.0104,14.5,-0.0217,3.17,-0.0001,0.0861
Caleb Martin,Caleb Martin,DAL,2025,9594044,0.067942638,0.0616,-0.0063,8698412,-0.928666106,-0.0247,30,0.0282,900,-0.016,31,0.0204,943,-0.0288,0.378,0.0204,14.2,-0.0231,0.171,0.0002,0.0861
Daniss Jenkins,Daniss Jenkins,DET,2025,3809524,0.026978103,0.0222,-0.0048,3134817,-1.410836391,-0.0376,24,-0.0342,576,0.0221,7,0.0422,23,-0.1116,0.0854,0.0421,21.8,0.0131,-0.139,0.0002,0.0861
Ja'Kobe Walter,Ja'Kobe Walter,TOR,2025,3638160,0.025764546,0.0216,-0.0042,3050092,-0.693530293,-0.0184,21,-0.0654,441,0.0379,52,0.0014,1103,-0.0144,0.6341,0.0014,18.2,-0.0041,0.6,0.0001,0.0861
Nickeil Alexander-Walker,Nickeil Alexander-Walker,ATL,2025,15161800,0.107372104,0.1039,-0.0035,14671511,0.11213259,0.0031,27,-0.003,729,0.0041,82,-0.0259,2073,0.0728,1,-0.0258,16,-0.0146,3.028,-0.0001,0.0861
Ajay Mitchell,Ajay Mitchell,OKC,2025,3000000,0.021245255,0.0177,-0.0035,2499381,-0.760462581,-0.0202,24,-0.0342,576,0.0221,36,0.0159,597,-0.0599,0.439,0.0159,16.2,-0.0136,0.792,0.0001,0.0861
Isaiah Joe,Isaiah Joe,OKC,2025,12362338,0.087547009,0.0846,-0.003,11946196,0.698572969,0.0188,26,-0.0134,676,0.0103,74,-0.0186,1604,0.0306,0.9024,-0.0185,17.2,-0.0088,4.179,-0.0002,0.0861
Naz Reid,Naz Reid,MIN,2025,21551724,0.152623959,0.15,-0.0026,21181200,0.60805264,0.0164,26,-0.0134,676,0.0103,80,-0.0241,2200,0.0842,0.9756,-0.024,21.5,0.0117,3.828,-0.0002,0.0861
Duop Reath,Duop Reath,ATL,2025,2221677,0.015733365,0.0141,-0.0017,1991032,-0.470800638,-0.0125,30,0.0282,900,-0.016,46,0.0068,469,-0.0714,0.561,0.0068,17,-0.0098,-0.26,0.0002,0.0861
Noah Clowney,Noah Clowney,BRK,2025,3398640,0.024068325,0.0224,-0.0016,3163059,-1.152362293,-0.0307,21,-0.0654,441,0.0379,46,0.0068,1042,-0.0199,0.561,0.0068,19,-0.0002,-1.516,0.0003,0.0861
Ryan Dunn,Ryan Dunn,PHO,2025,2657760,0.018821597,0.0174,-0.0014,2457019,-0.610774286,-0.0162,23,-0.0446,529,0.0276,74,-0.0186,1410,0.0132,0.9024,-0.0185,16.7,-0.0112,0.091,0.0002,0.0861
Daniel Gafford,Daniel Gafford,DAL,2025,14386320,0.101880347,0.1011,-0.0008,14276128,0.887004402,0.0238,27,-0.003,729,0.0041,57,-0.0032,1226,-0.0034,0.6951,-0.0032,19.5,0.0021,3.337,-0.0001,0.0861
Jamal Shead,Jamal Shead,TOR,2025,1955377,0.013847494,0.0132,-0.0006,1863945,-1.136194979,-0.0303,24,-0.0342,576,0.0221,75,-0.0195,1467,0.0183,0.9146,-0.0195,18.6,-0.0022,-0.811,0.0002,0.0861
Caris LeVert,Caris LeVert,DET,2025,14104000,0.099881027,0.0995,-0.0004,14050196,0.284360294,0.0077,31,0.0386,961,-0.0231,38,0.0141,904,-0.0323,0.4634,0.014,18.1,-0.0045,2.461,-0.0001,0.0861
Sam Merrill,Sam Merrill,CLE,2025,8482144,0.060068438,0.0619,0.0018,8740775,0.301823919,0.0082,30,0.0282,900,-0.016,71,-0.0159,1401,0.0124,0.8659,-0.0158,14.3,-0.0227,2.593,-0.0001,0.0861
Sam Hauser,Sam Hauser,BOS,2025,10044644,0.071133675,0.0732,0.0021,10336425,0.46369097,0.0125,28,0.0074,784,-0.0024,71,-0.0159,1541,0.025,0.8659,-0.0158,14.3,-0.0227,3.245,-0.0001,0.0861
Kenrich Williams,Kenrich Williams,OKC,2025,7163000,0.050726588,0.0529,0.0022,7469903,0.459403817,0.0124,31,0.0386,961,-0.0231,69,-0.0141,1132,-0.0118,0.8415,-0.014,15.4,-0.0174,2.177,0,0.0861
Kobe Bufkin,Kobe Bufkin,BRK,2025,4503720,0.031894227,0.0341,0.0022,4815192,-0.770395269,-0.0205,22,-0.055,484,0.0329,10,0.0395,124,-0.1025,0.122,0.0394,20.8,0.0083,-0.179,0.0002,0.0861
Tristan Da Silva,Tristan da Silva,ORL,2025,3809520,0.026978075,0.0293,0.0023,4137394,-0.91895193,-0.0245,25,-0.0238,625,0.0163,74,-0.0186,1629,0.0329,0.9024,-0.0185,15.2,-0.0184,0.058,0.0002,0.0861
Matisse Thybulle,Matisse Thybulle,POR,2025,11550000,0.081794233,0.0847,0.0029,11960317,1.008389384,0.0271,29,0.0178,841,-0.009,15,0.035,312,-0.0856,0.1829,0.0349,14.4,-0.0222,1.565,0,0.0861
Dean Wade,Dean Wade,CLE,2025,6623456,0.046905671,0.0505,0.0035,7131004,0.300757411,0.0082,29,0.0178,841,-0.009,59,-0.005,1252,-0.001,0.7195,-0.005,10.4,-0.0413,1.831,0,0.0861
E.J. Liddell,E.J. Liddell,PHO,2025,706898,0.005006076,0.0087,0.0037,1228509,-0.588146649,-0.0156,25,-0.0238,625,0.0163,12,0.0377,53,-0.1089,0.1463,0.0376,14.1,-0.0236,-0.026,0.0002,0.0861
Chet Holmgren,Chet Holmgren,OKC,2025,13731368,0.097242139,0.101,0.0038,14262008,1.108968519,0.0298,24,-0.0342,576,0.0221,32,0.0195,877,-0.0347,0.3902,0.0195,22,0.0141,2.042,0,0.0861
Jock Landale,Jock Landale,ATL,2025,2296274,0.016261642,0.0208,0.0045,2937126,-0.397355828,-0.0105,30,0.0282,900,-0.016,42,0.0105,500,-0.0687,0.5122,0.0104,15.7,-0.016,0.252,0.0001,0.0861
Jordan McLaughlin,Jordan McLaughlin,SAS,2025,2296274,0.016261642,0.0213,0.005,3007730,-0.040779698,-0.001,30,0.0282,900,-0.016,28,0.0232,190,-0.0965,0.3415,0.0231,14,-0.0241,-0.076,0.0002,0.0861
Jeremiah Robinson-Earl,Jeremiah Robinson-Earl,DAL,2025,131970,0.000934579,0.0066,0.0056,931972,-0.92163123,-0.0245,25,-0.0238,625,0.0163,66,-0.0113,1239,-0.0022,0.8049,-0.0113,14.4,-0.0222,-0.733,0.0002,0.0861
Patrick Baldwin Jr.,Patrick Baldwin Jr.,PHI,2025,131970,0.000934579,0.0077,0.0067,1087301,0.040495076,0.0012,23,-0.0446,529,0.0276,22,0.0286,101,-0.1045,0.2683,0.0285,16.5,-0.0122,0.13,0.0002,0.0861
Jaxson Hayes,Jaxson Hayes,LAL,2025,3449323,0.024427249,0.032,0.0076,4518656,-0.004806292,0,26,-0.0134,676,0.0103,56,-0.0023,1093,-0.0153,0.6829,-0.0022,12.4,-0.0317,1.347,0,0.0861
Bradley Beal,Bradley Beal,PHO,2025,19383010,0.137265665,0.1454,0.0081,20531643,-0.361308721,-0.0095,32,0.0491,1024,-0.0305,53,0.0005,1702,0.0395,0.6463,0.0005,22.1,0.0145,1.727,0,0.0861
Bilal Coulibaly,Bilal Coulibaly,WAS,2025,7275600,0.051523993,0.0599,0.0084,8458359,-1.480480663,-0.0395,21,-0.0654,441,0.0379,59,-0.005,1948,0.0616,0.7195,-0.005,17.9,-0.0055,0.076,0.0002,0.0861
Justin Edwards,Justin Edwards,PHI,2025,2048494,0.014506926,0.0236,0.0091,3332508,-1.248961148,-0.0333,22,-0.055,484,0.0329,44,0.0086,1155,-0.0097,0.5366,0.0086,16.9,-0.0103,-0.143,0.0002,0.0861
Marcus Sasser,Marcus Sasser,DET,2025,2886720,0.020443034,0.0296,0.0092,4179756,-0.100196844,-0.0026,25,-0.0238,625,0.0163,57,-0.0032,811,-0.0407,0.6951,-0.0032,19.4,0.0017,1.1,0.0001,0.0861
Quentin Grimes,Quentin Grimes,PHI,2025,8741209,0.061903072,0.0712,0.0093,10054009,-0.089345671,-0.0023,26,-0.0134,676,0.0103,47,0.0059,1070,-0.0174,0.5732,0.0059,18.5,-0.0026,1.075,0.0001,0.0861
Lindy Waters III,Lindy Waters III,SAS,2025,2296274,0.016261642,0.0258,0.0095,3643166,-0.566196779,-0.015,28,0.0074,784,-0.0024,38,0.0141,655,-0.0547,0.4634,0.014,14.6,-0.0212,-0.202,0.0002,0.0861
Aaron Nesmith,Aaron Nesmith,IND,2025,11000000,0.077899269,0.0878,0.0099,12398062,0.405883095,0.011,26,-0.0134,676,0.0103,45,0.0077,1122,-0.0127,0.5488,0.0077,17.4,-0.0079,2.763,-0.0001,0.0861
Dillon Brooks,Dillon Brooks,PHO,2025,21124110,0.149595703,0.1598,0.0102,22565038,-0.129852271,-0.0034,30,0.0282,900,-0.016,75,-0.0195,2388,0.1012,0.9146,-0.0195,17.7,-0.0064,3.595,-0.0002,0.0861
Keaton Wallace,Keaton Wallace,ATL,2025,2296274,0.016261642,0.0267,0.0105,3770253,-0.68871496,-0.0183,27,-0.003,729,0.0041,31,0.0204,501,-0.0686,0.378,0.0204,16.4,-0.0126,-0.088,0.0002,0.0861
Vince Williams Jr.,Vince Williams Jr.,UTA,2025,2301587,0.016299268,0.0271,0.0108,3826736,-0.774484015,-0.0206,25,-0.0238,625,0.0163,27,0.0241,499,-0.0687,0.3293,0.024,17,-0.0098,-0.183,0.0002,0.0861
Jonathan Mogbo,Jonathan Mogbo,TOR,2025,1955377,0.013847494,0.0247,0.0108,3487837,-0.853241963,-0.0227,24,-0.0342,576,0.0221,63,-0.0086,1286,0.002,0.7683,-0.0086,15,-0.0193,0.202,0.0002,0.0861
Jay Huff,Jay Huff,IND,2025,2349578,0.016639128,0.0281,0.0115,3967944,0.353242866,0.0096,27,-0.003,729,0.0041,64,-0.0095,748,-0.0463,0.7805,-0.0095,19.6,0.0026,1.094,0.0001,0.0861
Scoot Henderson,Scoot Henderson,POR,2025,10748040,0.076114951,0.0878,0.0117,12398062,-0.538752934,-0.0143,22,-0.055,484,0.0329,66,-0.0113,1759,0.0446,0.8049,-0.0113,22.5,0.0164,0.836,0.0001,0.0861
JD Davison,JD Davison,BOS,2025,2270735,0.016080782,0.0279,0.0119,3939703,-1.139623008,-0.0304,23,-0.0446,529,0.0276,16,0.0341,93,-0.1053,0.1951,0.034,23.6,0.0217,-0.292,0.0002,0.0861
Onyeka Okongwu,Onyeka Okongwu,ATL,2025,15000000,0.106226276,0.1185,0.0123,16733148,0.721170294,0.0194,25,-0.0238,625,0.0163,74,-0.0186,2064,0.072,0.9024,-0.0185,17.3,-0.0084,3.714,-0.0002,0.0861
Jakob Poeltl,Jakob Poeltl,TOR,2025,19500000,0.138094159,0.1505,0.0124,21251804,0.815685371,0.0219,30,0.0282,900,-0.016,57,-0.0032,1686,0.038,0.6951,-0.0032,18.7,-0.0017,4.243,-0.0002,0.0861
Drew Eubanks,Drew Eubanks,SAC,2025,2296274,0.016261642,0.0291,0.0129,4109152,-0.463667783,-0.0123,29,0.0178,841,-0.009,37,0.015,568,-0.0625,0.4512,0.015,14.8,-0.0203,0.008,0.0002,0.0861
Lonzo Ball,Lonzo Ball,UTA,2025,10000000,0.070817517,0.0839,0.0131,11847351,0.674024661,0.0181,28,0.0074,784,-0.0024,35,0.0168,777,-0.0437,0.4268,0.0168,15.9,-0.015,1.361,0,0.0861
Anthony Black,Anthony Black,ORL,2025,7970280,0.056443544,0.0695,0.0131,9813956,-0.307478365,-0.0081,22,-0.055,484,0.0329,78,-0.0222,1887,0.0561,0.9512,-0.0222,19.6,0.0026,0.95,0.0001,0.0861
Goga Bitadze,Goga Bitadze,ORL,2025,8333333,0.059014595,0.0725,0.0135,10237580,1.012518512,0.0272,26,-0.0134,676,0.0103,70,-0.015,1430,0.015,0.8537,-0.0149,14.3,-0.0227,3.446,-0.0001,0.0861
Jeremy Sochan,Jeremy Sochan,SAS,2025,7096231,0.050253746,0.0641,0.0139,9051432,-0.496252801,-0.0132,23,-0.0446,529,0.0276,54,-0.0004,1364,0.0091,0.6585,-0.0004,19,-0.0002,1.276,0.0001,0.0861
Ochai Agbaji,Ochai Agbaji,BRK,2025,6383525,0.045206539,0.0593,0.0141,8373634,-0.768245304,-0.0204,26,-0.0134,676,0.0103,64,-0.0095,1739,0.0428,0.7805,-0.0095,14.6,-0.0212,1.85,0,0.0861
Kelly Olynyk,Kelly Olynyk,SAS,2025,13445122,0.095215016,0.1094,0.0142,15448155,-0.094275351,-0.0024,35,0.0803,1225,-0.0541,20,0.0304,508,-0.0679,0.2439,0.0303,18.2,-0.0041,0.161,0.0002,0.0861
Trayce Jackson-Davis,Trayce Jackson-Davis,TOR,2025,2221677,0.015733365,0.0308,0.0151,4349206,-0.040654898,-0.001,26,-0.0134,676,0.0103,62,-0.0077,967,-0.0267,0.7561,-0.0077,17.1,-0.0093,0.679,0.0001,0.0861
Wendell Carter Jr.,Wendell Carter Jr.,ORL,2025,10850000,0.076837006,0.092,0.0152,12991136,0.101936064,0.0028,27,-0.003,729,0.0041,68,-0.0132,1758,0.0445,0.8293,-0.0131,16,-0.0146,1.426,0,0.0861
Dalton Knecht,Dalton Knecht,LAL,2025,4010160,0.028398958,0.0438,0.0154,6184910,-0.383842823,-0.0101,25,-0.0238,625,0.0163,78,-0.0222,1494,0.0207,0.9512,-0.0222,18.5,-0.0026,0.627,0.0001,0.0861
Jordan Goodwin,Jordan Goodwin,PHO,2025,2349578,0.016639128,0.0321,0.0154,4532776,-0.297404386,-0.0078,27,-0.003,729,0.0041,29,0.0223,543,-0.0648,0.3537,0.0222,14.1,-0.0236,0.29,0.0001,0.0861
Bismack Biyombo,Bismack Biyombo,SAS,2025,2296274,0.016261642,0.0324,0.0161,4575139,-1.085985297,-0.0289,33,0.0595,1089,-0.0381,28,0.0232,528,-0.0661,0.3415,0.0231,12.3,-0.0322,-0.599,0.0002,0.0861
Seth Curry,Seth Curry,GSW,2025,1755198,0.012429876,0.0287,0.0163,4052669,-0.931146081,-0.0248,35,0.0803,1225,-0.0541,68,-0.0132,1062,-0.0181,0.8293,-0.0131,15.7,-0.016,0.659,0.0001,0.0861
Cam Whitmore,Cam Whitmore,WAS,2025,3539760,0.025067702,0.0417,0.0166,5888373,0.033562428,0.001,21,-0.0654,441,0.0379,51,0.0023,827,-0.0392,0.622,0.0023,23.9,0.0231,1.28,0.0001,0.0861
Keshad Johnson,Keshad Johnson,MIA,2025,1955377,0.013847494,0.0306,0.0167,4320964,0.017509457,0.0006,25,-0.0238,625,0.0163,16,0.0341,98,-0.1048,0.1951,0.034,15.4,-0.0174,0.321,0.0001,0.0861
Kyle Filipowski,Kyle Filipowski,UTA,2025,3000000,0.021245255,0.0392,0.018,5535353,-0.510687822,-0.0135,22,-0.055,484,0.0329,72,-0.0168,1522,0.0233,0.878,-0.0167,18.7,-0.0017,0.043,0.0002,0.0861
Isaiah Collier,Isaiah Collier,UTA,2025,2638200,0.018683077,0.037,0.0183,5224696,-1.457553116,-0.0389,21,-0.0654,441,0.0379,71,-0.0159,1839,0.0518,0.8659,-0.0158,18.9,-0.0007,-1.847,0.0003,0.0861
Precious Achiuwa,Precious Achiuwa,SAC,2025,2111516,0.014953232,0.034,0.0191,4801072,-0.498747086,-0.0132,26,-0.0134,676,0.0103,57,-0.0032,1170,-0.0084,0.6951,-0.0032,14.9,-0.0198,-0.007,0.0002,0.0861
Garrett Temple,Garrett Temple,TOR,2025,2296274,0.016261642,0.0354,0.0192,4998763,-0.743598858,-0.0198,40,0.1323,1600,-0.0981,28,0.0232,227,-0.0932,0.3415,0.0231,13.9,-0.0246,0.156,0.0002,0.0861
Luka Garza,Luka Garza,BOS,2025,2461463,0.01743147,0.0385,0.0211,5436508,-0.182002061,-0.0047,27,-0.003,729,0.0041,39,0.0132,219,-0.0939,0.4756,0.0131,26.2,0.0341,0.135,0.0002,0.0861
Charles Bassey,Charles Bassey,PHI,2025,263940,0.001869158,0.0237,0.0219,3346629,-0.13580613,-0.0035,25,-0.0238,625,0.0163,36,0.0159,376,-0.0798,0.439,0.0159,17.5,-0.0074,-0.022,0.0002,0.0861
Kel'el Ware,Kel'el Ware,MIA,2025,4443360,0.031466772,0.0535,0.022,7554628,0.00956261,0.0004,22,-0.055,484,0.0329,64,-0.0095,1422,0.0143,0.7805,-0.0095,17.2,-0.0088,1.774,0,0.0861
Thomas Bryant,Thomas Bryant,CLE,2025,2296274,0.016261642,0.0383,0.022,5408266,-0.139286477,-0.0036,28,0.0074,784,-0.0024,56,-0.0023,848,-0.0374,0.6829,-0.0022,17.6,-0.0069,0.551,0.0001,0.0861
Kyshawn George,Kyshawn George,WAS,2025,2966760,0.021009858,0.0435,0.0225,6142548,-1.102382665,-0.0294,22,-0.055,484,0.0329,68,-0.0132,1802,0.0484,0.8293,-0.0131,15.9,-0.015,-0.302,0.0002,0.0861
Mouhamed Gueye,Mouhamed Gueye,ATL,2025,2221677,0.015733365,0.039,0.0232,5507112,0.464994308,0.0126,23,-0.0446,529,0.0276,33,0.0186,533,-0.0657,0.4024,0.0186,15.7,-0.016,0.986,0.0001,0.0861
James Harden,James Harden,CLE,2025,39182693,0.277482104,0.3011,0.0236,42517728,2.150243687,0.0576,36,0.0907,1296,-0.0624,79,-0.0231,2789,0.1372,0.9634,-0.0231,29.6,0.0503,7.882,-0.0005,0.0861
Ziaire Williams,Ziaire Williams,BRK,2025,6250000,0.044260948,0.0683,0.024,9644506,-0.451626955,-0.012,24,-0.0342,576,0.0221,63,-0.0086,1541,0.025,0.7683,-0.0086,18.2,-0.0041,1.021,0.0001,0.0861
Jarrett Allen,Jarrett Allen,CLE,2025,20000000,0.141635035,0.1659,0.0242,23426407,1.786536189,0.0479,28,0.0074,784,-0.0024,82,-0.0259,2296,0.0929,1,-0.0258,15.9,-0.015,8.322,-0.0006,0.0861
Day'Ron Sharpe,Day'Ron Sharpe,BRK,2025,6250000,0.044260948,0.0696,0.0253,9828076,0.660067967,0.0178,24,-0.0342,576,0.0221,50,0.0032,908,-0.032,0.6098,0.0032,19.9,0.004,1.982,0,0.0861
Brice Sensabaugh,Brice Sensabaugh,UTA,2025,2693760,0.01907654,0.0444,0.0253,6269635,-0.695930357,-0.0185,22,-0.055,484,0.0329,71,-0.0159,1432,0.0152,0.8659,-0.0158,21.5,0.0117,0.836,0.0001,0.0861
Paul Reed,Paul Reed,DET,2025,5335894,0.037787477,0.0634,0.0257,8952587,1.102328311,0.0296,27,-0.003,729,0.0041,45,0.0077,438,-0.0742,0.5488,0.0077,18,-0.005,1.506,0,0.0861
Dereck Lively II,Dereck Lively II,DAL,2025,5253360,0.037202991,0.0632,0.026,8924345,0.756213502,0.0203,22,-0.055,484,0.0329,36,0.0159,833,-0.0387,0.439,0.0159,13.6,-0.026,2.113,0,0.0861
Haywood Highsmith,Haywood Highsmith,BRK,2025,5616000,0.039771118,0.0659,0.0261,9305607,-0.170143204,-0.0044,29,0.0178,841,-0.009,74,-0.0186,1818,0.0499,0.9024,-0.0185,11.3,-0.037,2.262,0,0.0861
N'Faly Dante,N'Faly Dante,ATL,2025,2048494,0.014506926,0.0412,0.0267,5817769,-0.565750294,-0.015,24,-0.0342,576,0.0221,,-0.0036,,-0.0032,,-0.0036,,-0.0055,,0.0001,0.0861
Mo Bamba,Mo Bamba,UTA,2025,263940,0.001869158,0.0289,0.027,4080911,-0.445020113,-0.0118,28,0.0074,784,-0.0024,28,0.0232,352,-0.082,0.3415,0.0231,16.5,-0.0122,-0.229,0.0002,0.0861
Kobe Bufkin,Kobe Bufkin,LAL,2025,976577,0.006915876,0.0341,0.0272,4815192,-0.770395269,-0.0205,22,-0.055,484,0.0329,10,0.0395,124,-0.1025,0.122,0.0394,20.8,0.0083,-0.179,0.0002,0.0861
Mo Bamba,Mo Bamba,TOR,2025,194771,0.00137932,0.0289,0.0275,4080911,-0.445020113,-0.0118,28,0.0074,784,-0.0024,28,0.0232,352,-0.082,0.3415,0.0231,16.5,-0.0122,-0.229,0.0002,0.0861
Ausar Thompson,Ausar Thompson,DET,2025,8775000,0.062142372,0.0906,0.0285,12793444,0.971408564,0.0261,23,-0.0446,529,0.0276,59,-0.005,1328,0.0058,0.7195,-0.005,19.1,0.0002,5.041,-0.0003,0.0861
Kyle Lowry,Kyle Lowry,PHI,2025,2296274,0.016261642,0.0448,0.0286,6326118,-0.693511354,-0.0184,40,0.1323,1600,-0.0981,35,0.0168,659,-0.0544,0.4268,0.0168,10.1,-0.0427,0.091,0.0002,0.0861
Tyrese Martin,Tyrese Martin,BRK,2025,2191897,0.01552247,0.0456,0.0301,6439084,-1.017930221,-0.0271,27,-0.003,729,0.0041,60,-0.0059,1315,0.0046,0.7317,-0.0059,18.8,-0.0012,-0.47,0.0002,0.0861
Pat Spencer,Pat Spencer,GSW,2025,857804,0.006074755,0.0365,0.0305,5154092,-0.543608283,-0.0144,29,0.0178,841,-0.009,39,0.0132,250,-0.0911,0.4756,0.0131,21.2,0.0102,-0.025,0.0002,0.0861
Tyler Herro,Tyler Herro,MIA,2025,31000000,0.219534304,0.2505,0.031,35372604,1.079388534,0.029,26,-0.0134,676,0.0103,77,-0.0213,2725,0.1315,0.939,-0.0213,28,0.0427,8.005,-0.0005,0.0861
Royce O'Neale,Royce O'Neale,PHO,2025,10125000,0.071702736,0.1028,0.0311,14516182,-0.043351916,-0.001,33,0.0595,1089,-0.0381,75,-0.0195,1837,0.0516,0.9146,-0.0195,15.5,-0.0169,2.185,0,0.0861
Svi Mykhailiuk,Svi Mykhailiuk,UTA,2025,3675000,0.026025438,0.0575,0.0315,8119460,-0.879875148,-0.0234,29,0.0178,841,-0.009,38,0.0141,760,-0.0453,0.4634,0.014,20.3,0.006,-0.21,0.0002,0.0861
Sandro Mamukelashvili,Sandro Mamukelashvili,TOR,2025,2461463,0.01743147,0.0492,0.0317,6947433,0.56801717,0.0153,27,-0.003,729,0.0041,61,-0.0068,681,-0.0524,0.7439,-0.0068,20.8,0.0083,1.392,0,0.0861
Javonte Green,Javonte Green,DET,2025,2296274,0.016261642,0.0485,0.0322,6848588,-0.282129257,-0.0074,32,0.0491,1024,-0.0305,50,0.0032,1092,-0.0154,0.6098,0.0032,10.9,-0.0389,0.494,0.0001,0.0861
Ayo Dosunmu,Ayo Dosunmu,MIN,2025,7518518,0.053244278,0.086,0.0328,12143887,-0.49187119,-0.013,26,-0.0134,676,0.0103,46,0.0068,1394,0.0118,0.561,0.0068,16.6,-0.0117,1.239,0.0001,0.0861
Klay Thompson,Klay Thompson,DAL,2025,16666667,0.118029198,0.1515,0.0335,21393012,-0.375681805,-0.0099,36,0.0907,1296,-0.0624,72,-0.0168,1965,0.0631,0.878,-0.0167,21.8,0.0131,1.571,0,0.0861
Drew Timme,Drew Timme,BRK,2025,1955377,0.013847494,0.0475,0.0337,6707380,-1.128879936,-0.0301,25,-0.0238,625,0.0163,9,0.0404,254,-0.0908,0.1098,0.0403,21.3,0.0107,-0.252,0.0002,0.0861
Gradey Dick,Gradey Dick,TOR,2025,4990560,0.035341907,0.0696,0.0343,9828076,-1.102460905,-0.0294,22,-0.055,484,0.0329,54,-0.0004,1587,0.0291,0.6585,-0.0004,21,0.0093,0.347,0.0001,0.0861
Derrick White,Derrick White,BOS,2025,28100000,0.198997224,0.2336,0.0346,32986188,1.695404672,0.0455,31,0.0386,961,-0.0231,76,-0.0204,2574,0.1179,0.9268,-0.0204,19.8,0.0036,9.012,-0.0006,0.0861
T.J. McConnell,T.J. McConnell,IND,2025,10200000,0.072233868,0.1073,0.0351,15151618,0.334430584,0.0091,34,0.0699,1156,-0.046,79,-0.0231,1415,0.0136,0.9634,-0.0231,23.4,0.0207,2.776,-0.0001,0.0861
Dru Smith,Dru Smith,MIA,2025,2378870,0.016846567,0.0526,0.0358,7427540,0.003309352,0.0002,28,0.0074,784,-0.0024,14,0.0359,268,-0.0895,0.1707,0.0358,13.8,-0.025,0.8,0.0001,0.0861
Justin Champagnie,Justin Champagnie,WAS,2025,2349578,0.016639128,0.0526,0.036,7427540,-0.177234,-0.0046,24,-0.0342,576,0.0221,62,-0.0077,1340,0.0069,0.7561,-0.0077,15.6,-0.0165,2.572,-0.0001,0.0861
Mason Plumlee,Mason Plumlee,OKC,2025,2296274,0.016261642,0.0529,0.0366,7469903,0.164574464,0.0045,36,0.0907,1296,-0.0624,74,-0.0186,1300,0.0033,0.9024,-0.0185,10.8,-0.0394,0.64,0.0001,0.0861
Jaime Jaquez Jr.,Jaime Jaquez Jr.,MIA,2025,3861600,0.027346893,0.0646,0.0373,9122036,-0.24308353,-0.0064,25,-0.0238,625,0.0163,66,-0.0113,1368,0.0094,0.8049,-0.0113,20.2,0.0055,1.16,0.0001,0.0861
Killian Hayes,Killian Hayes,SAC,2025,263940,0.001869158,0.0392,0.0373,5535353,-0.295710274,-0.0078,24,-0.0342,576,0.0221,6,0.0431,162,-0.0991,0.0732,0.043,15.5,-0.0169,0.103,0.0002,0.0861
Monte Morris,Monte Morris,IND,2025,321184,0.002274545,0.0397,0.0375,5605957,-0.050635967,-0.0012,30,0.0282,900,-0.016,45,0.0077,571,-0.0623,0.5488,0.0077,18.1,-0.0045,0.248,0.0001,0.0861
Quinten Post,Quinten Post,GSW,2025,1955377,0.013847494,0.0516,0.0377,7286332,-0.205392565,-0.0054,26,-0.0134,676,0.0103,42,0.0105,686,-0.0519,0.5122,0.0104,19.6,0.0026,0.617,0.0001,0.0861
Stephon Castle,Stephon Castle,SAS,2025,9560520,0.067705229,0.1057,0.038,14925685,-0.573927312,-0.0152,21,-0.0654,441,0.0379,81,-0.025,2162,0.0808,0.9878,-0.0249,26,0.0331,0.627,0.0001,0.0861
Malik Monk,Malik Monk,SAC,2025,18797619,0.133120071,0.1727,0.0396,24386621,0.131294005,0.0036,28,0.0074,784,-0.0024,65,-0.0104,2054,0.0711,0.7927,-0.0104,24.6,0.0265,3.392,-0.0001,0.0861
P.J. Washington,P.J. Washington,DAL,2025,14152174,0.100222183,0.1406,0.0404,19853844,0.118771797,0.0033,27,-0.003,729,0.0041,57,-0.0032,1835,0.0514,0.6951,-0.0032,20.4,0.0064,2.268,0,0.0861
Donte DiVincenzo,Donte DiVincenzo,MIN,2025,11990000,0.084910203,0.1254,0.0405,17707483,0.600578836,0.0162,29,0.0178,841,-0.009,62,-0.0077,1606,0.0308,0.7561,-0.0077,19.4,0.0017,4.283,-0.0002,0.0861
Jalen Wilson,Jalen Wilson,BRK,2025,2221677,0.015733365,0.0562,0.0405,7935889,-1.24157669,-0.0331,25,-0.0238,625,0.0163,79,-0.0231,2031,0.069,0.9634,-0.0231,16.6,-0.0117,-0.824,0.0002,0.0861
Bobi Klintman,Bobi Klintman,DET,2025,1955377,0.013847494,0.0546,0.0408,7709956,0.030637535,0.0009,23,-0.0446,529,0.0276,,-0.0036,,-0.0032,,-0.0036,,-0.0055,,0.0001,0.0861
Cason Wallace,Cason Wallace,OKC,2025,5820240,0.041217495,0.0837,0.0425,11819109,0.655279038,0.0176,22,-0.055,484,0.0329,68,-0.0132,1876,0.0551,0.8293,-0.0131,12.8,-0.0298,5.239,-0.0003,0.0861
Andre Drummond,Andre Drummond,PHI,2025,5000000,0.035408759,0.0787,0.0433,11113069,-0.545039504,-0.0145,32,0.0491,1024,-0.0305,40,0.0123,751,-0.0461,0.4878,0.0122,19.1,0.0002,-0.576,0.0002,0.0861
Trendon Watford,Trendon Watford,PHI,2025,2461463,0.01743147,0.0612,0.0438,8641929,-0.818253977,-0.0218,25,-0.0238,625,0.0163,44,0.0086,913,-0.0315,0.5366,0.0086,23.3,0.0203,0.066,0.0002,0.0861
Julian Champagnie,Julian Champagnie,SAS,2025,3000000,0.021245255,0.0662,0.045,9347969,-0.356494722,-0.0094,24,-0.0342,576,0.0221,82,-0.0259,1932,0.0601,1,-0.0258,17.2,-0.0088,1.6,0,0.0861
Deandre Ayton,Deandre Ayton,LAL,2025,8104000,0.057390516,0.1025,0.0451,14473820,-0.205192365,-0.0054,27,-0.003,729,0.0041,40,0.0123,1206,-0.0052,0.4878,0.0122,19.4,0.0017,0.769,0.0001,0.0861
Garrison Mathews,Garrison Mathews,IND,2025,429325,0.003040373,0.0483,0.0453,6820346,-0.366957697,-0.0097,29,0.0178,841,-0.009,47,0.0059,830,-0.039,0.5732,0.0059,15.9,-0.015,0.192,0.0002,0.0861
Marcus Smart,Marcus Smart,LAL,2025,5134000,0.036357713,0.0831,0.0468,11734384,0.026325638,0.0008,32,0.0491,1024,-0.0305,19,0.0313,400,-0.0776,0.2317,0.0313,20,0.0045,0.489,0.0001,0.0861
Gary Payton II,Gary Payton II,GSW,2025,2296274,0.016261642,0.0636,0.0473,8980828,0.63044427,0.017,33,0.0595,1089,-0.0381,62,-0.0077,927,-0.0302,0.7561,-0.0077,16.1,-0.0141,2.874,-0.0001,0.0861
Mason Plumlee,Mason Plumlee,SAS,2025,725834,0.005140176,0.0529,0.0477,7469903,0.164574464,0.0045,36,0.0907,1296,-0.0624,74,-0.0186,1300,0.0033,0.9024,-0.0185,10.8,-0.0394,0.64,0.0001,0.0861
Naji Marshall,Naji Marshall,DAL,2025,9000000,0.063735766,0.1142,0.0504,16125953,-0.275177302,-0.0072,28,0.0074,784,-0.0024,69,-0.0141,1919,0.059,0.8415,-0.014,20,0.0045,3.108,-0.0001,0.0861
Collin Gillespie,Collin Gillespie,PHO,2025,2296274,0.016261642,0.0668,0.0505,9432694,0.465588118,0.0126,27,-0.003,729,0.0041,33,0.0186,461,-0.0722,0.4024,0.0186,17.7,-0.0064,0.75,0.0001,0.0861
Aaron Wiggins,Aaron Wiggins,OKC,2025,10102803,0.071545543,0.1223,0.0507,17269738,0.929990125,0.025,27,-0.003,729,0.0041,76,-0.0204,1744,0.0432,0.9268,-0.0204,20.3,0.006,4.83,-0.0003,0.0861
Jared McCain,Jared McCain,OKC,2025,4221360,0.029894624,0.0809,0.051,11423727,-0.452770568,-0.012,22,-0.055,484,0.0329,23,0.0277,592,-0.0604,0.2805,0.0276,24.7,0.0269,0.451,0.0001,0.0861
Buddy Hield,Buddy Hield,ATL,2025,9219512,0.065290295,0.1164,0.0512,16436611,-0.110485437,-0.0028,33,0.0595,1089,-0.0381,82,-0.0259,1863,0.0539,1,-0.0258,20.5,0.0069,1.81,0,0.0861
Dalano Banton,Dalano Banton,BOS,2025,131970,0.000934579,0.0533,0.0524,7526386,-0.521905761,-0.0138,26,-0.0134,676,0.0103,67,-0.0122,1120,-0.0129,0.8171,-0.0122,24.1,0.0241,0.037,0.0002,0.0861
Nae'Qwan Tomlin,Nae'Qwan Tomlin,CLE,2025,718150,0.00508576,0.0584,0.0533,8246547,-1.08895646,-0.029,25,-0.0238,625,0.0163,5,0.0441,63,-0.108,0.061,0.0439,26.1,0.0336,-0.054,0.0002,0.0861
Marvin Bagley III,Marvin Bagley III,DAL,2025,2296274,0.016261642,0.0701,0.0539,9898680,-0.013900531,-0.0003,27,-0.003,729,0.0041,19,0.0313,166,-0.0987,0.2317,0.0313,23.3,0.0203,0.122,0.0002,0.0861
Tyus Jones,Tyus Jones,DAL,2025,7000000,0.049572262,0.1043,0.0548,14727994,-0.292300986,-0.0077,30,0.0282,900,-0.016,81,-0.025,2174,0.0819,0.9878,-0.0249,16.2,-0.0136,2.486,-0.0001,0.0861
Mark Williams,Mark Williams,PHO,2025,6276531,0.044448834,0.1001,0.0556,14134920,0.240015296,0.0065,24,-0.0342,576,0.0221,44,0.0086,1171,-0.0083,0.5366,0.0086,21.4,0.0112,2.421,0,0.0861
Amir Coffey,Amir Coffey,PHO,2025,2296274,0.016261642,0.0719,0.0556,10152855,-0.936470554,-0.0249,29,0.0178,841,-0.009,72,-0.0168,1748,0.0436,0.878,-0.0167,15.3,-0.0179,0.422,0.0001,0.0861
Jalen Duren,Jalen Duren,DET,2025,6483144,0.045912016,0.1036,0.0577,14629148,0.959920056,0.0258,22,-0.055,484,0.0329,78,-0.0222,2034,0.0693,0.9512,-0.0222,16.4,-0.0126,5.022,-0.0003,0.0861
Cole Anthony,Cole Anthony,PHO,2025,2296274,0.016261642,0.0743,0.058,10491754,0.025560711,0.0008,26,-0.0134,676,0.0103,67,-0.0122,1234,-0.0026,0.8171,-0.0122,24.6,0.0265,0.537,0.0001,0.0861
Keon Johnson,Keon Johnson,BRK,2025,2349578,0.016639128,0.0756,0.0589,10675324,-1.069537991,-0.0285,24,-0.0342,576,0.0221,79,-0.0231,1925,0.0595,0.9634,-0.0231,21.7,0.0126,-0.363,0.0002,0.0861
De'Anthony Melton,De'Anthony Melton,GSW,2025,3080921,0.021818318,0.0811,0.0592,11451968,0.159181429,0.0044,28,0.0074,784,-0.0024,6,0.0431,121,-0.1027,0.0732,0.043,23.5,0.0212,0.25,0.0001,0.0861
Haywood Highsmith,Haywood Highsmith,PHO,2025,827984,0.005863577,0.0659,0.06,9305607,-0.170143204,-0.0044,29,0.0178,841,-0.009,74,-0.0186,1818,0.0499,0.9024,-0.0185,11.3,-0.037,2.262,0,0.0861
Larry Nance Jr.,Larry Nance Jr.,CLE,2025,2296274,0.016261642,0.0777,0.0614,10971861,0.011444448,0.0004,33,0.0595,1089,-0.0381,24,0.0268,463,-0.072,0.2927,0.0267,15.7,-0.016,0.562,0.0001,0.0861
Deni Avdija,Deni Avdija,POR,2025,14375000,0.101800181,0.1633,0.0615,23059266,0.744955428,0.02,25,-0.0238,625,0.0163,72,-0.0168,2161,0.0807,0.878,-0.0167,23.2,0.0198,5.131,-0.0003,0.0861
Jevon Carter,Jevon Carter,ORL,2025,871000,0.006168206,0.0677,0.0615,9559781,0.004523147,0.0002,30,0.0282,900,-0.016,36,0.0159,321,-0.0848,0.439,0.0159,21,0.0093,0.069,0.0002,0.0861
Brandon Williams,Brandon Williams,DAL,2025,2270735,0.016080782,0.0785,0.0624,11084828,0.110245743,0.0031,26,-0.0134,676,0.0103,33,0.0186,487,-0.0698,0.4024,0.0186,22.6,0.0169,0.881,0.0001,0.0861
Keegan Murray,Keegan Murray,SAC,2025,11144093,0.0789197,0.1414,0.0625,19966811,-0.034497184,-0.0008,25,-0.0238,625,0.0163,76,-0.0204,2610,0.1211,0.9268,-0.0204,15,-0.0193,2.05,0,0.0861
Tony Bradley,Tony Bradley,IND,2025,3204816,0.022695711,0.086,0.0633,12143887,0.369556415,0.01,28,0.0074,784,-0.0024,14,0.0359,113,-0.1035,0.1707,0.0358,20.1,0.005,0.252,0.0001,0.0861
Walker Kessler,Walker Kessler,UTA,2025,4878938,0.034551428,0.0994,0.0648,14036075,0.413778686,0.0112,24,-0.0342,576,0.0221,58,-0.0041,1740,0.0429,0.7073,-0.0041,13.7,-0.0255,2.632,-0.0001,0.0861
Cameron Payne,Cameron Payne,PHI,2025,712637,0.005046718,0.0735,0.0685,10378788,0.1477608,0.0041,31,0.0386,961,-0.0231,72,-0.0168,1090,-0.0156,0.878,-0.0167,20.8,0.0083,1.477,0,0.0861
Keon Ellis,Keon Ellis,CLE,2025,2301587,0.016299268,0.0867,0.0704,12242733,0.72825752,0.0196,26,-0.0134,676,0.0103,80,-0.0241,1948,0.0616,0.9756,-0.024,12.7,-0.0303,5.361,-0.0003,0.0861
Norman Powell,Norman Powell,MIA,2025,20482758,0.145053807,0.2192,0.0741,30952793,0.840712319,0.0226,33,0.0595,1089,-0.0381,60,-0.0059,1958,0.0625,0.7317,-0.0059,26.1,0.0336,6.099,-0.0004,0.0861
Jordan Clarkson,Jordan Clarkson,UTA,2025,10651561,0.075431711,0.1496,0.0742,21124716,-0.59341195,-0.0157,34,0.0699,1156,-0.046,37,0.015,962,-0.0271,0.4512,0.015,27.8,0.0417,0.506,0.0001,0.0861
Kevin Love,Kevin Love,UTA,2025,4150000,0.02938927,0.1049,0.0755,14812719,0.204398133,0.0056,37,0.1011,1369,-0.071,23,0.0277,251,-0.091,0.2805,0.0276,24.6,0.0265,0.33,0.0001,0.0861
Keyonte George,Keyonte George,UTA,2025,4278960,0.030302532,0.1059,0.0756,14953927,-1.182650134,-0.0315,22,-0.055,484,0.0329,67,-0.0122,2109,0.0761,0.8171,-0.0122,24.3,0.025,-1.108,0.0003,0.0861
Brandin Podziemski,Brandin Podziemski,GSW,2025,3687960,0.026117217,0.1047,0.0785,14784477,0.478860493,0.0129,23,-0.0446,529,0.0276,64,-0.0095,1716,0.0407,0.7805,-0.0095,18.3,-0.0036,4.529,-0.0002,0.0861
D'Angelo Russell,D'Angelo Russell,WAS,2025,5685000,0.040259759,0.1234,0.0832,17425067,0.162383382,0.0045,30,0.0282,900,-0.016,29,0.0223,763,-0.045,0.3537,0.0222,22.1,0.0145,0.459,0.0001,0.0861
DeMar DeRozan,DeMar DeRozan,SAC,2025,24570000,0.17399864,0.2573,0.0833,36332818,0.535751747,0.0144,36,0.0907,1296,-0.0624,77,-0.0213,2768,0.1353,0.939,-0.0213,25,0.0284,6.817,-0.0004,0.0861
Shaedon Sharpe,Shaedon Sharpe,POR,2025,8399983,0.059486594,0.1446,0.0851,20418676,-0.259226167,-0.0068,23,-0.0446,529,0.0276,72,-0.0168,2252,0.0889,0.878,-0.0167,25.1,0.0288,2.458,-0.0001,0.0861
Ivica Zubac,Ivica Zubac,IND,2025,18893980,0.133802476,0.2208,0.0869,31178726,1.689506386,0.0453,29,0.0178,841,-0.009,80,-0.0241,2624,0.1224,0.9756,-0.024,19.5,0.0021,8.464,-0.0006,0.0861
Bones Hyland,bones hyland,MIN,2025,2296274,0.016261642,0.1054,0.0892,14883323,0.299182095,0.0081,25,-0.0238,625,0.0163,20,0.0304,222,-0.0937,0.2439,0.0303,29.6,0.0503,0.288,0.0001,0.0861
Kelly Oubre Jr.,Kelly Oubre Jr.,PHI,2025,8382150,0.059360305,0.1508,0.0915,21294166,-0.399286731,-0.0106,30,0.0282,900,-0.016,60,-0.0059,2078,0.0733,0.7317,-0.0059,18.9,-0.0007,2.739,-0.0001,0.0861
Al Horford,Al Horford,GSW,2025,5685000,0.040259759,0.1343,0.0941,18964234,0.465327008,0.0126,40,0.1323,1600,-0.0981,60,-0.0059,1659,0.0356,0.7317,-0.0059,13.8,-0.025,2.782,-0.0001,0.0861
Shai Gilgeous-Alexander,Shai Gilgeous-Alexander,OKC,2025,38333050,0.271465144,0.3676,0.0961,51908060,3.869688375,0.1036,27,-0.003,729,0.0041,76,-0.0204,2598,0.12,0.9268,-0.0204,34.8,0.0751,17.595,-0.0014,0.0861
Paolo Banchero,Paolo Banchero,ORL,2025,15334769,0.108597027,0.2111,0.1025,29809008,0.670440606,0.018,23,-0.0446,529,0.0276,46,0.0068,1582,0.0287,0.561,0.0068,33.6,0.0694,3.145,-0.0001,0.0861
Chris Boucher,Chris Boucher,UTA,2025,2296274,0.016261642,0.12,0.1037,16944960,0.770244145,0.0207,33,0.0595,1089,-0.0381,50,0.0032,862,-0.0361,0.6098,0.0032,21.2,0.0102,1.823,0,0.0861
Moritz Wagner,Moritz Wagner,ORL,2025,5000000,0.035408759,0.1438,0.1083,20305710,0.705357463,0.019,29,0.0178,841,-0.009,30,0.0214,564,-0.0629,0.3659,0.0213,26.8,0.037,1.298,0.0001,0.0861
Mike Conley,Mike Conley,MIN,2025,725834,0.005140176,0.1205,0.1154,17015564,0.472990051,0.0128,38,0.1115,1444,-0.0798,71,-0.0159,1756,0.0443,0.8659,-0.0158,14.4,-0.0222,4.045,-0.0002,0.0861
Cam Thomas,Cam Thomas,BRK,2025,5993172,0.042442156,0.1598,0.1174,22565038,0.081604872,0.0023,24,-0.0342,576,0.0221,25,0.0259,781,-0.0434,0.3049,0.0258,32.6,0.0646,1.098,0.0001,0.0861
Toumani Camara,Toumani Camara,POR,2025,2221677,0.015733365,0.1373,0.1216,19387858,0.149051084,0.0041,26,-0.0134,676,0.0103,78,-0.0222,2548,0.1155,0.9512,-0.0222,14.4,-0.0222,4.276,-0.0002,0.0861
Payton Pritchard,Payton Pritchard,BOS,2025,7232143,0.051216241,0.1735,0.1223,24499588,1.331691313,0.0357,28,0.0074,784,-0.0024,80,-0.0241,2271,0.0906,0.9756,-0.024,19,-0.0002,6.982,-0.0005,0.0861
Victor Wembanyama,Victor Wembanyama,SAS,2025,13376880,0.094731743,0.2199,0.1251,31051639,2.318971653,0.0621,22,-0.055,484,0.0329,46,0.0068,1527,0.0237,0.561,0.0068,30.4,0.0541,4.579,-0.0002,0.0861
Dyson Daniels,Dyson Daniels,ATL,2025,7707709,0.054584082,0.181,0.1264,25558648,0.777507623,0.0209,23,-0.0446,529,0.0276,76,-0.0204,2571,0.1176,0.9268,-0.0204,18.2,-0.0041,8.673,-0.0006,0.0861
Austin Reaves,Austin Reaves,LAL,2025,13937574,0.098702439,0.2272,0.1285,32082457,1.072118373,0.0288,28,0.0074,784,-0.0024,73,-0.0177,2550,0.1157,0.8902,-0.0176,23.7,0.0222,8.227,-0.0006,0.0861
Chris Paul,Chris Paul,TOR,2025,2296274,0.016261642,0.1501,0.1339,21195320,0.272692343,0.0074,41,0.1427,1681,-0.1076,82,-0.0259,2292,0.0925,1,-0.0258,14,-0.0241,4.708,-0.0003,0.0861
Russell Westbrook,Russell Westbrook,SAC,2025,2296274,0.016261642,0.1598,0.1436,22565038,-0.43568091,-0.0115,37,0.1011,1369,-0.071,75,-0.0195,2092,0.0745,0.9146,-0.0195,23.8,0.0226,0.402,0.0001,0.0861
Damian Lillard,Damian Lillard,POR,2025,14104000,0.099881027,0.2605,0.1607,36784684,1.299187521,0.0349,35,0.0803,1225,-0.0541,58,-0.0041,2093,0.0746,0.7073,-0.0041,27.8,0.0417,6.318,-0.0004,0.0861
Alondes Williams,Alondes Williams,WAS,2025,131970,0.000934579,0.1679,0.167,23708823,2.268801807,0.0608,27,-0.003,729,0.0041,1,0.0477,4,-0.1133,0.0122,0.0476,21.1,0.0098,0.063,0.0002,0.0861
James Wiseman,James Wiseman,IND,2025,1131970,0.008016331,0.1835,0.1754,25911668,-0.237824033,-0.0062,25,-0.0238,625,0.0163,1,0.0477,5,-0.1132,0.0122,0.0476,42.2,0.1104,0.012,0.0002,0.0861
Jalen Williams,Jalen Williams,OKC,2025,6580997,0.046604987,0.2315,0.1849,32689652,1.791964694,0.048,25,-0.0238,625,0.0163,69,-0.0141,2237,0.0876,0.8415,-0.014,27.5,0.0403,8.433,-0.0006,0.0861
