player_name,season,predicted_cap_pct,predicted_salary_2027,darko_dpm,lebron,rapm,bpm,minutes,usage_pct,player_name_norm
Cooper Flagg,2026,0.155277,24689043,-0.13,0.0918480463694024,0.881,1.4,2344.0,26.9,cooper flagg
Dylan Harper,2026,0.13352,21229680,1.6,1.213301744859714,2.692,1.4,1558.0,21.8,dylan harper
Kon Knueppel,2026,0.126203,20066277,0.03,1.1077211638111142,2.439,2.8,2551.0,22.3,kon knueppel
Jeremiah Fears,2026,0.120175,19107825,-0.79,-0.6002123052581908,-2.905,-2.7,2112.0,25.5,jeremiah fears
VJ Edgecombe,2026,0.117129,18623511,-0.48,-0.1615192599943329,0.951,-0.5,2623.0,20.1,vj edgecombe
Derik Queen,2026,0.107275,17056725,-0.51,0.0128383347982764,-2.416,-0.8,2023.0,21.8,derik queen
Cedric Coward,2026,0.100888,16041192,-0.25,-1.5780844889916636,-0.139,-0.2,1598.0,21.5,cedric coward
Collin Murray-Boyles,2026,0.0757,12036300,0.8,1.0899972076802056,1.491,1.0,1246.0,15.5,collin murray-boyles
Ace Bailey,2026,0.068389,10873851,-2.2,-2.687211075213887,-4.016,-4.4,1988.0,21.4,ace bailey
Nolan Traore,2026,0.066859,10630581,-2.39,-3.2472460318503127,-5.98,-6.8,1243.0,22.8,nolan traore
Danny Wolf,2026,0.064101,10192059,-1.34,-0.8481842060331454,-2.933,-2.5,1187.0,20.6,danny wolf
Maxime Raynaud,2026,0.059711,9494049,-1.71,-1.9828521152292728,-3.249,-2.4,1964.0,18.2,maxime raynaud
Kasparas Jakučionis,2026,0.056598,8999082,0.17,-0.1504301797839528,-1.419,-0.4,945.0,13.7,kasparas jakucionis
Will Riley,2026,0.054748,8704932,-2.0,-3.969849476989433,-3.876,-4.5,1633.0,20.2,will riley
Egor Dëmin,2026,0.051472,8184047,-1.01,-1.1618899264389535,,,,,egor demin
Ryan Kalkbrenner,2026,0.051418,8175462,0.65,0.2470836583385618,0.408,1.8,1479.0,11.6,ryan kalkbrenner
jimmy butler iii,2026,0.047928,7620552,,2.7548703672664776,,,,,jimmy butler iii
Thomas Sorber,2026,0.04761,7569990,-1.09,,,,,,thomas sorber
Keshon Gilbert,2026,0.046955,7465844,-1.14,-0.4830872595784564,,,,,keshon gilbert
Nique Clifford,2026,0.045674,7262166,-1.81,-1.2255635812884609,-3.023,-4.9,1882.0,17.0,nique clifford
Tyrese Proctor,2026,0.043791,6962768,-1.41,0.020671161054063,-2.702,-2.8,545.0,22.0,tyrese proctor
Tre Johnson,2026,0.043548,6924132,-3.05,-4.127531270633723,-4.205,-5.0,1443.0,22.5,tre johnson
Kadary Richmond,2026,0.042407,6742713,-1.28,0.0945082841873274,,,,,kadary richmond
Gabe McGlothan,2026,0.039464,6274776,-1.43,,,,,,gabe mcglothan
Kobe Sanders,2026,0.038989,6199251,-1.09,-1.2138050775840148,-1.886,-2.9,1351.0,16.3,kobe sanders
Asa Newell,2026,0.03744,5952960,-0.56,-0.9152213337872116,-1.881,-1.5,500.0,17.1,asa newell
Malachi Smith,2026,0.036257,5764863,-0.98,-1.3823927644444085,0.169,-0.8,359.0,14.2,malachi smith
Joan Beringer,2026,0.035649,5668191,0.26,0.4670834118338173,2.166,0.4,314.0,16.8,joan beringer
Noa Essengue,2026,0.030606,4866354,-1.75,0.3557472579524259,,,,,noa essengue
Will Richard,2026,0.030325,4821675,-0.58,-0.5677843098451297,-0.483,-1.7,1377.0,13.0,will richard
Nigel Hayes,2026,0.026287,4179633,-1.98,,,,,,nigel hayes
Noah Penda,2026,0.025941,4124619,-0.86,-0.3078181536857564,-2.532,-1.5,757.0,14.8,noah penda
nigel hayes-davis,2026,0.025148,3998532,,-1.918542252433841,-7.701,-7.3,195.0,12.1,nigel hayes-davis
Ben Saraf,2026,0.024092,3830628,-3.37,-3.250581368191982,-5.179,-7.3,916.0,21.0,ben saraf
John Tonje,2026,0.022415,3563985,-2.17,-0.5495405681021507,,,,,john tonje
Kam Jones,2026,0.019425,3088575,-1.99,-2.936339398516781,-3.931,-6.2,616.0,14.4,kam jones
Yang Hansen,2026,0.017828,2834652,-2.84,-2.428693562318975,-11.895,-9.5,300.0,19.9,yang hansen
Micah Peavy,2026,0.015815,2514585,-1.17,-1.2209738129711107,-2.671,-5.2,913.0,14.0,micah peavy
Myron Gardner,2026,0.012185,1937415,-0.73,0.9455238887806036,1.673,0.9,411.0,15.0,myron gardner
Khaman Maluach,2026,0.010955,1741845,-0.92,-0.0501038331248546,-3.764,-3.7,411.0,14.8,khaman maluach
Sion James,2026,0.010747,1708773,-1.51,0.2519693315976921,-0.867,-2.0,1843.0,11.0,sion james
Liam McNeeley,2026,0.008976,1427184,-1.57,0.0630097684801844,-2.795,-1.3,368.0,14.4,liam mcneeley
Johni Broome,2026,0.007293,1159587,-2.78,-0.3041041990637171,,,,,johni broome
Grant Nelson,2026,0.006455,1026345,-2.75,0.4489314682642348,,,,,grant nelson
Jase Richardson,2026,0.006113,971967,-1.83,-1.5600790376635474,-1.5,-2.5,587.0,16.8,jase richardson
Rasheer Fleming,2026,0.004186,665573,-1.54,-1.10060596514697,-1.923,-3.8,673.0,16.3,rasheer fleming
Lucas Williamson,2026,0.003033,482247,-2.71,-1.5482517532998497,-4.177,-7.6,224.0,16.4,lucas williamson
Adou Thiero,2026,0.001115,177285,-1.77,-0.4801341252518477,-3.984,-4.4,149.0,14.6,adou thiero
Hugo González,2026,0.000801,127358,-0.74,0.2494295703442317,-0.124,-1.5,1084.0,11.8,hugo gonzalez
Carter Bryant,2026,-0.001293,-205587,-1.84,-0.6458533149116625,-3.079,-3.0,818.0,16.3,carter bryant
Drake Powell,2026,-0.003263,-518817,-3.3,-4.5037542375453565,-5.336,-6.0,1320.0,14.9,drake powell
Lawson Lovering,2026,-0.007279,-1157361,-3.39,-0.3246993250744487,,,,,lawson lovering
Chaz Lanier,2026,-0.018011,-2863749,-2.98,-2.013927804338132,-4.624,-5.1,262.0,15.0,chaz lanier
Mohamed Diawara,2026,-0.023894,-3799146,-2.81,-1.1390953327925597,-2.442,-1.7,634.0,17.1,mohamed diawara
Amari Williams,2026,-0.026146,-4157214,-2.79,-0.8997553066895255,-5.428,-2.1,146.0,11.1,amari williams
