player_name,player_name_norm,season,age,is_free_agent,year_in_contract,contract_years,cap_pct,predicted_cap_pct,actual_salary,predicted_salary,diff,darko_dpm_z,lebron_z,rapm_z,age,age_squared,mpg,availability_3yr,usage_pct,height_inches,cba_era,ast_pct,award_score_cum,draft_pick
Stephen Curry,stephen curry,2026,37,FALSE,8,8,0.409066392,0.19740477,62.59,30.2,-32.39,1.195911239,1.440198804,1.172992252,37,1369,30.90697674,0.6988,32.5,74,1,27,26,7
Nikola Jokić,nikola jokic,2026,30,FALSE,4,5,0.385837346,0.3336434,59.03,51.05,-7.98,4.197543125,3.659718704,3.322515266,30,900,34.84615385,0.8451,30.4,83,1,50.3,60,41
Jayson Tatum,jayson tatum,2026,27,FALSE,2,5,0.382069059,0.3053701,58.46,46.72,-11.74,2.041609112,1.957005147,1.570175537,27,729,32.625,0.5415,30,80,1,25.1,19,3
Giannis Antetokounmpo,giannis antetokounmpo,2026,31,FALSE,6,7,0.382069059,0.23913324,58.46,36.59,-21.87,3.071931168,2.292098303,2.792937552,31,961,28.86111111,0.6427,37,83,1,38.7,57,15
Anthony Davis,anthony davis,2026,32,FALSE,2,3,0.382069059,0.21000184,58.46,32.13,-26.33,0.957686486,0.967829663,0.931526766,32,1024,31.3,0.461,27.5,82,1,15.1,13,1
Joel Embiid,joel embiid,2026,31,FALSE,4,6,0.379738562,0.2541621,58.1,38.89,-19.21,1.553248369,1.052366798,0.707896798,31,961,31.60526316,0.3963,33.5,84,1,21.7,22,3
Jaylen Brown,jaylen brown,2026,29,FALSE,3,5,0.373063582,0.28346932,57.08,43.37,-13.71,1.070843244,1.135152864,0.894140774,29,841,34.4084507,0.8341,36.2,78,1,25.9,11,3
Devin Booker,devin booker,2026,29,FALSE,3,6,0.373063582,0.27334398,57.08,41.82,-15.26,1.195911239,1.17085313,1.023448286,29,841,33.53125,0.8305,32.2,77,1,30.2,6,13
Karl-Anthony Towns,karl-anthony towns,2026,30,FALSE,3,4,0.373063582,0.265948,57.08,40.69,-16.39,2.136899013,1.621034599,0.867387496,30,900,30.96,0.872,25.9,84,1,14.7,4,1
Jimmy Butler,jimmy butler,2026,36,FALSE,4,4,0.371456033,0.1463131,56.83,22.39,-34.44,1.154221907,,2.206423374,36,1296,31.10526316,0.4878,23.3,78,1,24.3,0,75
Paul George,paul george,2026,35,FALSE,8,9,0.35376719,0.11273637,54.13,17.25,-36.88,0.647994308,0.849222449,1.038539879,35,1225,30.67567568,0.5561,23.3,80,1,17.7,2,10
Kawhi Leonard,kawhi leonard,2026,34,FALSE,8,8,0.32875817,0.30408415,50.3,46.52,-3.78,3.512646961,2.87805174,2.913327304,34,1156,32.07692308,0.6976,33.5,78,1,21,15,15
Cade Cunningham,cade cunningham,2026,24,FALSE,2,5,0.327487765,0.32077542,50.11,49.08,-1.03,2.178588345,2.77715643,1.528673657,24,576,33.9375,0.7976,30.5,78,1,45.2,3,1
Donovan Mitchell,donovan mitchell,2026,29,FALSE,2,3,0.327487765,0.31132698,50.11,47.63,-2.48,2.315567578,2.014984096,1.982450416,29,841,33.45714286,0.8207,32.2,74,1,27.9,7,13
Jamal Murray,jamal murray,2026,28,FALSE,2,4,0.327487765,0.2916929,50.11,44.63,-5.48,1.678316364,0.776798445,1.332139959,28,784,35.36,0.8463,27.9,76,1,31.1,0,7
Evan Mobley,evan mobley,2026,24,FALSE,2,5,0.327487765,0.2456021,50.11,37.58,-12.53,1.0887101,1.664224774,1.015216508,24,576,31.90769231,0.778,22.6,83,1,16.8,15,3
Luka Dončić,luka doncic,2026,26,FALSE,5,7,0.325490196,0.3434182,49.8,52.54,2.74,2.666949088,2.782985066,1.976276582,26,676,35.765625,0.6634,38.1,80,1,40.5,20,3
Bam Adebayo,bam adebayo,2026,28,FALSE,1,3,0.325490196,0.27545443,49.8,42.14,-7.66,1.356712947,1.845197524,0.728133253,28,784,32.39726027,0.9037,25,81,1,14.1,11,14
De'Aaron Fox,de'aaron fox,2026,28,FALSE,1,4,0.325490196,0.22587289,49.8,34.56,-15.24,1.297156759,1.077128207,1.03888287,28,784,30.98611111,0.7841,24.9,75,1,29.6,3,5
Jaren Jackson Jr.,jaren jackson jr.,2026,26,FALSE,1,4,0.320261438,0.12698004,49,19.43,-29.57,0.850485348,-0.413683225,,26,676,,,,82,1,,13,4
Zach LaVine,zach lavine,2026,30,FALSE,5,5,0.320048235,0.10085557,48.97,15.43,-33.54,-1.365004854,-0.608423753,-0.572830653,30,900,31.38461538,0.4524,23.7,77,1,11.2,0,13
Anthony Edwards,anthony edwards,2026,24,FALSE,3,5,0.319768784,0.29926774,48.92,45.79,-3.13,2.142854632,0.578464252,1.422003535,24,576,35.03278689,0.8537,31.5,76,1,17.6,7,1
Pascal Siakam,pascal siakam,2026,31,FALSE,7,8,0.319768784,0.1876719,48.92,28.71,-20.21,0.647994308,0.404604089,0.526797684,31,961,33.17741935,0.7585,30.1,80,1,19.9,5,27
Tyrese Haliburton,tyrese haliburton,2026,26,FALSE,3,5,0.319768784,0.15422408,48.92,23.6,-25.32,1.559203987,,,26,676,,,,77,1,,5,12
Lauri Markkanen,lauri markkanen,2026,28,FALSE,3,5,0.301393163,0.2453985,46.11,37.55,-8.56,0.969597724,0.495760809,1.013501554,28,784,34.35714286,0.5622,28.1,85,1,10.1,2,7
Domantas Sabonis,domantas sabonis,2026,29,FALSE,3,4,0.297202614,0.10069398,45.47,15.41,-30.06,-0.418061461,0.831045175,-0.639027867,29,841,29.68421053,0.572,23,82,1,21.3,4,11
Kevin Durant,kevin durant,2026,37,FALSE,1,2,0.286944046,0.27294153,43.9,41.76,-2.14,1.89867426,0.995670861,1.120857658,37,1369,36.41025641,0.8854,27.1,83,1,20.7,6,2
OG Anunoby,og anunoby,2026,28,FALSE,3,5,0.277777778,0.24723098,42.5,37.83,-4.67,2.148810251,0.952243423,1.236788531,28,784,33.19402985,0.7451,19.7,79,1,9.2,2,23
James Harden,james harden,2026,36,FALSE,2,2,0.276583706,0.27511886,42.32,42.09,-0.23,1.583026463,1.365901793,0.761060364,36,1296,35.43181818,0.7329,31.2,77,1,36.3,6,3
Zion Williamson,zion williamson,2026,25,FALSE,4,5,0.275598105,0.15849507,42.17,24.25,-17.92,0.53483755,0.122244696,1.070095028,25,625,29.69354839,0.6585,25.7,78,1,17.7,1,1
Darius Garland,darius garland,2026,26,FALSE,4,5,0.275598105,0.11297084,42.17,17.28,-24.89,0.582482501,0.214002519,-0.445581085,26,676,30.46153846,0.572,25.8,73,1,33.2,0,5
Ja Morant,ja morant,2026,26,FALSE,4,5,0.275598105,0.087513454,42.17,13.39,-28.78,0.540793169,0.327504949,-0.602327857,26,676,28.45,0.3268,32.5,74,1,45.1,8,2
Scottie Barnes,scottie barnes,2026,24,FALSE,2,5,0.272906471,0.2779517,41.75,42.53,0.78,1.725961314,1.507946778,1.302299764,24,576,33.5125,0.872,23.4,80,1,26.3,3,4
Franz Wagner,franz wagner,2026,24,FALSE,2,5,0.272906471,0.19755879,41.75,30.23,-11.52,0.951730868,0.876927552,0.911633302,24,576,29.97058824,0.6024,27,82,1,18.2,1,8
Chet Holmgren,chet holmgren,2026,23,FALSE,1,5,0.27124183,0.2386793,41.5,36.52,-4.98,1.970141686,2.515208692,1.709772772,23,529,28.94202899,0.7378,21.9,85,1,8.6,1,2
Paolo Banchero,paolo banchero,2026,23,FALSE,1,5,0.27124183,0.22534801,41.5,34.48,-7.02,0.18345604,0.489666078,0.28190229,23,529,34.75,0.8024,27.6,82,1,23.4,3,1
Jalen Williams,jalen williams,2026,24,FALSE,1,5,0.27124183,0.13791108,41.5,21.1,-20.4,0.796884778,0.685712999,1.395593247,24,576,28.36363636,0.6268,26.2,77,1,29.3,5,12
Shai Gilgeous-Alexander,shai gilgeous-alexander,2026,27,FALSE,5,5,0.266706863,0.33790296,40.81,51.7,10.89,3.357800871,3.345462767,3.376707804,27,729,33.22058824,0.8756,33.4,78,1,35,30,11
Michael Porter Jr.,michael porter jr.,2026,27,FALSE,5,5,0.266706863,0.21819486,40.81,33.38,-7.43,0.814751635,0.054598694,0.549092082,27,729,32.48076923,0.7963,30.5,82,1,18.2,0,14
Tyrese Maxey,tyrese maxey,2026,25,FALSE,3,5,0.266473987,0.24567035,40.77,37.59,-3.18,1.076798863,1.36701917,1.388047451,25,625,38.01428571,0.7878,29.4,74,1,28.9,2,21
LaMelo Ball,lamelo ball,2026,24,FALSE,3,5,0.266473987,0.21460322,40.77,32.83,-7.94,1.553248369,1.682498244,1.236788531,24,576,28.01388889,0.6646,32,79,1,42.6,3,3
Brandon Ingram,brandon ingram,2026,28,FALSE,7,8,0.261437908,0.19746402,40,30.21,-9.79,0.391902698,-0.216290251,-0.065204346,28,784,33.81818182,0.6915,26.9,80,1,16.8,2,2
Kyrie Irving,kyrie irving,2026,34,FALSE,2,3,0.258112954,0.05380928,39.49,8.23,-31.26,0.243012228,,,34,1156,,,,74,1,,2,1
Desmond Bane,desmond bane,2026,27,FALSE,3,5,0.257817582,0.20218281,39.45,30.93,-8.52,0.445503268,0.652627315,0.918150127,27,729,33.6097561,0.8549,23.3,78,1,19.3,0.5,30
Jalen Brunson,jalen brunson,2026,29,FALSE,2,4,0.246663536,0.27447397,37.74,41.99,4.25,2.029697874,1.114340592,0.819711782,29,841,35,0.8768,30.4,74,1,31.3,7,33
Rudy Gobert,rudy gobert,2026,33,FALSE,2,3,0.238562092,0.15219852,36.5,23.29,-13.21,1.160177526,0.770818763,0.337809782,33,1089,31.31578947,0.9122,12.9,85,1,7.2,28,27
Jalen Green,jalen green,2026,23,FALSE,2,3,0.236935725,0.0953184,36.25,14.58,-21.67,0.022654331,-0.293418669,-0.166729608,23,529,25.875,0.6951,31.9,76,1,18.6,1,2
Jrue Holiday,jrue holiday,2026,35,FALSE,3,4,0.22745098,0.10861081,34.8,16.62,-18.18,0.189411658,0.660285181,0.596081815,35,1225,29.43396226,0.7183,23.5,76,1,32.1,10,17
Jerami Grant,jerami grant,2026,31,FALSE,4,5,0.223574497,0.08970798,34.21,13.73,-20.48,-0.316815941,0.015912871,0.2222219,31,961,29.73684211,0.6512,23.8,79,1,11,0,39
Jordan Poole,jordan poole,2026,26,FALSE,4,4,0.222514,0.057173878,34.04,8.75,-25.29,-1.097002007,-0.608304811,-1.527373903,26,676,23.92307692,0.6768,25.1,76,1,18.3,0,28
Aaron Gordon,aaron gordon,2026,30,FALSE,1,3,0.21998717,0.16280322,33.66,24.91,-8.75,1.267378665,0.259734984,1.180195058,30,900,27.91666667,0.5841,21.9,80,1,13.7,0,4
Mikal Bridges,mikal bridges,2026,29,FALSE,1,4,0.218837549,0.15931928,33.48,24.38,-9.1,0.290657178,1.039353163,1.082785685,29,841,32.82926829,1,17.3,78,1,15.9,3,10
Julius Randle,julius randle,2026,31,FALSE,3,4,0.217864928,0.17655298,33.33,27.01,-6.32,-0.334682798,0.01569768,0.745968771,31,961,33.03797468,0.8463,26.5,81,1,23.1,7,7
Tyler Herro,tyler herro,2026,26,FALSE,4,4,0.215686275,0.15927507,33,24.37,-8.63,0.338302129,-0.033176953,0.328549032,26,676,31.3030303,0.5854,24.7,77,1,19.7,2.5,13
Dejounte Murray,dejounte murray,2026,29,FALSE,3,4,0.21428151,0.078681685,32.79,12.04,-20.75,0.248967847,0.643386543,0.47466309,29,841,27.78571429,0.389,26.6,76,1,35.4,0,29
Immanuel Quickley,immanuel quickley,2026,26,FALSE,3,5,0.212418301,0.15237716,32.5,23.31,-9.19,0.53483755,1.127856124,0.701379974,26,676,31.87142857,0.6402,21.1,74,1,26.4,0.5,25
Jalen Suggs,jalen suggs,2026,24,FALSE,2,5,0.211764706,0.117497,32.4,17.98,-14.42,0.731372971,0.918570029,0.878706191,24,576,27.61403509,0.6585,22.9,77,1,29.6,2,5
Derrick White,derrick white,2026,31,FALSE,2,4,0.198352941,0.24231975,30.35,37.07,6.72,0.927908392,2.395685389,1.416172692,31,961,34.09090909,0.9256,22,76,1,22.2,4,29
Andrew Wiggins,andrew wiggins,2026,30,FALSE,4,4,0.197187216,0.11200359,30.17,17.14,-13.03,-0.281082228,0.183112536,0.218449002,30,900,30.33823529,0.7451,19.7,78,1,12.3,0,1
Jalen Johnson,jalen johnson,2026,24,FALSE,2,5,0.196078431,0.21212484,30,32.46,2.46,0.248967847,0.952272788,0.97028472,24,576,35.16666667,0.7073,27,80,1,33.5,0,20
RJ Barrett,rj barrett,2026,25,FALSE,4,4,0.193569092,0.16300565,29.62,24.94,-4.68,0.379991461,0.524508566,0.436934108,25,625,30.28070175,0.6378,25.8,78,1,16.8,0,3
Isaiah Hartenstein,isaiah hartenstein,2026,27,FALSE,3,3,0.18627451,0.14098632,28.5,21.57,-6.93,1.457958467,1.581989763,1.132176353,27,729,24.19148936,0.678,16.1,84,1,20.1,0,43
Jarrett Allen,jarrett allen,2026,27,FALSE,1,3,0.183006536,0.18125738,28,27.73,-0.27,1.571115225,1.311430474,1.099592232,27,729,27.125,0.8293,19.9,81,1,9.7,0,22
Draymond Green,draymond green,2026,35,FALSE,4,4,0.180905693,0.056816682,27.68,8.69,-18.99,0.171544802,-0.57981632,-0.740553128,35,1225,27.48529412,0.7976,16.1,78,1,27.3,10,35
Trey Murphy III,trey murphy iii,2026,25,FALSE,2,4,0.176470588,0.18652895,27,28.54,1.54,0.052432426,0.530617311,0.786098689,25,625,35.46969697,0.7354,22.7,80,1,16.2,0,17
Devin Vassell,devin vassell,2026,25,FALSE,3,5,0.176470588,0.14484908,27,22.16,-4.84,0.671816783,-0.180721081,0.816281875,25,625,30.50746269,0.8085,18,77,1,11,0,11
Myles Turner,myles turner,2026,29,FALSE,2,4,0.173752706,0.09305327,26.58,14.24,-12.34,-0.007123763,-0.243816244,-0.563226912,29,841,26.92957746,0.8841,18.6,83,1,7.7,0,11
Jaden McDaniels,jaden mcdaniels,2026,25,FALSE,3,5,0.171241837,0.1475336,26.2,22.57,-3.63,0.177500421,-0.730023961,0.312085476,25,625,31.7260274,0.9207,18.5,81,1,12.2,2,28
DeMar DeRozan,demar derozan,2026,36,FALSE,3,3,0.168235294,0.11480198,25.74,17.56,-8.18,-0.942155918,-0.357503533,0.175232168,36,1296,31.24675325,0.9439,22.8,78,1,20,3,9
Dyson Daniels,dyson daniels,2026,22,FALSE,1,4,0.163398693,0.17489183,25,26.76,1.76,0.463370124,1.122487338,1.319792292,22,484,33.15789474,0.8902,16,79,1,23.9,5,8
Josh Giddey,josh giddey,2026,23,FALSE,2,4,0.163398693,0.16785803,25,25.68,0.68,0.100077376,0.093586627,0.037006896,23,529,32.05555556,0.7805,24.4,79,1,41.1,0.5,6
Fred VanVleet,fred vanvleet,2026,32,FALSE,2,2,0.163398693,0.06168005,25,9.44,-15.56,0.570571263,,,32,1024,,,,72,1,,0,75
De'Andre Hunter,de'andre hunter,2026,28,FALSE,4,4,0.162815124,0.046741236,24.91,7.15,-17.76,-0.823043541,-0.242196465,-0.889068122,28,784,26.1627907,0.5366,22.9,79,1,11,0,4
Jonathan Kuminga,jonathan kuminga,2026,23,FALSE,2,2,0.158823529,0.042297028,24.3,6.47,-17.83,-0.763487353,-0.091217577,-1.266357944,23,529,23.8,0.4744,24,79,1,15.9,0,7
Keegan Murray,keegan murray,2026,25,FALSE,1,5,0.157764288,0.1384517,24.14,21.18,-2.96,-0.12028052,-0.255500751,-0.734722285,25,625,34.47826087,0.6061,18.7,80,1,6.8,1,4
Jabari Smith Jr.,jabari smith jr.,2026,23,FALSE,1,5,0.154532098,0.06660685,23.64,10.19,-13.45,-0.001168144,0.180852651,,23,529,,,,83,1,,0.5,3
Naz Reid,naz reid,2026,26,FALSE,2,5,0.152129817,0.09851082,23.28,15.07,-8.21,0.135811089,0.698063726,-0.059030513,26,676,26.06493506,0.9598,22.1,81,1,12.4,2,75
Nic Claxton,nic claxton,2026,26,FALSE,3,4,0.151292333,0.08327147,23.15,12.74,-10.41,,-0.930967155,-0.416769862,26,676,27.82608696,0.85,17.7,83,1,21.8,0,31
Cameron Johnson,cameron johnson,2026,29,FALSE,3,3,0.150735294,0.11690443,23.06,17.89,-5.17,0.463370124,-0.033497599,0.385828487,29,841,30.5,,15.1,80,1,10.6,0,11
Miles Bridges,miles bridges,2026,27,FALSE,3,3,0.149190111,0.162017,22.83,24.79,1.96,0.094121757,0.609079709,0.606028546,27,729,31,0.872,22.3,79,1,15.9,0,12
Kentavious Caldwell-Pope,kentavious caldwell-pope,2026,32,FALSE,3,3,0.141316993,0.048446607,21.62,7.41,-14.21,-0.572907551,-0.926931427,-0.625651228,32,1024,21.33333333,0.778,17.7,77,1,17.7,0,8
Christian Braun,christian braun,2026,24,FALSE,1,5,0.140860954,0.12403375,21.55,18.98,-2.57,0.356168985,-0.331173006,0.370050912,24,576,31.79545455,0.7573,14.8,78,1,11.4,0,21
CJ McCollum,cj mccollum,2026,34,FALSE,1,1,0.137254902,0.08080173,21,12.36,-8.64,0.695639258,0.13785941,0.344669597,34,1156,28.82926829,0.6159,26.9,75,1,21.3,0,10
Josh Hart,josh hart,2026,30,FALSE,3,4,0.136756601,0.12414405,20.92,18.99,-1.93,0.326390891,0.807051494,0.767577188,30,900,30.21212121,0.8817,16.7,77,1,21.6,0,30
Kyle Kuzma,kyle kuzma,2026,30,FALSE,4,4,0.13297485,0.057110876,20.35,8.74,-11.61,-1.704475127,-1.162454655,-0.498744651,30,900,26.17391304,0.7122,21.8,80,1,15.5,0,27
Ivica Zubac,ivica zubac,2026,28,FALSE,2,3,0.132955163,0.11343866,20.34,17.36,-2.98,0.73732859,0.14403319,-0.35160162,28,784,30.88372093,,19,84,1,11.3,2,32
Malik Monk,malik monk,2026,27,FALSE,3,4,0.131961013,0.062992245,20.19,9.64,-10.55,-0.447839555,-0.585798935,-0.568371773,27,729,22,0.7915,24,75,1,20.6,0,11
Shaedon Sharpe,shaedon sharpe,2026,22,FALSE,1,4,0.131302529,0.1408179,20.09,21.55,1.46,0.02860995,-0.451793351,0.086397564,22,484,29.42,0.6463,30.5,77,1,15.4,0,7
Dillon Brooks,dillon brooks,2026,30,FALSE,4,4,0.130671418,0.12271901,19.99,18.78,-1.21,-0.114324901,-0.534014149,-0.291235249,30,900,30.39285714,0.7915,28.6,79,1,9.6,2,45
P.J. Washington,p.j. washington,2026,27,FALSE,1,4,0.12949702,0.12470098,19.81,19.08,-0.73,-0.608641264,-0.251272259,-0.41093902,27,729,31,0.6573,20.1,79,1,8.1,0.5,12
Andrew Nembhard,andrew nembhard,2026,26,FALSE,2,3,0.127778824,0.12107216,19.55,18.52,-1.03,-0.114324901,0.129888096,-0.322447407,26,676,31.33333333,0.7512,23.6,76,1,37,0,31
Alex Caruso,alex caruso,2026,31,FALSE,2,4,0.127778824,0.07034531,19.55,10.76,-8.79,1.225689333,1.1637806,1.297840884,31,961,18.21428571,0.7122,15.7,77,1,14.1,5,75
Jakob Poeltl,jakob poeltl,2026,30,FALSE,4,4,0.12745098,0.10659114,19.5,16.31,-3.19,1.326934853,-0.253384357,0.374509792,30,900,24.97826087,,15.3,84,1,11.7,0,9
Bradley Beal,bradley beal,2026,32,FALSE,2,5,0.12668634,0.03881113,19.38,5.94,-13.44,-0.82899916,-0.337637215,-2.393768531,32,1024,20.16666667,0.3598,22.2,76,1,12,2,3
Luguentz Dort,luguentz dort,2026,26,FALSE,5,5,0.11909949,0.047736928,18.22,7.3,-10.92,-0.364460892,-0.456855502,-0.513493253,26,676,26.79710145,0.8732,14.1,76,1,5.9,3,75
Grayson Allen,grayson allen,2026,30,FALSE,3,4,0.118464052,0.107105106,18.12,16.39,-1.73,0.248967847,0.622722066,0.788842615,30,900,28.76470588,0.728,23.8,75,1,19.9,0,21
Wendell Carter Jr.,wendell carter jr.,2026,26,FALSE,1,3,0.118313725,0.113022774,18.1,17.29,-0.81,0.409769555,0.062930628,-0.101561366,26,676,29.33333333,0.8585,15.6,82,1,9.5,0,7
Toumani Camara,toumani camara,2026,25,FALSE,1,4,0.118172275,0.100537285,18.08,15.38,-2.7,0.350213367,-0.012153979,0.151908797,25,625,33.30487805,0.9561,16.3,79,1,10.4,2,52
Patrick Williams,patrick williams,2026,24,FALSE,3,5,0.117647059,0.04766229,18,7.29,-10.71,-1.597273988,-1.430400428,-1.581566441,24,576,20.47222222,0.7744,16.6,78,1,9.4,0.5,4
Keldon Johnson,keldon johnson,2026,26,FALSE,4,4,0.114379085,0.09332085,17.5,14.28,-3.22,-0.132191758,0.384730504,0.623864065,26,676,23.30487805,0.95,21,78,1,8.5,0,29
Klay Thompson,klay thompson,2026,35,FALSE,3,3,0.114119719,0.049771287,17.46,7.62,-9.84,-0.715842402,-0.941871149,-0.882551297,35,1225,21.69565217,0.872,22.7,77,1,9.5,0,11
Daniel Gafford,daniel gafford,2026,27,FALSE,1,3,0.112833882,0.04692157,17.26,7.18,-10.08,-0.07263557,0.323762436,0.111778879,27,729,21.72727273,0.6537,15.8,82,1,7,0,38
Santi Aldama,santi aldama,2026,25,FALSE,2,3,0.111157144,0.09433133,17.01,14.43,-2.58,-0.126236139,-0.5207145,0.267153688,25,625,27.86046512,0.6488,20.2,84,1,15.7,0,30
Victor Wembanyama,victor wembanyama,2026,22,FALSE,1,1,0.110249974,0.2648474,16.87,40.52,23.65,3.798516664,4.275141806,2.864622618,22,484,29.15625,0.7317,32.4,88,1,17.6,6,1
Max Strus,max strus,2026,29,FALSE,4,4,0.108894353,0.04189558,16.66,6.41,-10.25,-0.102413664,-0.113061809,-0.482967077,29,841,24,0.4268,17.4,77,1,11.3,0,75
Onyeka Okongwu,onyeka okongwu,2026,25,FALSE,3,4,0.105359477,0.1510502,16.12,23.11,6.99,0.796884778,0.631562722,0.008881655,25,625,31.04054054,0.8561,19.5,82,1,13.9,0,6
Duncan Robinson,duncan robinson,2026,31,FALSE,2,3,0.104529131,0.07266369,15.99,11.12,-4.87,0.350213367,0.623928084,0.597453778,31,961,27.44155844,,15.8,79,1,10.1,0,75
Terance Mann,terance mann,2026,29,FALSE,2,3,0.10130719,0.032404695,15.5,4.96,-10.54,-1.341182379,-1.520466077,-0.704196109,29,841,24.26984127,0.7024,13.5,78,1,18.6,0,48
Brandon Miller,brandon miller,2026,23,FALSE,1,1,0.098723046,0.19082178,15.1,29.2,14.1,0.43359203,0.785574449,0.906831432,23,529,30.27692308,0.6756,28.1,79,1,17.8,1,2
Obi Toppin,obi toppin,2026,27,FALSE,3,4,0.098039216,0.050103705,15,7.67,-7.33,-0.150058614,0.586398067,0.623864065,27,729,17.66666667,0.6354,24.8,81,1,21.2,0,8
Isaiah Stewart,isaiah stewart,2026,24,FALSE,3,4,0.098039216,0.05014618,15,7.67,-7.33,-1.091046388,-0.047260653,-0.627023191,24,576,22.70689655,0.7293,16.6,80,1,6.9,0.5,16
Austin Reaves,austin reaves,2026,27,FALSE,4,4,0.097377686,0.19035974,14.9,29.13,14.23,0.618216214,0.968010856,1.241933392,27,729,34.54901961,0.778,26.7,77,1,24,0,75
Herbert Jones,herbert jones,2026,27,FALSE,4,4,0.097377686,0.09203645,14.9,14.08,-0.82,0.511015075,-0.20713718,-0.354688537,27,729,28.35714286,0.6,15.2,79,1,12.9,3.5,35
Caris LeVert,caris levert,2026,31,FALSE,2,2,0.096792157,0.0334102,14.81,5.11,-9.7,-1.549629037,-0.548801924,-0.376982936,31,961,19.23333333,0.6707,18.4,79,1,18.2,0,20
Josh Green,josh green,2026,25,FALSE,3,3,0.095941255,0.039786477,14.68,6.09,-8.59,0.123899851,-0.485200382,0.386514468,25,625,15.65517241,0.7415,10.6,78,1,6.8,0,18
Cooper Flagg,cooper flagg,2026,19,FALSE,2,3,0.09488549,0.13558617,14.52,20.74,6.22,-0.066679951,-0.026045008,0.367649977,19,361,33.48571429,0.8537,26.9,81,1,21.5,0,75
Bobby Portis,bobby portis,2026,30,FALSE,5,6,0.094911203,0.081395395,14.52,12.45,-2.07,-0.543129457,-1.015132445,-0.077895004,30,900,24.1641791,0.7878,23.1,81,1,10.5,0,22
Jonathan Isaac,jonathan isaac,2026,28,FALSE,2,4,0.094771242,0.03709113,14.5,5.67,-8.83,0.421680792,0.292475686,-0.599583931,28,784,10.01923077,0.7183,12.4,82,1,5.6,0,6
Nickeil Alexander-Walker,nickeil alexander-walker,2026,27,FALSE,2,4,0.094141895,0.20092276,14.4,30.74,16.34,0.516970694,0.377157088,0.911290312,27,729,33.37179487,0.9756,23.9,77,1,15.8,0,17
Grant Williams,grant williams,2026,27,FALSE,4,4,0.093240196,0.052304618,14.27,8,-6.27,0.606304976,0.220031624,0.570014518,27,729,19.75,0.3927,14.1,79,1,10.6,0,22
Corey Kispert,corey kispert,2026,26,FALSE,2,4,0.091339869,0.03501232,13.97,5.36,-8.61,-1.037445819,-0.326261546,-1.284536453,26,676,18.20512821,0.6561,19.6,78,1,11.6,0,15
Zaccharie Risacher,zaccharie risacher,2026,20,FALSE,3,3,0.090366275,0.06430592,13.83,9.84,-3.99,-1.317359903,-0.143875436,-0.531671763,20,400,22.43283582,0.8537,17.6,80,1,6.8,1,1
Scoot Henderson,scoot henderson,2026,21,FALSE,1,1,0.088794268,0.05542269,13.59,8.48,-5.11,-0.501440125,-0.278483924,-0.432204446,21,441,24.93333333,0.5756,25,75,1,22.8,0,3
Damian Lillard,damian lillard,2026,35,FALSE,2,3,0.087573856,0.045073923,13.4,6.9,-6.5,-0.233437278,,,35,1225,,,,74,1,,9,6
Dorian Finney-Smith,dorian finney-smith,2026,32,FALSE,2,4,0.087156863,0.019974416,13.33,3.06,-10.27,-0.620552501,-1.545889522,-1.396008446,32,1024,16.75675676,0.5488,10.7,79,1,7.1,0,75
Deni Avdija,deni avdija,2026,25,FALSE,3,4,0.085784314,0.22970697,13.12,35.15,22.03,0.594393738,1.163352765,0.704809882,25,625,33.31818182,0.8488,29.3,80,1,32.2,0,9
Steven Adams,steven adams,2026,32,FALSE,4,5,0.08496732,0.08041437,13,12.3,-0.7,0.874307823,-0.475720145,0.117266731,32,1024,22.8125,,12.1,83,1,8.3,0,12
Dylan Harper,dylan harper,2026,19,FALSE,2,3,0.084895686,0.09637911,12.99,14.75,1.76,0.963642105,0.590320277,0.988806221,19,361,22.57971014,0.8415,21.8,77,1,24.7,0,75
Donte DiVincenzo,donte divincenzo,2026,29,FALSE,4,4,0.081928105,0.1524505,12.54,23.32,10.78,0.868352204,0.104413822,0.655419214,29,841,30.41463415,0.9244,16.9,76,1,16.8,0,17
Moses Moody,moses moody,2026,23,FALSE,2,3,0.081699346,0.09888265,12.5,15.13,2.63,0.344257748,0.069930311,0.341925671,23,529,25.66666667,0.7976,18.3,77,1,9.2,0,14
Brandon Clarke,brandon clarke,2026,29,FALSE,4,4,0.081699346,0.04339322,12.5,6.64,-5.86,0.701594877,-0.291463448,0.200270492,29,841,10,0.261,22.4,80,1,7.1,1,21
Jarred Vanderbilt,jarred vanderbilt,2026,26,FALSE,3,4,0.08123249,0.044069238,12.43,6.74,-5.69,0.38594708,-0.337408697,-0.356746482,26,676,17.35384615,,12.4,80,1,9.6,0,41
Davion Mitchell,davion mitchell,2026,27,FALSE,2,2,0.081045752,0.072171986,12.4,11.04,-1.36,-0.096458045,-0.200836275,0.077479805,27,729,28.57142857,0.7634,13.6,72,1,29.1,0,9
Alex Sarr,alex sarr,2026,20,FALSE,3,3,0.080854118,0.09154361,12.37,14.01,1.64,,-0.215791299,-0.469933428,20,400,27.1875,0.6723,25.7,84,1,15.9,1,2
Amen Thompson,amen thompson,2026,23,FALSE,1,1,0.080121627,0.20700519,12.26,31.67,19.41,0.743284209,0.790190361,1.07592587,23,529,37.37974684,0.8854,20,79,1,20.4,3.5,4
Isaac Okoro,isaac okoro,2026,25,FALSE,4,4,0.077221007,0.045543063,11.81,6.97,-4.84,-0.72775364,-1.485402179,-0.842078389,25,625,26.9047619,0.7537,13.6,76,1,7.8,0.5,5
VJ Edgecombe,vj edgecombe,2026,20,FALSE,2,3,0.07623451,0.10390586,11.66,15.9,4.24,-0.27512661,-0.165298918,0.391659329,20,400,34.97333333,0.9146,20.1,76,1,17.4,0,75
Isaiah Joe,isaiah joe,2026,26,FALSE,3,4,0.074006575,0.06300571,11.32,9.64,-1.68,0.159633564,0.723609937,0.954507146,26,676,21.22535211,0.8939,18.4,76,1,8.6,0,49
Ausar Thompson,ausar thompson,2026,23,FALSE,1,1,0.072666176,0.12265995,11.12,18.77,7.65,0.511015075,1.536144401,1.655580234,23,529,25.97260274,0.8146,16.9,79,1,16.3,0,5
Reed Sheppard,reed sheppard,2026,21,FALSE,3,3,0.072607059,0.092777304,11.11,14.19,3.08,0.022654331,-0.378125437,1.063578204,21,441,26.18292683,0.8628,21.7,74,1,18.6,0,3
Aaron Nesmith,aaron nesmith,2026,26,FALSE,3,3,0.071895425,0.11118828,11,17.01,6.01,-0.042857476,-0.736319394,-0.991279364,26,676,29.66666667,0.6146,19.8,77,1,9.4,0,14
T.J. McConnell,t.j. mcconnell,2026,33,FALSE,6,8,0.071895425,0.033198167,11,5.08,-5.92,-0.269170991,0.425387835,1.024134268,33,1089,17.19642857,0.8037,23.2,73,1,50,0,75
Royce O'Neale,royce o'neale,2026,32,FALSE,7,8,0.071078431,0.041795213,10.87,6.39,-4.48,-0.733709259,-0.817725558,-0.265167952,32,1024,28.37179487,0.8695,14.3,78,1,12.8,0,75
Sam Hauser,sam hauser,2026,28,FALSE,2,4,0.070903366,0.07476723,10.85,11.44,0.59,0.18345604,0.593689601,0.380683625,28,784,24.79487179,0.928,14.5,79,1,7.9,0,75
Kon Knueppel,kon knueppel,2026,20,FALSE,2,3,0.068735686,0.120864704,10.52,18.49,7.97,0.02860995,0.53229184,0.902029561,20,400,31.49382716,0.9878,22.3,78,1,16.6,0,75
Derrick Jones Jr.,derrick jones jr.,2026,28,FALSE,3,3,0.06847183,0.071529396,10.48,10.94,0.46,0.773062303,-0.108059979,0.178319084,28,784,27,0.772,15.1,78,1,7.3,0,75
Luke Kornet,luke kornet,2026,30,FALSE,2,4,0.068300654,0.05420882,10.45,8.29,-2.16,0.266834703,0.568133558,0.495585526,30,900,21.02941176,0.8354,10.3,85,1,11.3,0,75
Anthony Black,anthony black,2026,22,FALSE,1,1,0.066054353,0.14268467,10.11,21.83,11.72,0.201322896,0.264260709,-0.022330503,22,484,29.84375,0.8439,22.2,79,1,18.5,0,6
A.J. Green,a.j. green,2026,26,FALSE,1,4,0.065651268,0.031971402,10.04,4.89,-5.15,-0.227481659,,,26,676,,,,76,1,,0,75
Stephon Castle,stephon castle,2026,21,FALSE,3,3,0.065463529,0.22540416,10.02,34.49,24.47,1.207822477,0.757480973,0.680457539,21,441,29.97058824,0.8887,24.9,78,1,34.5,3,4
Caleb Martin,caleb martin,2026,30,FALSE,3,4,0.065369235,0.019065551,10,2.92,-7.08,-1.073179532,-0.758326141,-0.944289632,30,900,14.75862069,0.6232,12.5,77,1,12.4,0,75
Buddy Hield,buddy hield,2026,33,FALSE,3,4,0.063127686,0.03143907,9.66,4.81,-4.85,-0.489528887,-0.442833699,-0.423972668,33,1089,17.45454545,0.6951,19.7,76,1,12.7,0,6
Ace Bailey,ace bailey,2026,19,FALSE,2,3,0.062242353,0.052458722,9.52,8.03,-1.49,-1.299493047,-1.553451418,-1.311975713,19,361,27.61111111,0.878,21.4,81,1,9.7,0,75
Jalen Smith,jalen smith,2026,25,FALSE,3,3,0.061624647,0.07849516,9.43,12.01,2.58,0.713506115,0.654010389,-0.050112753,25,625,20.66037736,0.7061,19,80,1,8.5,0,10
Naji Marshall,naji marshall,2026,28,FALSE,3,3,0.061624647,0.07237153,9.43,11.07,1.64,-0.82899916,-0.518235497,0.245545271,28,784,29.51351351,0.8646,20.5,78,1,16.4,0,75
Bilal Coulibaly,bilal coulibaly,2026,21,FALSE,1,1,0.060392235,0.06874542,9.24,10.52,1.28,-0.644374977,-1.010502852,-0.380412843,21,441,26.21428571,0.711,19.9,79,1,13.9,0,7
Ty Jerome,ty jerome,2026,28,FALSE,2,3,0.060261765,0.15453134,9.22,23.64,14.42,1.380535423,1.485391984,1.977991536,28,784,22.6,0.3524,32.7,77,1,44.9,0,24
Aaron Wiggins,aaron wiggins,2026,27,FALSE,3,5,0.060289542,0.047249258,9.22,7.23,-1.99,-0.304904704,-0.042845892,-0.163985682,27,729,21.75384615,0.8646,19.9,77,1,10.6,0,55
Brook Lopez,brook lopez,2026,37,FALSE,2,2,0.06004902,0.055595968,9.19,8.51,-0.68,-0.560996313,0.130050011,-0.666810117,37,1369,21.8,0.9427,17.2,85,1,8.5,5,10
Sam Merrill,sam merrill,2026,29,FALSE,2,4,0.059873954,0.065025195,9.16,9.95,0.79,0.046476807,0.69638022,0.57550237,29,841,26.48076923,0.7256,17,76,1,12.3,0,60
Tre Johnson,tre johnson,2026,19,FALSE,2,3,0.056533333,0.038346678,8.65,5.87,-2.78,-1.805720647,-2.345069805,-1.376800964,19,361,24.05,0.7317,22.5,77,1,12.4,0,75
Jarace Walker,jarace walker,2026,22,FALSE,1,1,0.055415307,0.060964152,8.48,9.33,0.85,-0.971934012,-1.127729911,-1.013230772,22,484,25.69736842,0.8183,20.7,79,1,14.3,0,8
Max Christie,max christie,2026,22,FALSE,3,4,0.054154993,0.060889117,8.29,9.32,1.03,-0.721798021,-1.181205902,-0.504232503,22,484,29.14285714,0.8012,16.5,77,1,9.3,0,35
Deandre Ayton,deandre ayton,2026,27,FALSE,2,2,0.05296732,0.06947083,8.1,10.63,2.53,0.111988614,-0.322537785,-0.188338025,27,729,27.19444444,0.7195,16.7,84,1,4.5,0,1
Tre Jones,tre jones,2026,26,FALSE,2,3,0.052287582,0.06087963,8,9.31,1.31,-0.138147377,0.366583681,0.734650077,26,676,26.95384615,0.65,19.2,73,1,29.2,0,41
Kevon Looney,kevon looney,2026,29,FALSE,5,5,0.052287582,0.026380014,8,4.04,-3.96,-0.156014233,-0.026453318,-1.06262144,29,841,14.66666667,0.5866,9.9,81,1,14,0,30
Tre Mann,tre mann,2026,24,FALSE,2,3,0.052287582,0.021234566,8,3.25,-4.75,-1.674697033,-0.778295423,-2.093651627,24,576,12.62264151,0.439,23.3,76,1,18.7,0,18
Jeremiah Fears,jeremiah fears,2026,19,FALSE,2,3,0.051609412,0.066641696,7.9,10.2,2.3,-0.459750793,-0.406410222,-0.930912993,19,361,25.75609756,1,25.5,75,1,19.9,0,75
Taylor Hendricks,taylor hendricks,2026,22,FALSE,1,1,0.051018954,0.051647287,7.81,7.9,0.09,-0.245348516,-1.149743754,0.067190082,22,484,24.07692308,0.2671,18.2,81,1,7.2,0,9
Payton Pritchard,payton pritchard,2026,28,FALSE,3,4,0.050770307,0.16837588,7.77,25.76,17.99,0.290657178,1.363393307,0.683887446,28,784,32.35443038,0.9744,21.4,73,1,23.5,2,26
Jaylin Williams,jaylin williams,2026,23,FALSE,2,3,0.050814693,0.046483215,7.77,7.11,-0.66,0.064343663,0.795139825,0.370393903,23,529,19.64615385,0.7366,15.6,81,1,16,0,34
Goga Bitadze,goga bitadze,2026,26,FALSE,3,3,0.049730039,0.059236597,7.61,9.06,1.45,0.618216214,1.248393668,0.756944475,26,676,15.1875,0.7976,13.5,83,1,12.5,0,18
Donovan Clingan,donovan clingan,2026,21,FALSE,3,3,0.049149804,0.14412309,7.52,22.05,14.53,0.558660025,1.903748131,0.664336973,21,441,27.19480519,0.8933,16.9,86,1,11.4,0.5,7
Zeke Nnaji,zeke nnaji,2026,25,FALSE,3,4,0.048801745,0.023577468,7.47,3.61,-3.86,-1.370960473,-1.10409133,-1.380573863,25,625,12.03846154,0.6671,13.7,82,1,5.9,0,22
Cason Wallace,cason wallace,2026,22,FALSE,1,1,0.048502,0.10596962,7.42,16.21,8.79,0.933864011,0.983858027,1.295096958,22,484,26.57142857,0.9183,14.5,75,1,12.7,0.5,10
Jett Howard,jett howard,2026,22,FALSE,1,1,0.047960386,0.025697941,7.34,3.93,-3.41,-1.418605423,-0.686621131,-1.070853218,22,484,12.63636364,0.5988,17.2,80,1,9.3,0,11
Dereck Lively II,dereck lively ii,2026,21,FALSE,1,1,0.047314582,0.0339373,7.24,5.19,-2.05,0.290657178,0.228970087,-0.261052063,21,441,16.42857143,0.3085,11.8,85,1,14.7,0.5,12
Kenrich Williams,kenrich williams,2026,31,FALSE,4,4,0.046816993,0.029573161,7.16,4.52,-2.64,-0.036901857,-0.173325883,-0.082696874,31,961,15.26785714,0.7622,18.3,79,1,12.7,0,75
Gradey Dick,gradey dick,2026,22,FALSE,1,1,0.046611183,0.034963436,7.13,5.35,-1.78,-1.138691339,-1.080804874,-0.385557704,22,484,14.03947368,0.8073,18.7,79,1,6.5,0,13
Clint Capela,clint capela,2026,31,FALSE,2,3,0.045980392,0.044050936,7.03,6.74,-0.29,0.546748788,0.179916007,0.323404171,31,961,12.34666667,0.8366,13.7,82,1,7.1,0,25
Jordan Hawkins,jordan hawkins,2026,23,FALSE,1,1,0.045894739,0.029029675,7.02,4.44,-2.58,-2.240480821,-1.773673683,-2.130694627,23,529,13.56862745,0.6793,18.2,77,1,8.2,0,14
Isaiah Jackson,isaiah jackson,2026,24,FALSE,2,3,0.045751634,0.02156455,7,3.3,-3.7,-0.084546807,0.310738335,-0.712084896,24,576,16.78947368,0.3939,16,80,1,7,0,22
Rob Dillingham,rob dillingham,2026,21,FALSE,3,3,0.045028235,0.034643646,6.89,5.3,-1.59,-1.674697033,-1.413893483,-1.843954362,21,441,21.46666667,0.4527,22.7,74,1,18.9,0,8
Collin Murray-Boyles,collin murray-boyles,2026,20,FALSE,2,3,0.043461176,0.054355722,6.65,8.32,1.67,0.487192599,0.522550527,0.576874333,20,400,21.85964912,0.6951,15.5,79,1,11.7,0,75
Keyonte George,keyonte george,2026,22,FALSE,1,1,0.042901471,0.17313686,6.56,26.49,19.93,-0.62650812,-0.644524154,-0.204115599,22,484,33.07407407,0.7573,27.9,76,1,28.4,0.5,16
Saddiq Bey,saddiq bey,2026,26,FALSE,3,3,0.042095935,0.13809557,6.44,21.13,14.69,-0.251304134,0.015546024,0.284646216,26,676,31.19444444,,21.6,80,1,11.9,1,19
Zach Edey,zach edey,2026,23,FALSE,3,3,0.041390588,0.06822899,6.33,10.44,4.11,0.02860995,0.104825744,0.6077435,23,529,25.81818182,0.3857,20.2,87,1,6.6,1,9
Khaman Maluach,khaman maluach,2026,19,FALSE,2,3,0.04128549,0.010756273,6.32,1.65,-4.67,-0.537173838,-0.104063575,-1.225542045,19,361,8.934782609,0.561,14.8,85,1,2,0,75
Ziaire Williams,ziaire williams,2026,24,FALSE,3,3,0.040849673,0.059435405,6.25,9.09,2.84,-0.471662031,-0.531835667,-0.199656719,24,576,22.875,0.6963,18.9,81,1,7.4,0,10
Day'Ron Sharpe,day'ron sharpe,2026,24,FALSE,2,2,0.040849673,0.05056817,6.25,7.74,1.49,0.761151065,0.271834546,0.573444425,24,576,18.70967742,,19.9,82,1,21.1,0,29
John Konchar,john konchar,2026,29,FALSE,3,3,0.040294118,0.044306315,6.16,6.78,0.62,-0.167925471,0.118682219,0.743224845,29,841,26.15384615,0.461,9.8,77,1,14.4,0,75
Cody Williams,cody williams,2026,21,FALSE,3,3,0.039317647,0.04017243,6.02,6.15,0.13,-1.775942553,-1.702926123,-1.320207491,21,441,24.34328358,0.7393,16,80,1,11.4,0,10
Cedric Coward,cedric coward,2026,22,FALSE,2,3,0.039222745,0.059930272,6,9.17,3.17,-0.138147377,-0.943861272,0.017799415,22,484,25.77419355,0.7561,21.5,77,1,16,0,75
Jake LaRavia,jake laravia,2026,24,FALSE,2,2,0.039215686,0.054508872,6,8.34,2.34,-0.388283367,-0.573051047,-0.060059485,24,576,25.13414634,0.7573,14.4,79,1,9.3,0,19
Jaden Hardy,jaden hardy,2026,23,FALSE,2,3,0.039215686,0.027195007,6,4.16,-1.84,-1.049357056,-1.134157174,-1.53526269,23,529,20.43478261,0.5268,25.4,75,1,9.5,0,37
Al Horford,al horford,2026,39,FALSE,2,2,0.039014706,0.033682298,5.97,5.15,-0.82,-0.662241833,0.681299132,-0.36051938,39,1521,21.53333333,0.6524,16.5,80,1,17,0,3
D'Angelo Russell,d'angelo russell,2026,29,FALSE,2,2,0.039014706,0.024837753,5.97,3.8,-2.17,-0.703931165,-0.311705315,-1.304086926,29,841,19.03846154,0.45,26,75,1,31.2,0,2
Jaime Jaquez Jr.,jaime jaquez jr.,2026,24,FALSE,1,1,0.038817915,0.12143642,5.94,18.58,12.64,-0.27512661,-0.477493425,0.109720935,24,576,28.28,0.8817,22.3,78,1,24,1,18
Nicolas Batum,nicolas batum,2026,37,FALSE,2,2,0.038442353,0.037332363,5.88,5.71,-0.17,-0.954067155,-0.833424063,-0.658235349,37,1369,17.5,0.8756,9.6,79,1,6.5,0,25
Matas Buzelis,matas buzelis,2026,21,FALSE,3,3,0.037355294,0.124764204,5.72,19.09,13.37,-0.47761765,-0.601952086,-0.381098825,21,441,29.19480519,0.9527,22.8,80,1,10.3,0.5,11
Noa Essengue,noa essengue,2026,19,FALSE,2,3,0.037262745,0.021029534,5.7,3.22,-2.48,-1.0314902,0.118997371,,19,361,,,,80,1,,0,75
Brandin Podziemski,brandin podziemski,2026,22,FALSE,1,1,0.037120647,0.13448097,5.68,20.58,14.9,0.344257748,0.240890007,0.298708837,22,484,28.45121951,0.9146,20.1,76,1,19.2,1,19
Kris Dunn,kris dunn,2026,31,FALSE,3,3,0.037155556,0.07779287,5.68,11.9,6.22,0.195367277,0.361454427,0.023973248,31,961,27.19512195,0.9317,12.4,75,1,17.9,0,5
Paul Reed,paul reed,2026,26,FALSE,2,2,0.036618882,0.0655349,5.6,10.03,4.43,0.915997155,1.456831619,1.844225145,26,676,13.86153846,0.761,20.6,81,1,13.3,0,58
Cam Whitmore,cam whitmore,2026,21,FALSE,1,1,0.035675229,0.026394127,5.46,4.04,-1.42,-0.739664878,-0.809997545,-1.172378479,21,441,16.85714286,0.4293,23.7,78,1,6.5,0,20
Derik Queen,derik queen,2026,21,FALSE,2,3,0.035399216,0.06508481,5.42,9.96,4.54,-0.292993466,-0.069469755,-0.763190517,21,441,24.97530864,0.9878,21.8,81,1,21.1,0,75
Noah Clowney,noah clowney,2026,21,FALSE,1,1,0.035385843,0.058450244,5.41,8.94,3.53,-0.864732873,-1.604823131,-0.777253138,21,441,26.96969697,0.6268,20.4,82,1,9.5,0,21
Kevin Porter Jr.,kevin porter jr.,2026,25,FALSE,2,2,0.035233333,0.1931241,5.39,29.55,24.16,0.278745941,0.498968656,0.857097774,25,625,33.18421053,,24.3,77,1,33.8,0,30
Marcus Smart,marcus smart,2026,31,FALSE,2,2,0.035233333,0.07142714,5.39,10.93,5.54,0.594393738,0.120734165,0.222907882,31,961,28.53225806,0.4963,15.4,75,1,13.6,11,6
Kris Murray,kris murray,2026,25,FALSE,1,1,0.034738588,0.061019167,5.32,9.34,4.02,0.254923465,-0.621072625,-0.290206277,25,625,23.38596491,0.7512,10.6,80,1,8.1,0,23
Marcus Sasser,marcus sasser,2026,25,FALSE,1,1,0.033980281,0.020340675,5.2,3.11,-2.09,-0.757531734,-0.948113406,-0.42465865,25,625,12.02631579,0.6134,19.6,73,1,21.9,0,25
Devin Carter,devin carter,2026,23,FALSE,3,3,0.033712941,0.025219988,5.16,3.86,-1.3,-0.144102996,0.176190137,-0.972757864,23,529,18.42105263,0.4543,23.5,74,1,20.9,0,13
Carter Bryant,carter bryant,2026,20,FALSE,2,3,0.033629804,0.018994011,5.15,2.91,-2.24,-1.085090769,-0.431495104,-0.990593383,20,400,11.52112676,0.8659,16.3,78,1,7.5,0,75
Ben Sheppard,ben sheppard,2026,24,FALSE,1,1,0.032886725,0.03738002,5.03,5.72,0.69,-0.823043541,-0.946120855,-0.819441,24,576,21.38461538,0.7659,13.8,78,1,11.3,0,26
Bub Carrington,bub carrington,2026,20,FALSE,3,3,0.032029804,0.090102464,4.9,13.79,8.89,,-2.864104682,-1.956112337,20,400,27.69512195,1,18,76,1,23,0.5,14
Thomas Sorber,thomas sorber,2026,20,FALSE,2,3,0.031945882,0.025410686,4.89,3.89,-1,-0.638419358,,,20,400,,,,,1,,0,75
Brice Sensabaugh,brice sensabaugh,2026,22,FALSE,1,1,0.031779327,0.08048096,4.86,12.31,7.45,-0.292993466,-1.154033616,-0.907589622,22,484,23.49333333,0.7951,24.9,78,1,12.4,0,28
Julian Strawther,julian strawther,2026,23,FALSE,1,1,0.031548569,0.0290711,4.83,4.45,-0.38,-0.900466586,-0.755302549,-0.456213798,23,529,15.10526316,0.7073,19.4,78,1,9.8,0,29
Kobe Brown,kobe brown,2026,26,FALSE,1,1,0.031320647,0.04156812,4.79,6.36,1.57,-0.572907551,-1.362175576,-0.755644721,26,676,24.74074074,0.4183,15.2,79,1,11.2,0,30
Kel'el Ware,kel'el ware,2026,21,FALSE,3,3,0.030424314,0.08054647,4.65,12.32,7.67,-0.019035,0.733482912,0.292192013,21,441,22.12987013,0.8796,18,84,1,4.6,0.5,15
Yang Hansen,yang hansen,2026,20,FALSE,2,3,0.030349804,0.011526951,4.64,1.76,-2.88,-1.680652652,-1.411366889,-4.014399812,20,400,6.976744186,0.5244,19.9,85,1,9.8,0,75
Gui Santos,gui santos,2026,23,FALSE,1,3,0.03025902,0.05478161,4.63,8.38,3.75,0.362124604,0.118399773,0.075078869,23,529,20.51470588,0.6756,18.7,79,1,16.7,0,55
Jose Alvarado,jose alvarado,2026,27,FALSE,2,2,0.029411765,0.035259675,4.5,5.39,0.89,0.171544802,-0.168971244,-0.703510127,27,729,21.85365854,0.5915,15.7,72,1,19.3,0,75
Jared McCain,jared mccain,2026,21,FALSE,3,3,0.028905882,0.02127437,4.42,3.25,-1.17,-0.882599729,-1.079811436,-0.655491423,21,441,16.75675676,0.3872,18.5,75,1,13.9,0,16
Joan Beringer,joan beringer,2026,19,FALSE,2,3,0.028831373,0.014247758,4.41,2.18,-2.23,0.165589183,0.180189144,0.808393087,19,361,7.85,0.4878,16.8,83,1,5.6,0,75
Dalton Knecht,dalton knecht,2026,24,FALSE,3,3,0.027458039,0.027193781,4.2,4.16,-0.04,-0.692019927,-1.54253989,-1.732139379,24,576,10.24074074,0.7683,17.7,78,1,5.3,0,17
Ryan Rollins,ryan rollins,2026,23,FALSE,2,3,0.026143791,0.11969128,4,18.31,14.31,0.701594877,-0.630134476,0.29082005,23,529,32.10810811,0.6805,24.2,75,1,27.1,0,44
Nolan Traoré,nolan traore,2026,19,FALSE,2,3,0.026156863,0.027508266,4,4.21,0.21,-1.412649805,-1.861253788,-1.985609541,19,361,22.19642857,0.6829,22.8,75,1,27.2,0,75
Daniss Jenkins,daniss jenkins,2026,24,FALSE,2,2,0.026143791,0.014203732,4,2.17,-1.83,-0.977889631,0.194414903,-0.190395969,24,576,20.20833333,0.5808,21.5,76,1,25.8,0,75
Tristan Da Silva,tristan da silva,2026,24,FALSE,3,3,0.026086275,0.06906348,3.99,10.57,6.58,-0.560996313,-0.268764675,0.021572313,24,576,24.66233766,0.9253,16.2,80,1,9.3,0,18
Miles McBride,miles mcbride,2026,25,FALSE,3,3,0.025859627,0.08220447,3.96,12.58,8.62,0.719461734,0.457463412,0.8005043,25,625,26.34146341,0.65,18.2,74,1,13.5,0,36
Gary Trent Jr.,gary trent jr.,2026,27,FALSE,2,2,0.025372288,0.034240592,3.88,5.24,1.36,-1.28162619,-1.948217977,,27,729,,,,77,1,,0,37
Svi Mykhailiuk,svi mykhailiuk,2026,28,FALSE,3,4,0.025163399,0.035733026,3.85,5.47,1.62,-0.346594036,-1.294310132,-0.666124136,28,784,23.12,0.5439,14.8,79,1,11,0,47
Kasparas Jakučionis,kasparas jakucionis,2026,19,FALSE,2,3,0.02510902,0.02388926,3.84,3.66,-0.18,0.111988614,-0.159204218,-0.421228742,19,361,17.83018868,0.6463,13.7,77,1,18.1,0,75
Taurean Prince,taurean prince,2026,31,FALSE,1,1,0.024940268,0.034091398,3.82,5.22,1.4,-0.733709259,-1.156008689,-0.710026951,31,961,23.5,0.6415,16.2,78,1,10.7,0,12
Gary Harris,gary harris,2026,31,FALSE,2,2,0.024940268,0.024047397,3.82,3.68,-0.14,-0.47761765,-1.45158583,-1.006027967,31,961,13.77083333,0.6,8.5,76,1,9.9,0,19
Pat Connaughton,pat connaughton,2026,33,FALSE,1,1,0.024940268,0.017648173,3.82,2.7,-1.12,-1.245892478,-0.268930676,-0.256250193,33,1089,7.071428571,0.5915,14.9,77,1,8.4,0,41
Ja'Kobe Walter,ja'kobe walter,2026,21,FALSE,3,3,0.024913725,0.058961026,3.81,9.02,5.21,0.046476807,-0.143863053,0.261322845,21,441,20.47222222,0.7866,14,76,1,7.7,0,19
Cole Anthony,cole anthony,2026,25,FALSE,1,2,0.024183007,0.023517689,3.7,3.6,-0.1,-0.918333442,-1.045742081,-1.860074928,25,625,15.05714286,0.6561,25.8,74,1,34.8,0,15
Will Riley,will riley,2026,19,FALSE,2,3,0.024106667,0.035119325,3.69,5.37,1.68,-1.180380671,-2.258405876,-1.263957009,19,361,22.06756757,0.9024,20.2,81,1,12.7,0,75
Jaylon Tyson,jaylon tyson,2026,23,FALSE,3,3,0.023912157,0.06449762,3.66,9.87,6.21,-0.894510967,0.443145009,0.272984531,23,529,26.92424242,0.718,19.3,78,1,11.6,0,20
Drake Powell,drake powell,2026,20,FALSE,2,3,0.023141176,0.022508355,3.54,3.44,-0.1,-1.954611117,-2.551846756,-1.7647235,20,400,20.95238095,0.7683,14.9,77,1,10.3,0,75
Yves Missi,yves missi,2026,21,FALSE,3,3,0.022959216,0.049302083,3.51,7.54,4.03,-0.537173838,-0.02911604,-0.815325111,21,441,19.65151515,0.8369,12.6,83,1,8.6,0.5,21
De'Anthony Melton,de'anthony melton,2026,27,FALSE,2,2,0.022560647,0.062347908,3.45,9.54,6.09,0.374035842,0.350956434,-0.093329588,27,729,22.95918367,0.4134,25.4,74,1,16.9,0,46
Dominick Barlow,dominick barlow,2026,22,FALSE,2,2,0.022320261,0.043776125,3.41,6.7,3.29,-0.138147377,-0.474077975,0.001335859,22,484,23.78873239,0.6415,12.8,81,1,7,0,75
Asa Newell,asa newell,2026,20,FALSE,2,3,0.022218824,0.012548518,3.4,1.92,-1.48,-0.32277156,-0.57954321,-0.579690467,20,400,11.36363636,0.5366,17.1,82,1,7.2,0,75
Nique Clifford,nique clifford,2026,23,FALSE,2,3,0.021329412,0.032048248,3.26,4.9,1.64,-1.067223913,-0.750111275,-0.971385901,23,529,25.09333333,0.9146,17,77,1,13,0,75
AJ Johnson,aj johnson,2026,21,FALSE,3,3,0.021157647,0.020169169,3.24,3.09,-0.15,-1.918877404,-0.603928115,-2.262060084,21,441,10.43478261,0.2759,20.5,77,1,14.1,0,23
Jase Richardson,jase richardson,2026,20,FALSE,2,3,0.020472941,0.011123384,3.13,1.7,-1.43,-1.079135151,-0.933965245,-0.449010993,20,400,10.87037037,0.6585,16.8,73,1,14.2,0,75
Kyshawn George,kyshawn george,2026,22,FALSE,3,3,0.020313725,0.09675199,3.11,14.8,11.69,-0.632463739,-0.685648998,-0.759074628,22,484,28.97916667,0.6768,22.8,80,1,22.4,0,24
Ben Saraf,ben saraf,2026,19,FALSE,2,3,0.01979451,0.018241944,3.03,2.79,-0.24,-1.996300449,-1.863086931,-1.710873952,19,361,20.81818182,0.5366,21,78,1,24.5,0,75
Haywood Highsmith,haywood highsmith,2026,29,FALSE,1,1,0.019726523,0.018863536,3.02,2.89,-0.13,-0.108369283,-0.197734123,1.346202579,29,841,13,0.4744,12.2,77,1,10.7,0,75
Julian Champagnie,julian champagnie,2026,24,FALSE,4,4,0.019607843,0.09058746,3,13.86,10.86,1.106576957,0.809063849,0.684916418,24,576,27.63414634,0.9805,15.2,79,1,7.3,0,75
Kyle Filipowski,kyle filipowski,2026,22,FALSE,3,4,0.019607843,0.079300866,3,12.13,9.13,0.28470156,-0.326804327,-0.533729707,22,484,23.38961039,0.9162,20,83,1,15.7,0,32
Danny Wolf,danny wolf,2026,21,FALSE,2,3,0.019225098,0.024330929,2.94,3.72,0.78,-0.787309828,-0.542698748,-0.940516734,21,441,20.8245614,0.6951,20.6,83,1,17.1,0,75
Hugo González,hugo gonzalez,2026,19,FALSE,2,3,0.019108235,0.024745097,2.92,3.79,0.87,-0.429972699,0.060563811,0.022944276,19,361,14.64864865,0.9024,11.8,78,1,4.8,0,75
Liam McNeeley,liam mcneeley,2026,20,FALSE,2,3,0.018967843,0.008192594,2.9,1.25,-1.65,-0.924289061,-0.041894894,-0.893184011,20,400,11.87096774,0.378,14.4,79,1,8.7,0,75
Ajay Mitchell,ajay mitchell,2026,23,FALSE,3,4,0.018627451,0.086259626,2.85,13.2,10.35,0.576526882,1.138765161,1.444983915,23,529,25.84210526,0.5991,21.8,76,1,20.1,0,38
Sandro Mamukelashvili,sandro mamukelashvili,2026,26,FALSE,2,2,0.018309451,0.073434226,2.8,11.24,8.44,0.874307823,1.018450751,0.67668464,26,676,21.8875,0.8232,18.8,81,1,12.4,0,54
Luka Garza,luka garza,2026,27,FALSE,3,3,0.018309451,0.03840849,2.8,5.88,3.08,0.552704407,0.516601735,0.495242535,27,729,16.20289855,,17.7,82,1,8.5,0,52
Jericho Sims,jericho sims,2026,27,FALSE,2,2,0.018309451,0.02480498,2.8,3.8,1,-1.168469433,-1.704831825,-1.402868261,27,729,19.67164179,0.661,9.8,82,1,10.7,0,58
Micah Potter,micah potter,2026,27,FALSE,1,1,0.018309451,0.02381757,2.8,3.64,0.84,-0.179836709,0.041105877,-0.247332433,27,729,19.31914894,0.532,18,81,1,11.2,0,75
Terrence Shannon Jr.,terrence shannon jr.,2026,25,FALSE,3,3,0.018311373,0.019263238,2.8,2.95,0.15,-1.073179532,-0.882311414,-1.060563495,25,625,12.51162791,0.4741,17.7,78,1,9.5,0,27
Trendon Watford,trendon watford,2026,25,FALSE,3,3,0.018309451,0.014981411,2.8,2.29,-0.51,-0.936200299,-1.109123439,-1.144596228,25,625,16.30188679,0.6378,17.9,80,1,21.8,0,75
Ryan Dunn,ryan dunn,2026,23,FALSE,3,3,0.018197647,0.04456154,2.78,6.82,4.04,-0.132191758,0.117572421,-0.097788467,23,529,19.35714286,0.872,13.7,79,1,10.3,0,28
Isaiah Collier,isaiah collier,2026,21,FALSE,3,3,0.018065098,0.051765688,2.76,7.92,5.16,-1.037445819,-0.811582141,-0.832131658,21,441,25.71186441,0.7744,20.4,76,1,39.2,0,29
Baylor Scheierman,baylor scheierman,2026,25,FALSE,3,3,0.017934902,0.032523837,2.74,4.98,2.24,-0.406150224,0.154750465,0.237313493,25,625,18.55844156,0.7287,11.9,78,1,10.5,0,30
Neemias Queta,neemias queta,2026,26,FALSE,3,3,0.017437542,0.11270268,2.67,17.24,14.57,0.618216214,1.949369812,1.41068484,26,676,25.34210526,0.7585,14.7,84,1,9.3,0,39
Justin Champagnie,justin champagnie,2026,24,FALSE,2,3,0.017437542,0.060503174,2.67,9.26,6.59,0.43359203,-0.398743258,0.069591017,24,576,19.95652174,0.6841,16.7,78,1,8.7,0,75
Jay Huff,jay huff,2026,27,FALSE,3,4,0.017437542,0.043640945,2.67,6.68,4.01,-0.036901857,0.079569584,-0.529956809,27,729,20.96341463,0.7829,18,85,1,10.4,0,75
Josh Minott,josh minott,2026,23,FALSE,2,2,0.016892412,0.024255117,2.58,3.71,1.13,0.707550496,0.016683611,0.8598417,23,529,15.93939394,0.4476,13.8,80,1,8.4,0,45
Bryce McGowens,bryce mcgowens,2026,23,FALSE,1,2,0.016892412,0.020771759,2.58,3.18,0.6,-0.888555348,-0.639374096,-0.216463266,23,529,20.95238095,0.4159,14,78,1,9.5,0,40
Jabari Walker,jabari walker,2026,23,FALSE,1,1,0.016892412,0.015947465,2.58,2.44,-0.14,-0.406150224,-0.496677268,-0.586893273,23,529,11.90625,0.7854,15,79,1,6.1,0,57
Dru Smith,dru smith,2026,28,FALSE,2,3,0.016892412,0.013224457,2.58,2.02,-0.56,-0.352549654,0.582093045,1.056375398,28,784,16.3,0.5024,15.2,74,1,20,0,75
Jordan Miller,jordan miller,2026,26,FALSE,1,1,0.016325569,0.04050415,2.5,6.2,3.7,-0.042857476,-0.092820225,0.144363,26,676,22.08333333,0.5207,18,77,1,15.1,0,48
Sidy Cissoko,sidy cissoko,2026,21,FALSE,1,1,0.016325569,0.020460112,2.5,3.13,0.63,0.046476807,-0.719085654,-0.991965346,21,441,19.13333333,0.5049,12.5,78,1,10.2,0,44
Scotty Pippen Jr.,scotty pippen jr.,2026,25,FALSE,3,4,0.016087987,0.026790366,2.46,4.1,1.64,0.08221052,-0.386983977,-0.113223051,25,625,21.2,0.4012,26.1,74,1,33.8,0,75
Ryan Kalkbrenner,ryan kalkbrenner,2026,24,FALSE,2,4,0.015758758,0.0573887,2.41,8.78,6.37,0.397858317,0.059274468,0.205415353,24,576,21.43478261,0.8415,11.6,85,1,5.2,0,75
Leonard Miller,leonard miller,2026,22,FALSE,2,2,0.01572683,0.047078308,2.41,7.2,4.79,-0.555040694,-0.365513113,0.115894768,22,484,23.11111111,0.2537,18.3,82,1,8.3,0,33
Mouhamed Gueye,mouhamed gueye,2026,23,FALSE,2,2,0.01572683,0.034323547,2.41,5.25,2.84,0.624171832,0.312302674,-0.01204078,23,529,15.31168831,,12.4,83,1,7.4,0,39
Cam Spencer,cam spencer,2026,25,FALSE,2,4,0.015758758,0.032874014,2.41,5.03,2.62,-0.334682798,-0.297717357,0.700693993,25,625,23.80555556,0.6631,17.2,75,1,33.1,0,53
Jordan Walsh,jordan walsh,2026,21,FALSE,2,2,0.01572683,0.031715658,2.41,4.85,2.44,0.350213367,0.05695525,0.405035968,21,441,17.82352941,0.6268,11.7,78,1,5.8,0,38
Sion James,sion james,2026,23,FALSE,2,4,0.015758758,0.029118346,2.41,4.46,2.05,-0.888555348,0.061959696,-0.23189785,23,529,22.47560976,1,11,77,1,11.4,0,75
Craig Porter Jr.,craig porter jr.,2026,25,FALSE,2,2,0.01572683,0.020046227,2.41,3.07,0.66,,1.070803758,0.085368592,25,625,17.9375,0.7012,12.3,73,1,22.4,0,75
Andre Jackson Jr.,andre jackson jr.,2026,24,FALSE,2,2,0.01572683,0.018146696,2.41,2.78,0.37,-0.924289061,-0.456974793,-1.841210437,24,576,8.5,0.6768,17.8,78,1,14,0,36
Julian Phillips,julian phillips,2026,22,FALSE,2,2,0.01572683,0.015388575,2.41,2.35,-0.06,-0.566951932,-0.990260494,-0.706254053,22,484,9.542857143,0.6,12.5,78,1,2.7,0,35
Justin Edwards,justin edwards,2026,22,FALSE,1,2,0.015758758,0.01512944,2.41,2.31,-0.1,-0.751576115,-0.666461018,-0.195883821,22,484,15.265625,0.689,16.1,79,1,11.5,0,75
Jalen Pickett,jalen pickett,2026,26,FALSE,2,2,0.01572683,0.014117338,2.41,2.16,-0.25,-1.430516661,-1.353200456,-0.949777484,26,676,16.14,0.55,14.8,74,1,18.4,0,32
Trayce Jackson-Davis,trayce jackson-davis,2026,25,FALSE,2,2,0.01572683,0.012715033,2.41,1.95,-0.46,-0.823043541,-0.016751397,-0.659264321,25,625,11.41666667,0.6122,14.8,81,1,11.1,0,57
Nae'Qwan Tomlin,nae'qwan tomlin,2026,25,FALSE,1,1,0.015758758,0.012351643,2.41,1.89,-0.52,-0.418061461,-0.047929994,-0.033306207,25,625,15.6875,0.5107,15.5,80,1,7,0,75
Jaylen Wells,jaylen wells,2026,22,FALSE,1,2,0.015008307,0.06921402,2.3,10.59,8.29,-0.537173838,-1.118103999,-0.540932513,22,484,26.39130435,0.8872,19.3,79,1,8.8,1,39
Oso Ighodaro,oso ighodaro,2026,23,FALSE,1,2,0.015008307,0.065770395,2.3,10.06,7.76,0.379991461,0.227969884,0.494213563,23,529,22.04878049,0.904,12.2,83,1,14.2,0,40
Pelle Larsson,pelle larsson,2026,24,FALSE,1,1,0.015008307,0.056503907,2.3,8.65,6.35,-0.400194605,-0.026988354,0.0479826,24,576,26.41428571,0.7851,16.8,77,1,16.8,0,44
Jamal Shead,jamal shead,2026,23,FALSE,1,1,0.015008307,0.046497215,2.3,7.11,4.81,-0.281082228,0.130825151,-0.197941766,23,529,22.58536585,0.968,15.5,73,1,30.6,0,45
Adem Bona,adem bona,2026,22,FALSE,1,2,0.015008307,0.022427047,2.3,3.43,1.13,-0.251304134,-0.452452454,-0.968984966,22,484,17.38028169,0.8064,11.1,82,1,3.4,0,41
Jonathan Mogbo,jonathan mogbo,2026,24,FALSE,1,1,0.015008307,0.016932536,2.3,2.59,0.29,-0.572907551,-0.722387446,-0.570772708,24,576,6.225,0.593,11.1,81,1,12.9,0,31
Johnny Furphy,johnny furphy,2026,21,FALSE,1,2,0.015008307,0.016822863,2.3,2.57,0.27,-0.412105843,-0.505810626,-0.817040065,21,441,18.37142857,0.4954,12.8,80,1,8.6,0,35
Jamison Battle,jamison battle,2026,24,FALSE,1,1,0.015008307,0.013492531,2.3,2.06,-0.24,-1.23398124,-1.581791351,-0.88392326,24,576,8.475409836,0.7348,14.1,79,1,6.3,0,75
Tyler Kolek,tyler kolek,2026,24,FALSE,3,4,0.015008307,0.013340466,2.3,2.04,-0.26,-0.543129457,-0.28581663,-0.470276419,24,576,11.72580645,0.6601,18.4,74,1,31.7,0,34
Cam Christie,cam christie,2026,20,FALSE,1,2,0.015008307,0.010084241,2.3,1.54,-0.76,-1.501984087,-0.616996978,-1.311632722,20,400,8.727272727,0.4787,16.9,77,1,8.9,0,46
Bronny James,bronny james,2026,21,FALSE,1,2,0.015008307,0.007220502,2.3,1.1,-1.2,-1.341182379,-1.295949186,-1.08114294,21,441,8.928571429,0.4436,16.7,74,1,18.1,0,55
Maxime Raynaud,maxime raynaud,2026,22,FALSE,1,1,0.014058281,0.0449026,2.15,6.87,4.72,-1.007667725,-1.166326732,-1.04890181,22,484,26.54054054,0.9024,18.2,85,1,7.6,0,75
Kobe Sanders,kobe sanders,2026,23,FALSE,1,1,0.014058281,0.028740913,2.15,4.4,2.25,-0.638419358,-0.743648652,-0.581405421,23,529,19.86764706,0.8293,16.3,80,1,11.4,0,75
Will Richard,will richard,2026,23,FALSE,1,1,0.014058281,0.02793291,2.15,4.27,2.12,-0.334682798,-0.388587381,-0.100189403,23,529,19.95652174,0.8415,13,75,1,9.3,0,75
Johni Broome,johni broome,2026,23,FALSE,1,1,0.014058281,0.021110937,2.15,3.23,1.08,-1.644918939,-0.243665423,,23,529,,,,82,1,,0,75
Micah Peavy,micah peavy,2026,24,FALSE,1,1,0.014058281,0.01608686,2.15,2.46,0.31,-0.686064308,-0.74758868,-0.850653158,24,576,14.96721311,0.7439,14,79,1,8.8,0,75
Noah Penda,noah penda,2026,21,FALSE,1,1,0.014058281,0.014531594,2.15,2.22,0.07,-0.501440125,-0.24570666,-0.802977444,21,441,12.83050847,0.7195,14.8,79,1,12.5,0,75
Rasheer Fleming,rasheer fleming,2026,21,FALSE,1,1,0.014058281,0.01311074,2.15,2.01,-0.14,-0.906422205,-0.681432973,-0.594096079,21,441,12.23636364,0.6707,16.3,81,1,3.3,0,75
Tyrese Proctor,tyrese proctor,2026,21,FALSE,1,1,0.014058281,0.012551663,2.15,1.92,-0.23,-0.82899916,-0.065164734,-0.861285871,21,441,10.9,0.6098,22,76,1,18.6,0,75
Amari Williams,amari williams,2026,24,FALSE,1,1,0.014058281,0.009111987,2.15,1.39,-0.76,-1.650874557,-0.571042884,-1.796278649,24,576,6.636363636,0.2683,11.1,83,1,8.5,0,75
Myron Gardner,myron gardner,2026,24,FALSE,1,1,0.014058281,0.009034973,2.15,1.38,-0.77,-0.42401708,0.443146145,0.639298649,24,576,9.133333333,0.5488,15,77,1,14,0,75
Adou Thiero,adou thiero,2026,21,FALSE,1,1,0.014058281,0.008564703,2.15,1.31,-0.84,-1.043401438,-0.34041372,-1.301000009,21,441,5.96,0.3049,14.6,79,1,8.7,0,75
Chaz Lanier,chaz lanier,2026,24,FALSE,1,1,0.014058281,0.006875102,2.15,1.05,-1.1,-1.764031315,-1.183406328,-1.520514088,24,576,7.705882353,0.4146,15,75,1,8.2,0,75
Olivier-Maxence Prosper,olivier-maxence prosper,2026,23,FALSE,2,3,0.006551373,0.040508002,1,6.2,5.2,-0.030946238,-1.042579657,-0.046339855,23,529,18.56603774,0.611,18.9,79,1,7.8,0,24
E.J. Liddell,e.j. liddell,2026,25,FALSE,3,3,0.004620248,0.013571648,0.71,2.08,1.37,-0.555040694,-0.655956993,-0.721345646,25,625,13.42307692,0.222,17.2,78,1,11,0,41
LeBron James,lebron james,2026,41,TRUE,,,,0.30617404,,46.84,,2.127558077,2.658061884,1.494524614,41,1681,33.15,0.7317,27.2,81,1,34.1,21,1
Jalen Duren,jalen duren,2026,22,TRUE,,,,0.22527696,,34.47,,2.491216489,3.907889403,2.113822987,22,484,28.22857143,0.8537,23.6,82,1,11,0.5,13
Tobias Harris,tobias harris,2026,33,TRUE,,,,0.19126055,,29.26,,1.56554053,1.833909292,1.282542021,33,1089,27.71428571,0.7683,18.8,80,1,12.5,0,19
Walker Kessler,walker kessler,2026,24,TRUE,,,,0.188556,,28.85,,1.573805494,0.27180084,1.322084356,24,576,30.8,0.061,16.5,86,1,13.7,1,22
Norman Powell,norman powell,2026,32,TRUE,,,,0.18674481,,28.57,,1.466360963,1.127645578,1.130318897,32,1024,29.60344828,0.7073,27.2,75,1,12.5,0,46
Trae Young,trae young,2026,27,TRUE,,,,0.17681146,,27.05,,1.532480675,1.490602119,0.849954823,27,729,28,0.122,28.8,74,1,45.1,2,5
Collin Gillespie,collin gillespie,2026,26,TRUE,,,,0.1765551,,27.01,,1.60686535,2.001527392,1.064613212,26,676,28.525,0.9756,18.7,73,1,23.3,0,75
Coby White,coby white,2026,25,TRUE,,,,0.17225069,,26.35,,1.22667701,0.595660368,0.460774999,25,625,29.06896552,0.3537,27.1,76,1,23.9,0.5,7
Jordan Goodwin,jordan goodwin,2026,27,TRUE,,,,0.15934886,,24.38,,1.540745639,2.065941773,1.094938913,27,729,22.45714286,0.8537,17.5,75,1,13.6,0,75
Mitchell Robinson,mitchell robinson,2026,27,TRUE,,,,0.15932551,,24.38,,3.40036252,2.909025277,1.709777625,27,729,19.58333333,0.7317,10.7,84,1,5.8,0,36
Tari Eason,tari eason,2026,24,TRUE,,,,0.1533232,,23.46,,1.573805494,0.523877944,0.844603228,24,576,25.81666667,0.7317,18.7,80,1,8,0.5,17
Kelly Oubre Jr.,kelly oubre jr.,2026,30,TRUE,,,,0.13980533,,21.39,,0.871283561,-1.26029745,0.486046417,30,900,31.48,0.6098,18.2,80,1,7.3,0,15
Peyton Watson,peyton watson,2026,23,TRUE,,,,0.13839413,,21.17,,0.375385726,-0.715408959,0.695947834,23,529,29.59259259,0.6585,20.6,80,1,9.7,0,30
John Collins,john collins,2026,28,TRUE,,,,0.13477062,,20.62,,1.317591613,0.887042457,0.753031505,28,784,27.13043478,0.8415,19.5,81,1,5.8,0,19
Bennedict Mathurin,bennedict mathurin,2026,23,TRUE,,,,0.13127905,,20.09,,-0.327136207,0.78372614,-0.332747497,23,529,31.82142857,0.3415,23.2,77,1,10.5,1,6
Quentin Grimes,quentin grimes,2026,25,TRUE,,,,0.1306128,,19.98,,0.044787169,-0.487193305,0.461666932,25,625,29.41333333,0.9146,19,76,1,15.7,0,25
Matisse Thybulle,matisse thybulle,2026,28,TRUE,,,,0.13047716,,19.96,,1.689514989,1.752002311,2.675740379,28,784,16,0.3659,14.7,77,1,7.7,4,20
Harrison Barnes,harrison barnes,2026,33,TRUE,,,,0.12832159,,19.63,,1.449831035,0.384815134,0.761653518,33,1089,25.79220779,0.939,14.6,79,1,9.7,0,7
Brandon Williams,brandon williams,2026,26,TRUE,,,,0.11890354,,18.19,,0.99525802,1.486294863,0.487830281,26,676,22.16666667,0.8049,25.1,78,1,26.3,0,75
Brandon Williams,brandon williams,2026,26,TRUE,,,,0.111243635,,17.02,,0.99525802,1.486294863,0.487830281,26,676,22.16666667,0.8049,25.1,73,1,26.3,0,75
Landry Shamet,landry shamet,2026,28,TRUE,,,,0.111077525,,16.99,,1.474625927,1.119574729,0.748274533,28,784,22.96078431,0.622,15.7,77,1,8.2,0,26
Dean Wade,dean wade,2026,29,TRUE,,,,0.10862436,,16.62,,1.540745639,1.143325742,0.712597238,29,841,22.33898305,0.7195,9.9,81,1,8.3,0,75
Lonzo Ball,lonzo ball,2026,28,TRUE,,,,0.10796234,,16.52,,1.201882118,0.872547079,0.03145822,28,784,20.8,0.4268,13.7,77,1,22.6,0,2
Tristan Vukcevic,tristan vukcevic,2026,22,TRUE,,,,0.105568185,,16.15,,1.706044917,0.23191991,-0.388939236,22,484,13.69387755,0.5976,26.6,84,1,12.8,0,75
Dariq Whitehead,dariq whitehead,2026,21,TRUE,,,,0.1041368,,15.93,,-1.104042815,-0.903793614,-1.288304373,21,441,30.5,0.0732,24.1,78,1,7.5,0,22
Javonte Green,javonte green,2026,32,TRUE,,,,0.10357187,,15.85,,1.482890891,1.446885131,1.615232794,32,1024,17.63414634,1,14.8,77,1,5,0,75
Precious Achiuwa,precious achiuwa,2026,26,TRUE,,,,0.102396905,,15.67,,0.648129535,0.312254572,0.199141505,26,676,23.90410959,0.8902,17.6,80,1,8.5,0,20
Gary Payton II,gary payton ii,2026,33,TRUE,,,,0.090360075,,13.83,,0.99525802,2.02337896,1.435954388,33,1089,15.64383562,0.8902,18.4,74,1,16.9,0,75
Keon Ellis,keon ellis,2026,26,TRUE,,,,0.08573136,,13.12,,1.60686535,0.815387213,-0.08538492,26,676,17.62790698,0.5244,13.7,76,1,4.6,0,75
Kevin Huerter,kevin huerter,2026,27,TRUE,,,,0.08534014,,13.06,,0.863018597,0.501202427,0.46850508,27,729,23.56818182,0.5366,19.2,78,1,15.9,0,19
Rui Hachimura,rui hachimura,2026,27,TRUE,,,,0.08516253,,13.03,,0.1522317,-1.421448035,0.275847689,27,729,28.33823529,0.8293,15.2,80,1,4.1,0.5,9
Anfernee Simons,anfernee simons,2026,26,TRUE,,,,0.08333734,,12.75,,-0.112247145,0.908572496,0.926066385,26,676,24.53061224,0.5976,23.7,75,1,14.5,0,24
Ayo Dosunmu,ayo dosunmu,2026,26,TRUE,,,,0.08053065,,12.32,,0.557214932,-0.396349624,1.081262617,26,676,26.37777778,0.5488,20.8,76,1,20.6,0.5,38
Dwight Powell,dwight powell,2026,34,TRUE,,,,0.07987395,,12.22,,1.730839809,-0.09279401,0.191411424,34,1156,14.34920635,0.7683,8.9,82,1,9.5,0,45
Jaxson Hayes,jaxson hayes,2026,25,TRUE,,,,0.072283216,,11.06,,1.102702551,1.121091345,0.777708301,25,625,18.28787879,0.8049,13,84,1,6.9,0,8
Mark Williams,mark williams,2026,24,TRUE,,,,0.0690593,,10.57,,0.210086448,1.03494948,1.211187431,24,576,23.6,0.7317,17.4,85,1,6.3,0,15
Collin Sexton,collin sexton,2026,27,TRUE,,,,0.069045275,,10.56,,0.796898886,0.080783963,1.130021586,27,729,22.33333333,0.5122,25.7,75,1,26.4,0,8
Jock Landale,jock landale,2026,30,TRUE,,,,0.0667711,,10.22,,0.491095221,0.281819259,0.067135515,30,900,23.55555556,0.5488,18.6,83,1,10.6,0,75
Charles Bassey,charles bassey,2026,25,TRUE,,,,0.063626714,,9.73,,1.086172623,0.401144573,1.104452858,25,625,20,0.061,17.3,82,1,7.8,0,53
Josh Okogie,josh okogie,2026,27,TRUE,,,,0.062246826,,9.52,,1.135762407,-0.150770681,0.647783486,27,729,17.35897436,0.9512,11.3,76,1,6.4,0,20
Russell Westbrook,russell westbrook,2026,37,TRUE,,,,0.062119193,,9.5,,-0.996598284,0.101356949,0.048404935,37,1369,28.953125,0.7805,25.9,76,1,34.3,2,4
bones hyland,bones hyland,2026,25,TRUE,,,,0.06183559,,9.46,,,1.706386705,0.626377109,25,625,16.57746479,0.8659,20.6,74,1,22.7,0.5,26
Simone Fontecchio,simone fontecchio,2026,30,TRUE,,,,0.06009652,,9.19,,1.044847803,0.679599058,0.572563856,30,900,16.75714286,0.8537,19.6,79,1,11.6,0,75
Luke Kennard,luke kennard,2026,29,TRUE,,,,0.05741923,,8.79,,0.656394499,-1.053192384,0.787222246,29,841,20.52173913,0.561,12.7,77,1,13.2,0,12
Kennedy Chandler,kennedy chandler,2026,23,TRUE,,,,0.056473788,,8.64,,-0.905683681,-0.287564125,-0.052383423,23,529,32.27272727,0.1341,20.7,72,1,29.4,0,38
Andre Drummond,andre drummond,2026,32,TRUE,,,,0.055765856,,8.53,,0.135701772,0.635246557,0.029377044,32,1024,19.53968254,0.7683,14.9,83,1,8.9,0,9
Thomas Bryant,thomas bryant,2026,28,TRUE,,,,0.05424024,,8.3,,0.441505437,1.34982075,0.378419911,28,784,12.2,0.7317,18.6,81,1,6.3,0,42
Zach Collins,zach collins,2026,28,TRUE,,,,0.05378942,,8.23,,1.053112767,1.01281148,0.463450797,28,784,18.4,0.122,18.8,81,1,12,0,10
Khris Middleton,khris middleton,2026,34,TRUE,,,,0.053331267,,8.16,,-0.128777073,-0.843001731,-0.273285339,34,1156,24.32352941,0.4146,19.6,79,1,18.9,0,39
Cam Thomas,cam thomas,2026,24,TRUE,,,,0.04912939,,7.52,,-0.244486568,-0.60393201,-0.769199735,24,576,24.25,0.2927,30.3,75,1,22.5,0,27
Ousmane Dieng,ousmane dieng,2026,22,TRUE,,,,0.048859283,,7.48,,-2.013188846,-0.954494371,-1.106944792,22,484,26.8,0.3659,21.5,81,1,19.6,0,11
Guerschon Yabusele,guerschon yabusele,2026,30,TRUE,,,,0.046502035,,7.11,,-0.18663182,-0.279801211,-0.376749494,30,900,24.65384615,0.3171,16.7,79,1,9.4,0,16
Lucas Williamson,lucas williamson,2026,27,TRUE,,,,0.046118017,,7.06,,-1.194957418,-0.975855251,-0.599137964,27,729,32,0.0854,16.4,76,1,10.8,0,75
Quinten Post,quinten post,2026,25,TRUE,,,,0.043779567,,6.7,,0.565479896,0.195140917,0.212817801,25,625,17.29850746,0.8171,18.8,84,1,11.9,0,52
Alondes Williams,alondes williams,2026,26,TRUE,,,,0.04292047,,6.57,,0.697719319,0.466440979,1.879244775,26,676,25.25,0.0488,14.3,76,1,16.8,0,75
Kyle Anderson,kyle anderson,2026,32,TRUE,,,,0.042344324,,6.48,,-0.029597506,0.05249589,0.57791545,32,1024,20.05,0.2439,14.6,80,1,20.6,0,30
Spencer Jones,spencer jones,2026,24,TRUE,,,,0.040972628,,6.27,,0.102641917,-1.407053477,0.09538004,24,576,22.140625,0.7805,9.7,79,1,4.5,0,75
Jordan Clarkson,jordan clarkson,2026,33,TRUE,,,,0.040248472,,6.16,,-0.393255918,-0.714557877,0.160491102,33,1089,17.76388889,0.878,21.1,77,1,10.7,2,46
Jevon Carter,jevon carter,2026,30,TRUE,,,,0.038986526,,5.96,,0.334060906,-0.040151519,-0.066951651,30,900,20.43333333,0.3659,16,72,1,15.5,0,32
Bruce Brown,bruce brown,2026,29,TRUE,,,,0.03884357,,5.94,,-1.277607058,-0.997085993,0.242846191,29,841,24.36585366,1,14.5,76,1,11.3,0,42
Nick Richards,nick richards,2026,28,TRUE,,,,0.03649006,,5.58,,-0.393255918,-0.455528645,-1.018643488,28,784,22.35,0.2439,18.3,83,1,2.5,0,42
Jeremy Sochan,jeremy sochan,2026,22,TRUE,,,,0.03636192,,5.56,,0.57374486,-1.125424754,-0.544432779,22,484,12.78571429,0.3415,14.6,80,1,10.1,0.5,9
Jaylen Clark,jaylen clark,2026,24,TRUE,,,,0.03567516,,5.46,,0.846488669,-0.193822287,0.54015698,24,576,13.05882353,0.8293,13.3,77,1,6.3,0,53
Malachi Smith,malachi smith,2026,26,TRUE,,,,0.035428952,,5.42,,0.234881339,-0.830506092,0.692974726,26,676,23.93333333,0.1829,14.2,76,1,21.2,0,75
Aaron Holiday,aaron holiday,2026,29,TRUE,,,,0.035167698,,5.38,,0.077847025,-1.09910451,0.065648961,29,841,13.70175439,0.6951,16.6,72,1,10.2,0,23
Jaden Ivey,jaden ivey,2026,23,TRUE,,,,0.031876102,,4.88,,-0.37672599,-0.651808063,0.346013035,23,529,16.81818182,0.4024,20.4,75,1,13,0.5,5
Marvin Bagley III,marvin bagley iii,2026,26,TRUE,,,,0.030556582,,4.68,,0.044787169,0.591927493,0.902876143,26,676,19.23684211,0.4634,19,82,1,11.7,0,2
David Roddy,david roddy,2026,24,TRUE,,,,0.029596195,,4.53,,-0.236221604,-0.028050735,1.772212891,24,576,14.6,0.061,20.9,77,1,7.9,0,23
Anthony Gill,anthony gill,2026,33,TRUE,,,,0.029178113,,4.46,,-0.079187289,-2.498891112,-0.021760411,33,1089,17.29090909,0.6707,11.9,79,1,10,0,75
MarJon Beauchamp,marjon beauchamp,2026,25,TRUE,,,,0.027661508,,4.23,,0.053052133,0.227431507,0.0501888,25,625,14,0.1707,21,79,1,11.1,0,24
Vince Williams Jr.,vince williams jr.,2026,25,TRUE,,,,0.027207112,,4.16,,-0.194896784,-0.456697392,-0.330666321,25,625,21.64705882,0.4146,19.6,76,1,27.8,0,47
DeJon Jarreau,dejon jarreau,2026,28,TRUE,,,,0.026731608,,4.09,,-0.434580738,-0.717018869,-0.987425855,28,784,21,0.1341,21.4,77,1,21.8,0,75
Dalen Terry,dalen terry,2026,23,TRUE,,,,0.02630382,,4.02,,0.548949968,0.233885633,0.450963743,23,529,11.08823529,0.4146,14.4,78,1,15,0,18
Monte Morris,monte morris,2026,30,TRUE,,,,0.026138717,,4,,0.400180618,0.350983499,-1.581155501,30,900,10.83333333,0.0732,15.5,74,1,18.7,0,51
Malaki Branham,malaki branham,2026,22,TRUE,,,,0.025182748,,3.85,,-0.285811387,-0.136512214,0.184275966,22,484,9.821428571,0.3415,18.4,76,1,11.8,0,20
Mouhamadou Gueye,mouhamadou gueye,2026,27,TRUE,,,,0.024953887,,3.82,,-1.351991733,0.581393426,0.465829283,27,729,22.5,0.0244,14.6,81,1,17.9,0,75
Thanasis Antetokounmpo,thanasis antetokounmpo,2026,33,TRUE,,,,0.024465363,,3.74,,0.119171845,1.186492734,0.864523051,33,1089,4.352941176,0.4146,16.5,79,1,13.6,0,51
Pat Spencer,pat spencer,2026,29,TRUE,,,,0.024258997,,3.71,,-0.632939872,-0.772454405,-0.273285339,29,841,18.62121212,0.8049,18.9,74,1,27.1,0,75
Markelle Fultz,markelle fultz,2026,27,TRUE,,,,0.024248244,,3.71,,-0.773444259,-0.500583238,-3.151551089,27,729,7.2,0.061,17.9,76,1,26.8,0,1
Mike Conley,mike conley,2026,38,TRUE,,,,0.024078678,,3.68,,-0.360196063,0.086886971,-0.079141394,38,1444,18.35185185,0.6585,11.5,73,1,19.5,0,4
Branden Carlson,branden carlson,2026,26,TRUE,,,,0.024054728,,3.68,,0.325795943,1.133007307,0.121543389,26,676,11.61904762,0.5122,18.9,84,1,8.6,0,75
Maxi Kleber,maxi kleber,2026,34,TRUE,,,,0.024051173,,3.68,,0.036522205,-1.411907001,-0.229877964,34,1156,10.72093023,0.5244,9.6,82,1,7.3,0,75
Moritz Wagner,moritz wagner,2026,28,TRUE,,,,0.023982698,,3.67,,0.044787169,0.805135121,-0.240878463,28,784,11.86111111,0.439,24.3,83,1,9.7,0,25
Chris Boucher,chris boucher,2026,33,TRUE,,,,0.023863886,,3.65,,0.755574066,0.265842297,0.077541392,33,1089,10.44444444,0.1098,12.8,80,1,4,0,75
Tony Bradley,tony bradley,2026,28,TRUE,,,,0.023293238,,3.56,,0.077847025,-0.79197797,-0.793876531,28,784,10.94736842,0.4634,14.5,82,1,6.8,0,28
Doug McDermott,doug mcdermott,2026,34,TRUE,,,,0.022712253,,3.47,,-0.360196063,-1.001693827,-0.976722666,34,1156,15.13793103,0.3537,15.1,79,1,6.8,0,11
Tyus Jones,tyus jones,2026,29,TRUE,,,,0.022428362,,3.43,,-0.087452253,-0.050673575,-0.272096096,29,841,15.70833333,0.5854,9.8,72,1,19.8,0,24
Jae'Sean Tate,jae'sean tate,2026,30,TRUE,,,,0.022295874,,3.41,,-0.302341315,-1.993439324,-0.355937738,30,900,8.804347826,0.561,13.5,76,1,8.3,1,75
Pete Nance,pete nance,2026,25,TRUE,,,,0.021582374,,3.3,,0.019992278,-0.812188275,-0.087763407,25,625,15.68085106,0.5732,13.5,81,1,9.2,0,75
Ochai Agbaji,ochai agbaji,2026,25,TRUE,,,,0.021468278,,3.28,,-0.434580738,-1.211752951,-0.437400895,25,625,15.47619048,0.5122,13.3,77,1,6,0,14
Larry Nance Jr.,larry nance jr.,2026,33,TRUE,,,,0.021391645,,3.27,,-0.550290233,-0.262337836,-0.208768898,33,1089,12.82857143,0.4268,14,78,1,9.7,0,27
Drew Eubanks,drew eubanks,2026,28,TRUE,,,,0.02068919,,3.17,,-0.046127434,-0.059358376,-0.748090669,28,784,13.14285714,0.5122,16.3,82,1,5,0,75
Garrison Mathews,garrison mathews,2026,29,TRUE,,,,0.020648282,,3.16,,0.466300329,0.278978436,0.399231666,29,841,13.06666667,0.1829,14.1,77,1,6.9,0,75
Mason Plumlee,mason plumlee,2026,35,TRUE,,,,0.020600408,,3.15,,-0.211426712,0.269180921,0.464937351,35,1225,8.928571429,0.1707,8.9,84,1,16.5,0,22
Dillon Jones,dillon jones,2026,24,TRUE,,,,0.0201686,,3.09,,-0.467640594,0.059397397,0.802979718,24,576,5.571428571,0.0854,11.8,77,1,12.3,0,26
Killian Hayes,killian hayes,2026,24,TRUE,,,,0.020122351,,3.08,,-0.285811387,0.643275752,-0.452563745,24,576,17.65217391,0.2805,18.7,76,1,26.3,0,7
Cameron Payne,cameron payne,2026,31,TRUE,,,,0.019603033,,3,,-0.021332542,1.166914062,0.637377608,31,961,17,0.2683,19.2,74,1,21.8,0,14
Kobe Bufkin,kobe bufkin,2026,22,TRUE,,,,0.019503547,,2.98,,-1.360256697,-0.056435163,-2.049122683,22,484,7.4375,0.1951,22.1,76,1,11.2,0,15
Taj Gibson,taj gibson,2026,40,TRUE,,,,0.019345883,,2.96,,-1.054453032,-0.280357835,-0.351775387,40,1600,9.7,0.122,13.1,81,1,8.4,0,26
Jeff Green,jeff green,2026,39,TRUE,,,,0.019012162,,2.91,,-2.831420274,-0.832999548,-1.077808335,39,1521,5.833333333,0.3659,17.8,80,1,6.2,0,5
Bismack Biyombo,bismack biyombo,2026,33,TRUE,,,,0.0189726,,2.9,,-2.418172078,-1.576454091,-2.151397594,33,1089,5.64,0.3049,7.8,80,1,4.2,0,7
Nick Smith Jr.,nick smith jr.,2026,21,TRUE,,,,0.018755402,,2.87,,-0.905683681,-1.490841355,-0.443644421,21,441,12.5,0.3659,22,74,1,12,0,27
Caleb Houstan,caleb houstan,2026,23,TRUE,,,,0.018701509,,2.86,,0.251411267,-0.233868716,0.630836771,23,529,4.166666667,0.2195,17.4,80,1,7.4,0,32
Jalen Wilson,jalen wilson,2026,25,TRUE,,,,0.018375816,,2.81,,-0.641204836,-1.393039923,-0.66930331,25,625,15.90740741,0.6585,18.2,78,1,9,0,51
DeAndre Jordan,deandre jordan,2026,37,TRUE,,,,0.018276947,,2.8,,-0.475905558,0.359369018,0.071595176,37,1369,16.58333333,0.1463,10.1,83,1,7.2,0,35
Jeremiah Robinson-Earl,jeremiah robinson-earl,2026,25,TRUE,,,,0.018309806,,2.8,,-0.103982181,-0.603440078,-0.840257014,25,625,17.64705882,0.2073,14,81,1,5.3,0,32
Kelly Olynyk,kelly olynyk,2026,34,TRUE,,,,0.018138945,,2.78,,-0.657734764,-0.022297769,-0.212931249,34,1156,8.571428571,0.5122,16,84,1,17.6,0,13
Patrick Baldwin Jr.,patrick baldwin jr.,2026,23,TRUE,,,,0.017969452,,2.75,,-0.475905558,0.571657757,-0.798336193,23,529,14.66666667,0.0732,14.1,84,1,7.4,0,28
Amir Coffey,amir coffey,2026,28,TRUE,,,,0.017897861,,2.74,,-0.103982181,-1.17055539,-0.760875033,28,784,8.833333333,0.3659,10.9,79,1,5.5,0,75
Blake Wesley,blake wesley,2026,22,TRUE,,,,0.017668482,,2.7,,-1.120572743,-0.162453193,-0.105899365,22,484,11.64516129,0.378,19.8,76,1,24.8,0,25
Mohamed Diawara,mohamed diawara,2026,20,TRUE,,,,0.017587189,,2.69,,-1.277607058,-0.61729439,-0.083303745,20,400,9.188405797,0.8415,17.1,81,1,11.2,0,75
Jamaree Bouyea,jamaree bouyea,2026,26,TRUE,,,,0.017356623,,2.66,,0.19355652,0.237797558,0.296362133,26,676,14,0.561,18.5,74,1,18.6,0,75
nigel hayes-davis,nigel hayes-davis,2026,31,TRUE,,,,0.017166087,,2.63,,,-1.300356282,-1.646861185,31,961,7.222222222,0.3293,12.1,79,1,4.6,0,75
Duop Reath,duop reath,2026,29,TRUE,,,,0.016981276,,2.6,,-0.335401171,-0.593145887,-0.584867046,29,841,8.0625,0.3902,13.2,81,1,5.4,0,75
Jordan McLaughlin,jordan mclaughlin,2026,29,TRUE,,,,0.016979082,,2.6,,-0.261016496,-0.620644718,0.114705241,29,841,6.409090909,0.5366,14.5,71,1,17.2,0,75
Gabe Vincent,gabe vincent,2026,29,TRUE,,,,0.016867189,,2.58,,-0.641204836,-1.811368148,-1.029643987,29,841,19.27586207,0.3537,11.5,74,1,8.3,0,75
Tyrese Martin,tyrese martin,2026,26,TRUE,,,,0.016582357,,2.54,,-0.409785846,-0.169444941,-0.242959639,26,676,18.81081081,0.4512,18.8,78,1,15.6,0,51
Keshad Johnson,keshad johnson,2026,24,TRUE,,,,0.016159868,,2.47,,0.747309102,0.199608099,0.943607721,24,576,8.75,0.3902,18.9,78,1,3.9,0,75
Christian Koloko,christian koloko,2026,25,TRUE,,,,0.015785463,,2.42,,-0.938743537,-0.618334041,-0.360694711,25,625,17.72727273,0.1341,9.3,83,1,6.5,0,33
Kevin Love,kevin love,2026,37,TRUE,,,,0.015833085,,2.42,,-0.426315774,0.807933512,0.09538004,37,1369,16.56756757,0.4512,16.6,82,1,14.6,0,5
Isaiah Livers,isaiah livers,2026,27,TRUE,,,,0.015746493,,2.41,,-0.294076351,-1.21533945,-0.249500476,27,729,9.638888889,0.439,9.9,78,1,7.7,0,42
nate williams,nate williams,2026,26,TRUE,,,,0.015701516,,2.4,,,-1.086042399,-0.653843149,26,676,17.07142857,0.1707,19.5,77,1,8.8,0,75
nate williams,nate williams,2026,26,TRUE,,,,0.015701516,,2.4,,,-1.086042399,-0.653843149,26,676,17.07142857,0.1707,19.5,77,1,8.8,0,75
Lindy Waters III,lindy waters iii,2026,28,TRUE,,,,0.015460223,,2.37,,-0.599880016,-1.042940396,-0.533134969,28,784,7.125,0.4878,14.2,77,1,8.5,0,75
Mo Bamba,mo bamba,2026,27,TRUE,,,,0.015086622,,2.31,,-0.451110666,0.372560847,-0.63540988,27,729,19,0.0244,11.9,84,1,3.5,0,6
Dalano Banton,dalano banton,2026,26,TRUE,,,,0.015008465,,2.3,,-0.219691676,-0.104442377,-2.355947417,26,676,13,0.0488,14,80,1,20.2,0,46
James Wiseman,james wiseman,2026,24,TRUE,,,,0.014837359,,2.27,,-0.542025269,-0.011338918,-2.387462361,24,576,14.5,0.0488,11.6,83,1,7,0,2
Kyle Lowry,kyle lowry,2026,39,TRUE,,,,0.014829792,,2.27,,-1.955334099,-0.220781714,-2.555145646,39,1521,8.428571429,0.1707,11.3,72,1,11.3,0,24
Ariel Hukporti,ariel hukporti,2026,23,TRUE,,,,0.014776685,,2.26,,-0.484170521,-0.611901878,-0.509944727,23,529,9.222222222,0.6585,10.9,84,1,7.3,0,58
Joe Ingles,joe ingles,2026,38,TRUE,,,,0.014265766,,2.18,,-1.335461805,-0.310388956,0.508642037,38,1444,5.666666667,0.3293,11.5,80,1,28.5,0,75
Eric Gordon,eric gordon,2026,37,TRUE,,,,0.014083866,,2.15,,-0.434580738,-0.165067353,0.846387093,37,1369,12.33333333,0.0732,14.2,75,1,5.8,0,7
Chris Paul,chris paul,2026,40,TRUE,,,,0.013911613,,2.13,,-0.409785846,0.241605146,-0.829553826,40,1600,14.25,0.1951,14.2,72,1,30.6,8,4
Garrett Temple,garrett temple,2026,39,TRUE,,,,0.013905287,,2.13,,-1.087512887,-0.365451215,-0.904476145,39,1521,3.318181818,0.2683,15.3,77,1,14.9,0,75
Omer Yurtseven,omer yurtseven,2026,27,TRUE,,,,0.013758725,,2.11,,-0.41805081,0.176479974,-1.68640352,27,729,11.55555556,0.1098,17.5,83,1,10.4,0,75
Malevy Leons,malevy leons,2026,26,TRUE,,,,0.012817787,,1.96,,-0.6494698,-0.268559419,-0.129684228,26,676,11.04,0.3049,14.4,81,1,11.4,0,75
Hunter Tyson,hunter tyson,2026,25,TRUE,,,,0.01239964,,1.9,,-1.492496119,-0.03555531,-1.500881588,25,625,7.714285714,0.2561,16.8,80,1,13,0,37
Seth Curry,seth curry,2026,35,TRUE,,,,0.01240823,,1.9,,-0.178366856,0.409290176,0.76997822,35,1225,13.3,0.122,18,73,1,11.3,0,75
Johnny Juzang,johnny juzang,2026,24,TRUE,,,,0.012243306,,1.87,,-0.153571965,-0.153964354,-0.537594631,24,576,4.19047619,0.2561,22.3,79,1,9.7,0,75
Rayan Rupert,rayan rupert,2026,21,TRUE,,,,0.012005584,,1.84,,-1.211487346,-1.929112106,-0.681493053,21,441,12.02083333,0.5854,12.8,79,1,7.8,0,43
Keaton Wallace,keaton wallace,2026,26,TRUE,,,,0.01135053,,1.74,,-0.880888789,-0.365913974,-0.550378995,26,676,10.11320755,0.6463,16.1,75,1,22.5,0,75
Antonio Reeves,antonio reeves,2026,25,TRUE,,,,0.011392982,,1.74,,0.177026592,0.329946845,0.607051908,25,625,6.8,0.122,13.1,77,1,6.3,0,75
Tyler Smith,tyler smith,2026,21,TRUE,,,,0.01130081,,1.73,,-1.153632599,-0.071834076,-0.254554759,21,441,13.83333333,0.1463,14.8,81,1,4.1,0,33
Olivier Sarr,olivier sarr,2026,26,TRUE,,,,0.010978876,,1.68,,-0.674264692,0.507068379,1.454387657,26,676,9.75,0.0488,12.1,82,1,16.6,0,75
Trey Jemison,trey jemison,2026,26,TRUE,,,,0.010866917,,1.66,,-2.029718774,,-2.579822442,26,676,6.307692308,0.1585,10.7,82,1,7.5,0,75
Mac McClung,mac mcclung,2026,27,TRUE,,,,0.010846964,,1.66,,-0.384990954,0.909972868,-0.123440701,27,729,12.625,0.0976,22.4,74,1,12.4,0,75
Sharife Cooper,sharife cooper,2026,24,TRUE,,,,0.010479579,,1.6,,-0.343666135,-1.473874621,-0.60121914,24,576,17.07317073,0.5,20,72,1,25.8,0,75
JD Davison,jd davison,2026,23,TRUE,,,,0.010426576,,1.6,,0.226616376,-0.034917895,-0.103818189,23,529,7.785714286,0.3415,15.3,73,1,20.7,0,53
Stanley Umude,stanley umude,2026,26,TRUE,,,,0.010033848,,1.54,,-0.335401171,0.064433466,2.396268237,26,676,3.5,0.0244,12,78,1,18.8,0,75
Kam Jones,kam jones,2026,23,TRUE,,,,0.009788214,,1.5,,-0.599880016,-2.192294431,-0.52599951,23,529,16.64864865,0.4512,14.4,76,1,26.2,0,75
Drew Timme,drew timme,2026,25,TRUE,,,,0.009489417,,1.45,,-1.021393176,-0.925423335,-0.20222806,25,625,8.703703704,0.3293,15.4,81,1,13.7,0,75
a.j. lawson,a.j. lawson,2026,25,TRUE,,,,0.008421434,,1.29,,,0.052854838,0.749166465,25,625,9.416666667,0.2927,17.5,78,1,4.2,0,75
Isaac Jones,isaac jones,2026,25,TRUE,,,,0.007914482,,1.21,,-1.938804171,0.075860943,-1.99144439,25,625,4.75,0.0488,15.1,80,1,0,0,75
Orlando Robinson,orlando robinson,2026,25,TRUE,,,,0.007109037,,1.09,,-1.591675686,0.283575819,0.610916948,25,625,6.25,0.0488,8.4,82,1,16.5,0,75
Tosan Evbuomwan,tosan evbuomwan,2026,24,TRUE,,,,0.006981395,,1.07,,-0.773444259,0.130245981,-2.697854825,24,576,1.6,0.061,5.4,80,1,0,0,75
