player_name,player_name_norm,age,position,team_abbreviation,predicted_cap_pct,predicted_salary,latent_cap_pct,max_eligible_pct,actual_cap_pct,actual_salary,diff_salary,is_free_agent,darko_dpm,lebron,rapm,usage_pct,mpg,games,award_score_cum,draft_pick,availability_3yr
Luka Doncic,luka doncic,26.0,PG,LAL,0.3441474735736847,52654563.45677376,0.34414747,0.35,0.3254901960784314,49800000.0,2854563.456773758,False,4.46,5.2027737300878565,5.571,38.1,35.765625,64.0,8.0,3.0,0.7805
Shai Gilgeous-Alexander,shai gilgeous-alexander,27.0,PG,OKC,0.3339541554450989,51094985.78310013,0.33395416,0.35,,,,True,5.62,6.226180975863492,9.654,33.4,33.220588235294116,68.0,10.0,11.0,0.8293
Nikola Jokic,nikola jokic,30.0,C,DEN,0.33122360706329346,50677211.8806839,0.3312236,0.35,0.38583734640522876,59033114.0,-8355902.119316101,False,7.03,6.797957958982293,9.496,30.4,34.84615384615385,65.0,11.35,41.0,0.7927
Donovan Mitchell,donovan mitchell,29.0,SG,CLE,0.32850855588912964,50261809.051036835,0.32850856,0.35,0.32748776470588237,50105628.0,156181.05103683472,False,3.87,3.805424545595595,5.589,32.2,33.457142857142856,70.0,5.95,13.0,0.8537
Jaylen Brown,jaylen brown,29.0,SF,BOS,0.30615052580833435,46841030.448675156,0.30615053,0.35,0.3730635816993464,57078728.0,-10237697.551324844,False,1.78,2.204604361088459,2.416,36.2,34.40845070422535,71.0,1.95,3.0,0.8659
Jayson Tatum,jayson tatum,27.0,PF,BOS,0.30184781551361084,46182715.77358246,0.30184782,0.35,0.38206905882352943,58456566.0,-12273850.226417542,False,3.41,3.699934005434463,4.387,30.0,32.625,16.0,11.6,3.0,0.1951
Bam Adebayo,bam adebayo,28.0,C,MIA,0.3,45900000.0,0.33734712,0.3,0.3254901960784314,49800000.0,-3900000.0,False,2.26,3.4965041972757147,1.932,25.0,32.397260273972606,73.0,4.85,14.0,0.8902
Cade Cunningham,cade cunningham,24.0,PG,DET,0.3,45900000.0,0.32950723,0.3,0.32748776470588237,50105628.0,-4205628.0,False,3.64,5.192168744258115,4.266,30.5,33.9375,64.0,2.4,1.0,0.7805
Anthony Edwards,anthony edwards,24.0,SG,MIN,0.3,45900000.0,0.31087714,0.3,0.31976878431372546,48924624.0,-3024624.0,False,3.58,1.191730149413976,3.955,31.5,35.032786885245905,61.0,5.65,1.0,0.7439
Jalen Brunson,jalen brunson,29.0,PG,NYK,0.29300540685653687,44829827.24905014,0.2930054,0.35,0.24666353594771243,37739521.0,7090306.24905014,False,3.39,2.1667372079060465,2.199,30.4,35.0,74.0,5.55,33.0,0.9024
Karl-Anthony Towns,karl-anthony towns,30.0,C,NYK,0.29174095392227173,44636365.950107574,0.29174095,0.35,,,,True,3.57,3.088648097009828,2.338,25.9,30.96,75.0,2.8,1.0,0.9146
Jamal Murray,jamal murray,28.0,PG,DEN,0.2895193099975586,44296454.429626465,0.2895193,0.35,0.32748776470588237,50105628.0,-5809173.570373535,False,2.8,1.5525918324372554,3.693,27.9,35.36,75.0,0.0,7.0,0.9146
De'Aaron Fox,de'aaron fox,28.0,PG,SAS,0.2852509915828705,43643401.712179184,0.285251,0.3,0.3254901960784314,49800000.0,-6156598.287820816,False,2.16,2.0990306576979574,2.838,24.9,30.98611111111111,72.0,1.3,5.0,0.878
Devin Booker,devin booker,29.0,SG,PHO,0.28509315848350525,43619253.2479763,0.28509316,0.35,0.3730635816993464,57078728.0,-13459474.752023697,False,1.99,2.269559667000102,2.793,32.2,33.53125,64.0,3.3,13.0,0.7805
Kawhi Leonard,kawhi leonard,34.0,SF,LAC,0.2826407253742218,43244030.982255936,0.28264073,0.35,0.3287581699346405,50300000.0,-7055969.017744064,False,5.88,5.375744006972128,8.303,33.5,32.07692307692308,65.0,3.15,15.0,0.7927
James Harden,james harden,36.0,PG,LAC,0.2750586271286011,42083969.950675964,0.27505863,0.35,0.2765837058823529,42317307.0,-233337.04932403564,False,2.64,2.6244434518082818,2.028,31.2,35.43181818181818,44.0,2.0,3.0,0.5366
Victor Wembanyama,victor wembanyama,22.0,C,SAS,0.2713208794593811,41512094.55728531,0.27132088,0.3,0.11024997385620915,16868246.0,24643848.55728531,False,6.36,7.917697390303813,8.161,32.4,29.15625,64.0,3.4,1.0,0.7805
Tyrese Maxey,tyrese maxey,25.0,PG,PHI,0.2670890688896179,40864627.54011154,0.26708907,0.3,0.2664739869281046,40770520.0,94107.54011154175,False,1.79,2.626476477245834,3.856,29.4,38.01428571428571,70.0,0.0,21.0,0.8537
Kevin Durant,kevin durant,37.0,SF,HOU,0.26638609170913696,40757072.031497955,0.2663861,0.35,0.286944045751634,43902439.0,-3145366.9685020447,False,3.17,1.950822048544538,3.077,27.1,36.41025641025641,78.0,3.75,2.0,0.9512
Chet Holmgren,chet holmgren,23.0,PF,OKC,0.26488736271858215,40527766.49594307,0.26488736,0.3,0.27124183006535946,41500000.0,-972233.5040569305,False,3.29,4.715564582471276,4.794,21.9,28.942028985507246,69.0,0.85,2.0,0.8415
LeBron James,lebron james,41.0,SF,LAL,0.25968751311302185,39732189.50629234,0.2596875,0.35,,,,True,1.31,2.598437666168042,2.865,27.2,33.15,60.0,6.6,1.0,0.7317
Joel Embiid,joel embiid,31.0,C,PHI,0.2515023350715637,38479857.26594925,0.25150234,0.35,0.37973856209150325,58100000.0,-19620142.73405075,False,2.59,2.053978194961008,1.873,33.5,31.605263157894736,38.0,4.3,3.0,0.4634
Evan Mobley,evan mobley,24.0,PF,CLE,0.25,38250000.0,0.30690536,0.25,0.32748776470588237,50105628.0,-11855628.0,False,1.81,3.167231012458004,2.769,22.6,31.907692307692308,65.0,8.35,3.0,0.7927
Scottie Barnes,scottie barnes,24.0,PF,TOR,0.25,38250000.0,0.29826272,0.25,0.2729064705882353,41754690.0,-3504690.0,False,2.88,2.8828890157549663,3.606,23.4,33.5125,80.0,0.4,4.0,0.9756
Stephon Castle,stephon castle,21.0,PG,SAS,0.25,38250000.0,0.25206637,0.25,0.06546352941176471,10015920.0,28234080.0,False,2.01,1.5174444106652856,1.793,24.9,29.970588235294116,68.0,1.0,4.0,0.8293
Paolo Banchero,paolo banchero,23.0,PF,ORL,0.25,38250000.0,0.26529092,0.25,0.27124183006535946,41500000.0,-3250000.0,False,0.29,1.0301651760384083,0.631,27.6,34.75,72.0,0.65,1.0,0.878
Deni Avdija,deni avdija,25.0,SF,POR,0.25,38250000.0,0.25803286,0.25,0.0857843137254902,13125000.0,25125000.0,False,0.98,2.255913032005008,1.864,29.3,33.31818181818182,66.0,0.0,9.0,0.8049
Lauri Markkanen,lauri markkanen,28.0,PF,UTA,0.2494553178548813,38166663.63179684,0.24945532,0.3,0.3013931633986928,46113154.0,-7946490.368203163,False,1.61,1.041254312818811,2.764,28.1,34.357142857142854,42.0,0.0,7.0,0.5122
Pascal Siakam,pascal siakam,31.0,PF,IND,0.2451229691505432,37503814.28003311,0.24512297,0.35,0.31976878431372546,48924624.0,-11420809.719966888,False,1.07,0.8753980525560525,1.345,30.1,33.17741935483871,62.0,0.8,27.0,0.7561
Jalen Johnson,jalen johnson,24.0,SF,ATL,0.24460214376449585,37424127.995967865,0.24460214,0.3,0.19607843137254902,30000000.0,7424127.995967865,False,0.4,1.871860869897057,2.638,27.0,35.166666666666664,72.0,0.0,20.0,0.878
Derrick White,derrick white,31.0,SG,BOS,0.2429835945367813,37176489.96412754,0.2429836,0.3,0.1983529411764706,30348000.0,6828489.964127541,False,1.54,4.498096380787693,3.938,22.0,34.09090909090909,77.0,3.0,29.0,0.939
Giannis Antetokounmpo,giannis antetokounmpo,31.0,PF,MIL,0.242685005068779,37130805.775523186,0.242685,0.35,0.38206905882352943,58456566.0,-21325760.224476814,False,5.14,4.3096235327220365,7.952,37.0,28.86111111111111,36.0,13.5,15.0,0.439
OG Anunoby,og anunoby,28.0,PF,NYK,0.2421606481075287,37050579.16045189,0.24216065,0.3,0.2777777777777778,42500000.0,-5449420.839548111,False,3.59,1.871807441353847,3.415,19.7,33.19402985074627,67.0,1.3,23.0,0.8171
Amen Thompson,amen thompson,23.0,PG,HOU,0.2367601841688156,36224308.17782879,0.23676018,0.25,0.08012162745098039,12258609.0,23965699.17782879,False,1.23,1.576957924701804,2.946,20.0,37.379746835443036,79.0,3.425,4.0,0.9634
Anthony Davis,anthony davis,32.0,PF,DAL,0.23631344735622406,36155957.44550228,0.23631345,0.35,0.38206905882352943,58456566.0,-22300608.55449772,False,1.59,1.900166025257746,2.525,27.5,31.3,20.0,5.1,1.0,0.2439
Stephen Curry,stephen curry,37.0,PG,GSW,0.235819473862648,36080379.500985146,0.23581947,0.35,0.40906639215686275,62587158.0,-26506778.499014854,False,1.99,2.7596240982048794,3.229,32.5,30.906976744186046,43.0,8.25,7.0,0.5244
LaMelo Ball,lamelo ball,24.0,PG,CHO,0.23341946303844452,35713177.84488201,0.23341946,0.25,0.2664739869281046,40770520.0,-5057342.155117989,False,2.59,3.200478911187844,3.415,32.0,28.01388888888889,72.0,0.1,3.0,0.878
Jalen Duren,jalen duren,22.0,C,DET,0.23224669694900513,35533744.633197784,0.2322467,0.3,,,,True,1.75,4.024624988425275,4.948,23.6,28.228571428571428,70.0,0.425,13.0,0.8537
Michael Porter Jr.,michael porter jr.,27.0,SF,BRK,0.23090676963329315,35328735.75389385,0.23090677,0.3,,,,True,1.35,0.2385762620870544,1.41,30.5,32.48076923076923,52.0,0.0,14.0,0.6341
Austin Reaves,austin reaves,27.0,SG,LAL,0.22517472505569458,34451732.93352127,0.22517473,0.3,0.09737768627450981,14898786.0,19552946.93352127,False,1.02,1.90049569843999,3.43,26.7,34.549019607843135,51.0,0.0,75.0,0.622
Brandon Miller,brandon miller,23.0,SF,CHO,0.21764038503170013,33298978.90985012,0.21764039,0.25,0.09872304575163399,15104626.0,18194352.90985012,False,0.71,1.568559444631143,2.453,28.1,30.276923076923076,65.0,0.85,2.0,0.7927
Nickeil Alexander-Walker,nickeil alexander-walker,27.0,SG,ATL,0.21688231825828552,33182994.693517685,0.21688232,0.3,,,,True,0.85,0.8254592553312989,2.466,23.9,33.37179487179487,78.0,0.0,17.0,0.9512
Trey Murphy III,trey murphy iii,25.0,SF,NOP,0.20956210792064667,32063002.51185894,0.20956211,0.25,0.17647058823529413,27000000.0,5063002.51185894,False,0.07,1.1046744205932195,2.101,22.7,35.46969696969697,66.0,0.0,17.0,0.8049
Brandon Ingram,brandon ingram,28.0,SF,TOR,0.20840100944042206,31885354.444384575,0.20840101,0.35,0.26143790849673204,40000000.0,-8114645.555615425,False,0.64,-0.2542960934478936,-0.381,26.9,33.81818181818182,77.0,0.0,2.0,0.939
Franz Wagner,franz wagner,24.0,SF,ORL,0.20312640070915222,31078339.30850029,0.2031264,0.25,0.2729064705882353,41754690.0,-10676350.69149971,False,1.58,1.7347730165817798,2.467,27.0,29.970588235294116,34.0,0.4,8.0,0.4146
Desmond Bane,desmond bane,27.0,SG,ORL,0.19879181683063507,30415147.975087166,0.19879182,0.25,0.25781758169934643,39446090.0,-9030942.024912834,False,0.73,1.3266670815656956,2.486,23.3,33.609756097560975,82.0,0.05,30.0,1.0
Jalen Williams,jalen williams,24.0,SG,OKC,0.1881941258907318,28793701.261281967,0.18819413,0.25,0.27124183006535946,41500000.0,-12706298.738718033,False,1.32,1.386865252324482,3.878,26.2,28.363636363636363,33.0,4.65,12.0,0.4024
Keyonte George,keyonte george,22.0,PG,UTA,0.18377254903316498,28117200.00207424,0.18377255,0.25,0.04290147058823529,6563925.0,21553275.00207424,False,-1.07,-1.0334517424486906,-0.786,27.9,33.074074074074076,54.0,0.425,16.0,0.6585
Rudy Gobert,rudy gobert,33.0,C,MIN,0.18162722885608673,27788966.01498127,0.18162723,0.35,0.238562091503268,36500000.0,-8711033.98501873,False,1.93,1.541712023144134,0.794,12.9,31.31578947368421,76.0,6.25,27.0,0.9268
Julius Randle,julius randle,31.0,PF,MIN,0.18021057546138763,27572218.045592308,0.18021058,0.35,0.21786492810457517,33333334.0,-5761115.954407692,False,-0.58,0.1677973141075645,1.984,26.5,33.037974683544306,79.0,1.6,7.0,0.9634
Miles Bridges,miles bridges,27.0,PF,CHO,0.1799939125776291,27539068.62437725,0.17999391,0.3,0.1491901111111111,22826087.0,4712981.624377251,False,0.14,1.2474338340100934,1.576,22.3,31.0,77.0,0.0,12.0,0.939
Immanuel Quickley,immanuel quickley,26.0,PG,TOR,0.1799936145544052,27539023.026823997,0.17999361,0.25,0.21241830065359477,32500000.0,-4960976.9731760025,False,0.88,2.1913282158489,1.854,21.1,31.87142857142857,70.0,0.05,25.0,0.8537
Ryan Rollins,ryan rollins,23.0,PG,MIL,0.17799335718154907,27232983.648777008,0.17799336,0.25,0.026143790849673203,4000000.0,23232983.648777008,False,1.16,-1.0072702601518415,0.657,24.2,32.108108108108105,74.0,0.0,44.0,0.9024
Jimmy Butler,jimmy butler,36.0,SF,GSW,0.17716991901397705,27106997.60913849,0.17716992,0.35,0.37145603267973853,56832773.0,-29725775.39086151,False,1.92,,6.242,23.3,31.105263157894736,38.0,2.35,75.0,0.4634
Jalen Suggs,jalen suggs,24.0,PG,ORL,0.17587342858314514,26908634.573221207,0.17587343,0.25,0.21176470588235294,32400000.0,-5491365.426778793,False,1.21,1.8105399535731448,2.371,22.9,27.614035087719298,57.0,1.7,5.0,0.6951
Jarrett Allen,jarrett allen,27.0,C,CLE,0.1755133718252182,26853545.889258385,0.17551337,0.3,0.1830065359477124,28000000.0,-1146454.1107416153,False,2.62,2.52533491266776,3.015,19.9,27.125,56.0,0.0,22.0,0.6829
Dyson Daniels,dyson daniels,22.0,SG,ATL,0.1752173751592636,26808258.399367332,0.17521738,0.25,0.16339869281045752,25000000.0,1808258.3993673325,False,0.76,2.181559908297245,3.657,16.0,33.1578947368421,76.0,3.0,8.0,0.9268
Kevin Porter Jr.,kevin porter jr.,25.0,PG,MIL,0.17453956604003906,26704553.604125977,0.17453957,0.3,,,,True,0.45,1.0470908711463078,2.308,24.3,33.18421052631579,38.0,0.0,30.0,0.4634
Payton Pritchard,payton pritchard,28.0,PG,BOS,0.17430037260055542,26667957.00788498,0.17430037,0.25,0.050770307189542487,7767857.0,18900100.00788498,False,0.47,2.619879355083023,1.803,21.4,32.35443037974684,79.0,0.0,26.0,0.9634
Josh Giddey,josh giddey,23.0,PG,CHI,0.172119602560997,26334299.191832542,0.1721196,0.25,0.16339869281045752,25000000.0,1334299.1918325424,False,0.15,0.3095133552457916,-0.083,24.4,32.05555555555556,54.0,0.2,6.0,0.6585
Ty Jerome,ty jerome,28.0,SG,MEM,0.17141897976398468,26227103.903889656,0.17141898,0.3,0.060261764705882355,9220050.0,17007053.903889656,False,2.3,2.84185140658307,5.576,32.7,22.6,15.0,0.0,24.0,0.1829
Onyeka Okongwu,onyeka okongwu,25.0,C,ATL,0.16969646513462067,25963559.165596962,0.16969647,0.25,0.105359477124183,16120000.0,9843559.165596962,False,1.32,1.2883408400968048,-0.165,19.5,31.04054054054054,74.0,0.0,6.0,0.9024
Zion Williamson,zion williamson,25.0,PF,NOP,0.169524148106575,25937194.660305977,0.16952415,0.3,0.27559810457516337,42166510.0,-16229315.339694023,False,0.88,0.3616556451264963,2.929,25.7,29.693548387096776,62.0,0.0,1.0,0.7561
Mikal Bridges,mikal bridges,29.0,SF,NYK,0.1685975044965744,25795418.187975883,0.1685975,0.3,0.21883754901960784,33482145.0,-7686726.8120241165,False,0.47,2.030300370393763,2.966,17.3,32.829268292682926,82.0,1.2,10.0,1.0
Aaron Gordon,aaron gordon,30.0,PF,DEN,0.16757766902446747,25639383.360743523,0.16757767,0.35,0.21998716993464051,33658037.0,-8018653.639256477,False,2.11,0.61181410781688,3.25,21.9,27.916666666666668,36.0,0.0,4.0,0.439
RJ Barrett,rj barrett,25.0,SF,TOR,0.16757112741470337,25638382.494449615,0.16757113,0.3,0.19356909150326798,29616071.0,-3977688.5055503845,False,0.62,1.0935597857120087,1.083,25.8,30.280701754385966,57.0,0.0,3.0,0.6951
Paul George,paul george,35.0,PF,PHI,0.16335363686084747,24993106.439709663,0.16335364,0.35,0.35376718954248365,54126380.0,-29133273.560290337,False,1.07,1.6843646132792365,2.837,23.3,30.675675675675677,37.0,0.2,10.0,0.4512
Cooper Flagg,cooper flagg,19.0,SF,DAL,0.15717798471450806,24048231.661319733,0.15717798,0.25,0.09488549019607843,14517480.0,9530751.661319733,False,-0.13,0.0918480463694024,0.881,26.9,33.48571428571429,70.0,0.0,75.0,0.8537
Devin Vassell,devin vassell,25.0,SG,SAS,0.1547616720199585,23678535.81905365,0.15476167,0.25,0.17647058823529413,27000000.0,-3321464.18094635,False,1.11,-0.189579312227928,2.189,18.0,30.507462686567163,67.0,0.0,11.0,0.8171
Anthony Black,anthony black,22.0,PG,ORL,0.154112309217453,23579183.31027031,0.15411231,0.25,0.06605435294117647,10106316.0,13472867.31027031,False,0.32,0.6200484954067997,-0.256,22.2,29.84375,64.0,0.0,6.0,0.7805
Donovan Clingan,donovan clingan,21.0,C,POR,0.15247908234596252,23329299.598932266,0.15247908,0.25,0.049149803921568626,7519920.0,15809379.598932266,False,0.92,3.603034847080207,1.746,16.9,27.194805194805195,77.0,0.5,7.0,0.939
Darius Garland,darius garland,26.0,PG,CLE,0.15210998058319092,23272827.02922821,0.15210998,0.3,0.27559810457516337,42166510.0,-18893682.97077179,False,0.96,0.5286055892799992,-1.49,25.8,30.46153846153846,26.0,0.0,5.0,0.3171
Jaden McDaniels,jaden mcdaniels,25.0,PF,MIN,0.15120473504066467,23134324.461221695,0.15120474,0.25,0.17124183660130718,26200001.0,-3065676.538778305,False,0.28,-1.1890154596165226,0.719,18.5,31.726027397260275,73.0,1.7,28.0,0.8902
Donte DiVincenzo,donte divincenzo,29.0,SG,MIN,0.14966560900211334,22898838.17732334,0.14966561,0.3,0.0819281045751634,12535000.0,10363838.177323341,False,1.44,0.329213033772367,1.72,16.9,30.414634146341463,82.0,0.0,17.0,1.0
Isaiah Hartenstein,isaiah hartenstein,27.0,C,OKC,0.14923587441444397,22833088.785409927,0.14923587,0.3,0.18627450980392157,28500000.0,-5666911.214590073,False,2.43,3.017607470793377,3.11,16.1,24.19148936170213,47.0,0.0,43.0,0.5732
Saddiq Bey,saddiq bey,26.0,SF,NOP,0.14541538059711456,22248553.231358528,0.14541538,0.25,0.04209593464052287,6440678.0,15807875.231358528,False,-0.44,0.1675213812158715,0.639,21.6,31.194444444444443,72.0,0.1,19.0,0.878
Shaedon Sharpe,shaedon sharpe,22.0,SG,POR,0.1445409059524536,22114758.610725403,0.1445409,0.25,0.1313025294117647,20089287.0,2025471.6107254028,False,0.03,-0.682785218947257,0.061,30.5,29.42,50.0,0.0,7.0,0.6098
Keegan Murray,keegan murray,25.0,PF,SAC,0.14378538727760315,21999164.25347328,0.14378539,0.25,0.15776428758169936,24137936.0,-2138771.746526718,False,-0.22,-0.3256381388070832,-2.333,18.7,34.47826086956522,23.0,0.65,4.0,0.2805
Ja Morant,ja morant,26.0,PG,MEM,0.14280381798744202,21848984.15207863,0.14280382,0.3,0.27559810457516337,42166510.0,-20317525.84792137,False,0.89,0.7351190357090822,-1.947,32.5,28.45,20.0,1.2,2.0,0.2439
Brandin Podziemski,brandin podziemski,22.0,SG,GSW,0.14051048457622528,21498104.140162468,0.14051048,0.25,0.03712064705882353,5679459.0,15818645.140162468,False,0.56,0.5775263729693617,0.68,20.1,28.451219512195124,82.0,0.85,19.0,1.0
Jrue Holiday,jrue holiday,35.0,PG,POR,0.14006313681602478,21429659.93285179,0.14006314,0.35,0.22745098039215686,34800000.0,-13370340.067148209,False,0.3,1.3406002846994205,1.547,23.5,29.433962264150942,53.0,4.75,17.0,0.6463
Kon Knueppel,kon knueppel,20.0,SF,CHO,0.1360289305448532,20812426.37336254,0.13602893,0.25,0.06873568627450981,10516560.0,10295866.373362541,False,0.03,1.1077211638111142,2.439,22.3,31.493827160493826,81.0,0.0,75.0,0.9878
Mitchell Robinson,mitchell robinson,27.0,C,NYK,0.13433139026165009,20552702.710032463,0.13433139,0.3,,,,True,2.85,2.8848138291670504,3.589,10.7,19.583333333333332,60.0,0.0,36.0,0.7317
Ivica Zubac,ivica zubac,28.0,C,LAC,0.13365359604358673,20449000.19466877,0.1336536,0.35,0.13295516339869282,20342140.0,106860.19466876984,False,1.22,0.4012989988211679,-1.216,19.0,30.88372093023256,43.0,2.0,32.0,0.5244
Ausar Thompson,ausar thompson,23.0,SF,DET,0.13358980417251587,20439240.038394928,0.1335898,0.25,0.07266617647058823,11117925.0,9321315.038394928,False,0.84,2.934193540087612,4.636,16.9,25.972602739726028,73.0,0.0,5.0,0.8902
Walker Kessler,walker kessler,24.0,C,UTA,0.13211031258106232,20212877.824902534,0.13211031,0.25,,,,True,0.64,-0.1245422632085677,2.285,16.5,30.8,5.0,0.85,22.0,0.061
Matas Buzelis,matas buzelis,21.0,PF,CHI,0.1306305080652237,19986467.733979225,0.13063051,0.25,0.037355294117647056,5715360.0,14271107.733979225,False,-0.82,-0.955993449610081,-1.302,22.8,29.194805194805195,77.0,0.5,11.0,0.939
Tyler Herro,tyler herro,26.0,SG,MIA,0.13015493750572205,19913705.438375473,0.13015494,0.3,0.21568627450980393,33000000.0,-13086294.561624527,False,0.55,0.0788717384946752,0.767,24.7,31.303030303030305,33.0,0.0,13.0,0.4024
Jaime Jaquez Jr.,jaime jaquez jr.,24.0,SF,MIA,0.12895086407661438,19729482.203722,0.12895086,0.25,,,,True,-0.48,-0.7295455475082769,0.129,22.3,28.28,75.0,0.85,18.0,0.9146
Norman Powell,norman powell,32.0,SG,MIA,0.12519407272338867,19154693.126678467,0.12519407,0.35,,,,True,0.51,0.8520684263087932,1.64,27.2,29.603448275862068,58.0,0.0,46.0,0.7073
Josh Hart,josh hart,30.0,SF,NYK,0.12510715425014496,19141394.60027218,0.12510715,0.3,0.13675660130718953,20923760.0,-1782365.3997278214,False,0.53,1.607636128509971,2.047,16.7,30.21212121212121,66.0,0.0,30.0,0.8049
Cason Wallace,cason wallace,22.0,SG,OKC,0.12167859077453613,18616824.38850403,0.12167859,0.25,0.048502,7420806.0,11196018.388504028,False,1.55,1.9293290369309497,3.585,14.5,26.571428571428573,77.0,0.425,10.0,0.939
Neemias Queta,neemias queta,26.0,C,BOS,0.1215302124619484,18594122.506678104,0.12153021,0.25,0.01743754248366013,2667944.0,15926178.506678104,False,1.02,3.686041797998474,3.922,14.7,25.342105263157894,76.0,0.0,39.0,0.9268
CJ McCollum,cj mccollum,34.0,PG,ATL,0.12075464427471161,18475460.574030876,0.120754644,0.35,0.13725490196078433,21000000.0,-2524539.425969124,False,1.15,0.3900660357614145,0.814,26.9,28.829268292682926,41.0,0.0,10.0,0.5
Julian Champagnie,julian champagnie,24.0,SF,SAS,0.12027205526828766,18401624.45604801,0.120272055,0.25,0.0196078431372549,3000000.0,15401624.456048012,False,1.84,1.6112975346302931,1.806,15.2,27.634146341463413,82.0,0.0,75.0,1.0
Andrew Nembhard,andrew nembhard,26.0,PG,IND,0.11854396760463715,18137227.043509483,0.11854397,0.25,0.12777882352941178,19550160.0,-1412932.9564905167,False,-0.21,0.3755625272661924,-1.131,23.6,31.333333333333332,57.0,0.0,31.0,0.6951
Grayson Allen,grayson allen,30.0,SG,PHO,0.11801768839359283,18056706.324219704,0.11801769,0.3,0.1184640522875817,18125000.0,-68293.67578029633,False,0.4,1.2722555946735603,2.109,23.8,28.764705882352942,51.0,0.0,21.0,0.622
Andrew Wiggins,andrew wiggins,30.0,SF,MIA,0.11719207465648651,17930387.422442436,0.117192075,0.35,0.1971872156862745,30169644.0,-12239256.577557564,False,-0.49,0.4724024149727444,0.446,19.7,30.33823529411765,68.0,0.0,1.0,0.8293
Wendell Carter Jr.,wendell carter jr.,26.0,C,ORL,0.11661993712186813,17842850.379645824,0.11661994,0.3,,,,True,0.67,0.2537359047281156,-0.487,15.6,29.333333333333332,78.0,0.0,7.0,0.9512
Kelly Oubre Jr.,kelly oubre jr.,30.0,SF,PHI,0.11644960939884186,17816790.238022804,0.11644961,0.35,,,,True,-0.21,-1.8728308263696647,-0.527,18.2,31.48,50.0,0.0,15.0,0.6098
Dylan Harper,dylan harper,19.0,SG,SAS,0.11644647270441055,17816310.323774815,0.11644647,0.25,0.0848956862745098,12989040.0,4827270.323774815,False,1.6,1.213301744859714,2.692,21.8,22.579710144927535,69.0,0.0,75.0,0.8415
P.J. Washington,p.j. washington,27.0,PF,DAL,0.11574339121580124,17708738.85601759,0.11574339,0.3,,,,True,-1.04,-0.3179445541867295,-1.389,20.1,31.0,56.0,0.0,12.0,0.6829
Coby White,coby white,25.0,SG,CHI,0.11542349308729172,17659794.442355633,0.11542349,0.3,,,,True,0.22,0.2450162127825386,-0.612,27.1,29.06896551724138,29.0,0.05,7.0,0.3537
VJ Edgecombe,vj edgecombe,20.0,SG,PHI,0.1151035949587822,17610850.028693676,0.115103595,0.25,0.07623450980392157,11663880.0,5946970.028693676,False,-0.48,-0.1615192599943329,0.951,20.1,34.973333333333336,75.0,0.0,75.0,0.9146
Cameron Johnson,cameron johnson,29.0,SF,DEN,0.11395442485809326,17435027.00328827,0.113954425,0.3,0.15073529411764705,23062500.0,-5627472.996711731,False,0.76,0.0782883345610715,0.934,15.1,30.5,54.0,0.0,11.0,0.6585
Bennedict Mathurin,bennedict mathurin,23.0,SF,IND,0.11353658884763718,17371098.093688488,0.11353659,0.25,,,,True,-1.66,0.4596194411368628,-3.281,23.2,31.821428571428573,28.0,0.85,6.0,0.3415
Peyton Watson,peyton watson,23.0,SF,DEN,0.11314947158098221,17311869.151890278,0.11314947,0.25,,,,True,-0.81,-1.251054584684424,0.179,20.6,29.59259259259259,54.0,0.0,30.0,0.6585
DeMar DeRozan,demar derozan,36.0,PF,SAC,0.11081119626760483,16954113.02894354,0.110811196,0.35,0.16823529411764707,25740000.0,-8785886.971056461,False,-1.6,-0.5112284043982824,0.32,22.8,31.246753246753247,77.0,1.2,9.0,0.939
Trae Young,trae young,27.0,PG,ATL,0.1108052060008049,16953196.51812315,0.110805206,0.3,,,,True,0.59,1.2662407902406172,0.697,28.8,28.0,10.0,1.3,5.0,0.122
Ajay Mitchell,ajay mitchell,23.0,SG,OKC,0.11062157154083252,16925100.445747375,0.11062157,0.25,0.018627450980392157,2850000.0,14075100.445747375,False,0.95,2.211176801408322,4.022,21.8,25.842105263157894,57.0,0.0,38.0,0.6951
Marcus Smart,marcus smart,31.0,SG,LAL,0.10970274358987808,16784519.769251347,0.10970274,0.35,0.03523333333333333,5390700.0,11393819.769251347,False,0.98,0.3589072896880312,0.459,15.4,28.532258064516128,62.0,1.2,6.0,0.7561
Dillon Brooks,dillon brooks,30.0,SF,PHO,0.10841484367847443,16587471.082806587,0.10841484,0.3,0.1306714183006536,19992727.0,-3405255.917193413,False,-0.21,-0.8323829011329842,-1.04,28.6,30.392857142857142,56.0,1.3,45.0,0.6829
Naz Reid,naz reid,26.0,C,MIN,0.10750739276409149,16448631.092905998,0.10750739,0.3,0.15212981699346406,23275862.0,-6827230.907094002,False,0.21,1.4093369403851488,-0.363,22.1,26.064935064935064,77.0,0.0,75.0,0.939
Jakob Poeltl,jakob poeltl,30.0,C,TOR,0.10704607516527176,16378049.50028658,0.107046075,0.35,0.12745098039215685,19500000.0,-3121950.499713421,False,2.21,-0.3217874392332521,0.901,15.3,24.97826086956522,46.0,0.0,9.0,0.561
Tari Eason,tari eason,24.0,PF,HOU,0.10678496211767197,16338099.20400381,0.10678496,0.25,,,,True,0.64,0.1631047641602607,0.679,18.7,25.816666666666666,60.0,0.425,17.0,0.7317
Christian Braun,christian braun,24.0,SG,DEN,0.10634605586528778,16270946.54738903,0.106346056,0.25,0.140860954248366,21551726.0,-5280779.45261097,False,0.58,-0.4633209897194799,0.888,14.8,31.795454545454547,44.0,0.0,21.0,0.5366
Deandre Ayton,deandre ayton,27.0,C,LAL,0.10630541294813156,16264728.181064129,0.10630541,0.3,0.05296732026143791,8104000.0,8160728.181064129,False,0.17,-0.4476095265576651,-0.74,16.7,27.194444444444443,72.0,0.0,1.0,0.878
Quentin Grimes,quentin grimes,25.0,SG,PHI,0.10621893405914307,16251496.91104889,0.106218934,0.25,,,,True,-1.21,-0.9906360333341644,-0.609,19.0,29.413333333333334,75.0,0.0,25.0,0.9146
John Collins,john collins,28.0,PF,LAC,0.10503097623586655,16069739.364087582,0.105030976,0.3,,,,True,0.33,0.577514445977359,0.371,19.5,27.130434782608695,69.0,0.0,19.0,0.8415
Alex Caruso,alex caruso,31.0,SG,OKC,0.10268725454807281,15711149.94585514,0.102687255,0.35,0.12777882352941178,19550160.0,-3839010.0541448593,False,2.04,2.256691461831319,3.593,15.7,18.214285714285715,56.0,3.65,75.0,0.6829
Dariq Whitehead,dariq whitehead,21.0,SF,MEM,0.10104916244745255,15460521.85446024,0.10104916,0.25,,,,True,-2.6,-1.4660216921256488,-6.495,24.1,30.5,6.0,0.0,22.0,0.0732
Toumani Camara,toumani camara,25.0,PF,POR,0.10071524232625961,15409432.07591772,0.10071524,0.25,0.11817227450980392,18080358.0,-2670925.924082279,False,0.57,0.1171222569576441,0.252,16.3,33.30487804878049,82.0,2.0,52.0,1.0
Herbert Jones,herbert jones,27.0,SF,NOP,0.09965094178915024,15246594.093739986,0.09965094,0.25,0.09737768627450981,14898786.0,347808.0937399864,False,0.84,-0.2376424205460855,-1.225,15.2,28.357142857142858,56.0,2.75,35.0,0.6829
Reed Sheppard,reed sheppard,21.0,SG,HOU,0.09953398257493973,15228699.333965778,0.09953398,0.25,0.07260705882352941,11108880.0,4119819.3339657784,False,0.02,-0.5487491908315547,2.91,21.7,26.182926829268293,82.0,0.0,3.0,1.0
Kyshawn George,kyshawn george,22.0,SF,WAS,0.09915608912706375,15170881.636440754,0.09915609,0.25,0.02031372549019608,3108000.0,12062881.636440754,False,-1.08,-1.1082768666654568,-2.404,22.8,28.979166666666668,48.0,0.0,24.0,0.5854
Aaron Nesmith,aaron nesmith,26.0,SF,IND,0.09907607734203339,15158639.833331108,0.09907608,0.25,0.0718954248366013,11000000.0,4158639.833331108,False,-0.09,-1.2004697661871877,-3.081,19.8,29.666666666666668,45.0,0.0,14.0,0.5488
Zach LaVine,zach lavine,30.0,SG,SAC,0.09813331812620163,15014397.67330885,0.09813332,0.35,0.32004823529411763,48967380.0,-33952982.32669115,False,-2.31,-0.9677684075246528,-1.861,23.7,31.384615384615383,39.0,0.0,13.0,0.4756
Domantas Sabonis,domantas sabonis,29.0,C,SAC,0.0975608304142952,14926807.053387165,0.09756083,0.35,0.29720261437908496,45472000.0,-30545192.946612835,False,-0.72,1.6512917395262487,-2.054,23.0,29.68421052631579,19.0,3.0,11.0,0.2317
Jalen Smith,jalen smith,25.0,C,CHI,0.09572847187519073,14646456.196904182,0.09572847,0.25,0.06162464705882353,9428571.0,5217885.196904182,False,1.18,1.329183533140475,-0.337,19.0,20.660377358490567,53.0,0.0,10.0,0.6463
Collin Gillespie,collin gillespie,26.0,PG,PHO,0.09520182013511658,14565878.480672836,0.09520182,0.3,,,,True,0.68,1.849261355311284,1.419,18.7,28.525,80.0,0.0,75.0,0.9756
Sandro Mamukelashvili,sandro mamukelashvili,26.0,C,TOR,0.09447681903839111,14454953.31287384,0.09447682,0.25,0.018309450980392158,2801346.0,11653607.31287384,False,1.45,1.99226921094961,1.782,18.8,21.8875,80.0,0.0,54.0,0.9756
Kel'el Ware,kel'el ware,21.0,C,MIA,0.09391668438911438,14369252.7115345,0.093916684,0.25,0.030424313725490197,4654920.0,9714332.7115345,False,-0.05,1.473780831198929,0.661,18.0,22.12987012987013,77.0,0.5,15.0,0.939
Tobias Harris,tobias harris,33.0,PF,DET,0.0932922214269638,14273709.878325462,0.09329222,0.35,,,,True,0.63,1.6579911162959875,2.152,18.8,27.714285714285715,63.0,0.0,19.0,0.7683
Keldon Johnson,keldon johnson,26.0,SF,SAS,0.09307269752025604,14240122.720599174,0.0930727,0.3,0.11437908496732026,17500000.0,-3259877.2794008255,False,-0.24,0.8392388034961392,1.628,21.0,23.304878048780488,82.0,0.0,29.0,1.0
Jerami Grant,jerami grant,31.0,PF,POR,0.09221763908863068,14109298.780560493,0.09221764,0.35,0.22357449673202615,34206898.0,-20097599.219439507,False,-0.55,0.1681888455035956,0.457,23.8,29.736842105263158,57.0,0.0,39.0,0.6951
bub carrington,bub carrington,20.0,PG,WAS,0.09115831553936005,13947222.277522087,0.091158316,0.25,0.03202980392156863,4900560.0,9046662.277522087,False,,-5.07189591349135,-5.894,18.0,27.695121951219512,82.0,0.5,14.0,1.0
Dejounte Murray,dejounte murray,29.0,PG,NOP,0.09056463837623596,13856389.671564102,0.09056464,0.35,0.21428150980392158,32785071.0,-18928681.328435898,False,0.4,1.3098538414154155,1.193,26.6,27.785714285714285,14.0,0.0,29.0,0.1707
alex sarr,alex sarr,20.0,C,WAS,0.08973722159862518,13729794.904589653,0.08973722,0.25,0.08085411764705883,12370680.0,1359114.904589653,False,,-0.2533882692240912,-1.561,25.7,27.1875,48.0,1.0,2.0,0.5854
Brice Sensabaugh,brice sensabaugh,22.0,SF,UTA,0.08932536095380783,13666780.225932598,0.08932536,0.25,0.03177932679738562,4862237.0,8804543.225932598,False,-0.51,-1.9604852475078065,-2.837,24.9,23.493333333333332,75.0,0.0,28.0,0.9146
Moses Moody,moses moody,23.0,SG,GSW,0.08925526589155197,13656055.681407452,0.089255266,0.25,0.08169934640522876,12500000.0,1156055.6814074516,False,0.56,0.2664715681464635,0.806,18.3,25.666666666666668,60.0,0.0,14.0,0.7317
Jalen Green,jalen green,23.0,SG,PHO,0.08859290182590485,13554713.979363441,0.0885929,0.25,0.2369357254901961,36251166.0,-22696452.02063656,False,0.02,-0.3946283800214347,-0.677,31.9,25.875,32.0,0.4,2.0,0.3902
Myles Turner,myles turner,29.0,C,MIL,0.08809516578912735,13478560.365736485,0.088095166,0.35,0.17375270588235295,26584164.0,-13105603.634263515,False,-0.03,-0.3043786132835626,-1.833,18.6,26.929577464788732,71.0,0.0,11.0,0.8659
Draymond Green,draymond green,35.0,PF,GSW,0.08642354607582092,13222802.549600601,0.086423546,0.35,0.1809056928104575,27678571.0,-14455768.450399399,False,0.27,-0.9157182477761509,-2.35,16.1,27.485294117647058,68.0,5.4,35.0,0.8293
Paul Reed,paul reed,26.0,C,DET,0.08592688292264938,13146813.087165356,0.08592688,0.25,0.036618882352941175,5602689.0,7544124.087165356,False,1.52,2.789886886303103,5.186,20.6,13.861538461538462,65.0,0.0,58.0,0.7927
Kris Dunn,kris dunn,31.0,PG,LAC,0.08592215180397034,13146089.226007462,0.08592215,0.35,0.03715555555555555,5684800.0,7461289.226007462,False,0.31,0.796888847991976,-0.121,12.4,27.195121951219512,82.0,0.0,5.0,1.0
Davion Mitchell,davion mitchell,27.0,PG,MIA,0.08468255400657654,12956430.76300621,0.084682554,0.25,0.08104575163398693,12400000.0,556430.7630062103,False,-0.18,-0.2261781591052172,0.035,13.6,28.571428571428573,70.0,0.0,9.0,0.8537
Zach Edey,zach edey,23.0,C,MEM,0.08445017039775848,12920876.070857048,0.08445017,0.25,0.041390588235294117,6332760.0,6588116.070857048,False,0.03,0.3299625090469456,1.581,20.2,25.818181818181817,11.0,1.0,9.0,0.1341
De'Anthony Melton,de'anthony melton,27.0,PG,GSW,0.08396491408348083,12846631.854772568,0.083964914,0.3,0.02256064705882353,3451779.0,9394852.854772568,False,0.61,0.7777881398932694,-0.463,25.4,22.959183673469386,49.0,0.0,46.0,0.5976
Santi Aldama,santi aldama,25.0,PF,MEM,0.08318693935871124,12727601.72188282,0.08318694,0.25,0.11115714379084968,17007043.0,-4279441.27811718,False,-0.23,-0.8081846854465103,0.588,20.2,27.86046511627907,43.0,0.0,30.0,0.5244
Kyle Filipowski,kyle filipowski,22.0,C,UTA,0.08305471390485764,12707371.227443218,0.083054714,0.25,0.0196078431372549,3000000.0,9707371.227443218,False,0.46,-0.4553723421726203,-1.747,20.0,23.38961038961039,77.0,0.0,32.0,0.939
Miles McBride,miles mcbride,25.0,SG,NYK,0.0813712552189827,12449802.048504353,0.081371255,0.25,0.02585962745098039,3956523.0,8493279.048504353,False,1.19,0.9715736232916083,2.143,18.2,26.341463414634145,41.0,0.0,36.0,0.5
Bobby Portis,bobby portis,30.0,PF,MIL,0.08039025962352753,12299709.722399712,0.08039026,0.35,0.09491120261437909,14521414.0,-2221704.2776002884,False,-0.93,-1.7077597370873934,-0.418,23.1,24.16417910447761,67.0,0.0,22.0,0.8171
Duncan Robinson,duncan robinson,31.0,SG,DET,0.08000393956899643,12240602.754056454,0.08000394,0.35,0.10452913071895426,15992957.0,-3752354.2459435463,False,0.57,1.274449899667095,1.551,15.8,27.441558441558442,77.0,0.0,75.0,0.939
Harrison Barnes,harrison barnes,33.0,PF,SAS,0.07975462824106216,12202458.120882511,0.07975463,0.35,,,,True,0.49,0.0044191747107985,0.4,14.6,25.792207792207794,77.0,0.0,7.0,0.939
nic claxton,nic claxton,26.0,C,BRK,0.07897078990936279,12082530.856132507,0.07897079,0.3,0.15129233333333333,23147727.0,-11065196.143867493,False,,-1.554624124045723,-1.406,17.7,27.82608695652174,69.0,0.0,31.0,0.8415
Sam Hauser,sam hauser,28.0,PF,BOS,0.07823167741298676,11969446.644186974,0.07823168,0.3,0.0709033660130719,10848215.0,1121231.6441869736,False,0.29,1.219432104998131,0.919,14.5,24.794871794871796,78.0,0.0,75.0,0.9512
Naji Marshall,naji marshall,28.0,SF,DAL,0.07807907462120056,11946098.417043686,0.078079075,0.3,0.06162464705882353,9428571.0,2517527.417043686,False,-1.41,-0.8036742311051763,0.525,20.5,29.513513513513512,74.0,0.0,75.0,0.9024
Steven Adams,steven adams,32.0,C,HOU,0.07784423977136612,11910168.685019016,0.07784424,0.35,0.08496732026143791,13000000.0,-1089831.3149809837,False,1.45,-0.7263191300428518,0.151,12.1,22.8125,32.0,0.0,12.0,0.3902
Precious Achiuwa,precious achiuwa,26.0,C,SAC,0.07680124044418335,11750589.787960052,0.07680124,0.25,,,,True,-0.48,-0.0783802132245243,-1.492,17.6,23.904109589041095,73.0,0.0,20.0,0.8902
Isaiah Joe,isaiah joe,26.0,SG,OKC,0.07634704560041428,11681097.976863384,0.076347046,0.25,0.07400657516339869,11323006.0,358091.97686338425,False,0.25,1.4558173209727765,2.592,18.4,21.225352112676056,71.0,0.0,49.0,0.8659
Rui Hachimura,rui hachimura,27.0,PF,LAL,0.07488183677196503,11456921.02611065,0.07488184,0.3,,,,True,-1.08,-2.056720937616318,-1.234,15.2,28.33823529411765,68.0,0.05,9.0,0.8293
Kennedy Chandler,kennedy chandler,23.0,PG,UTA,0.07441534101963043,11385547.176003456,0.07441534,0.25,,,,True,-2.36,-0.7628377150947644,-2.338,20.7,32.27272727272727,11.0,0.0,38.0,0.1341
Kris Murray,kris murray,25.0,SF,POR,0.07429693639278412,11367431.26809597,0.07429694,0.25,0.03473858823529412,5315004.0,6052427.26809597,False,0.41,-0.9907825592424369,-1.037,10.6,23.385964912280702,57.0,0.0,23.0,0.6951
Day'Ron Sharpe,day'ron sharpe,24.0,C,BRK,0.07420279085636139,11353027.001023293,0.07420279,0.25,0.04084967320261438,6250000.0,5103027.001023293,False,1.26,0.6338288096406597,1.481,19.9,18.70967741935484,62.0,0.0,29.0,0.7561
Goga Bitadze,goga bitadze,26.0,C,ORL,0.07355699688196182,11254220.522940159,0.073557,0.3,0.04973003921568627,7608696.0,3645524.522940159,False,1.02,2.410641789768301,2.016,13.5,15.1875,64.0,0.0,18.0,0.7805
Derrick Jones Jr.,derrick jones jr.,28.0,SF,LAC,0.07235167175531387,11069805.778563023,0.07235167,0.3,,,,True,1.28,-0.0573751402785381,0.329,15.1,27.0,50.0,0.0,75.0,0.6098
Zaccharie Risacher,zaccharie risacher,20.0,SF,ATL,0.07212478667497635,11035092.361271381,0.07212479,0.25,0.09036627450980392,13826040.0,-2790947.6387286186,False,-2.23,-0.1225400320465626,-1.741,17.6,22.432835820895523,67.0,1.0,1.0,0.8171
Tre Jones,tre jones,26.0,PG,CHI,0.07162769138813019,10959036.782383919,0.07162769,0.25,0.05228758169934641,8000000.0,2959036.7823839188,False,-0.25,0.8062213346810706,1.951,19.2,26.953846153846154,65.0,0.0,41.0,0.7927
Jake LaRavia,jake laravia,24.0,PF,LAL,0.07050812244415283,10787742.733955383,0.07050812,0.25,0.0392156862745098,6000000.0,4787742.733955383,False,-0.67,-0.9034090856489162,-0.366,14.4,25.134146341463413,82.0,0.0,19.0,1.0
Noah Clowney,noah clowney,21.0,PF,BRK,0.07046230137348175,10780732.110142708,0.0704623,0.25,0.0353858431372549,5414034.0,5366698.110142708,False,-1.47,-2.780679994542238,-2.457,20.4,26.96969696969697,66.0,0.0,21.0,0.8049
Russell Westbrook,russell westbrook,37.0,SF,SAC,0.07032007724046707,10758971.817791462,0.07032008,0.35,,,,True,-2.47,-0.3190370331184229,-1.999,25.9,28.953125,64.0,0.2,4.0,0.7805
Tristan da Silva,tristan da silva,24.0,SF,ORL,0.06984853744506836,10686826.229095459,0.06984854,0.25,0.02608627450980392,3991200.0,6695626.229095459,False,-0.96,-0.3497713541091599,-0.128,16.2,24.662337662337663,77.0,0.0,18.0,0.939
Max Christie,max christie,22.0,SG,DAL,0.06981457024812698,10681629.247963428,0.06981457,0.25,0.05415499346405229,8285714.0,2395915.2479634285,False,-1.23,-2.0099242117429013,-1.661,16.5,29.142857142857142,77.0,0.0,35.0,0.939
Jaylon Tyson,jaylon tyson,23.0,SG,CLE,0.06943611800670624,10623726.055026054,0.06943612,0.25,0.023912156862745098,3658560.0,6965166.055026054,False,-1.52,0.945521821956786,0.605,19.3,26.924242424242426,66.0,0.0,20.0,0.8049
Ja'Kobe Walter,ja'kobe walter,21.0,SG,TOR,0.06934697926044464,10610087.82684803,0.06934698,0.25,0.02491372549019608,3811800.0,6798287.82684803,False,0.06,-0.1225175017420655,0.571,14.0,20.47222222222222,72.0,0.0,19.0,0.878
Anfernee Simons,anfernee simons,26.0,SG,BOS,0.06906644999980927,10567166.849970818,0.06906645,0.3,,,,True,-1.4,0.6020825304078208,0.953,23.7,24.53061224489796,49.0,0.0,24.0,0.5976
Brandon Williams,brandon williams,26.0,PG,DAL,0.0689675509929657,10552035.301923752,0.06896755,0.3,,,,True,-0.06,1.2613257491021217,-0.521,25.1,22.166666666666668,66.0,0.0,75.0,0.8049
Sam Merrill,sam merrill,29.0,SG,CLE,0.06853051483631134,10485168.769955635,0.068530515,0.25,0.059873954248366015,9160715.0,1324453.769955635,False,0.06,1.40627386420677,1.487,17.0,26.48076923076923,52.0,0.0,60.0,0.6341
Ayo Dosunmu,ayo dosunmu,26.0,SG,CHI,0.06573880463838577,10058037.109673023,0.065738805,0.25,,,,True,-0.59,-0.8869736441644908,1.475,20.8,26.377777777777776,45.0,0.325,38.0,0.5488
Jarace Walker,jarace walker,22.0,PF,IND,0.0646037608385086,9884375.408291817,0.06460376,0.25,0.05541530718954248,8478542.0,1405833.4082918167,False,-1.65,-1.912626635834325,-3.145,20.7,25.69736842105263,76.0,0.0,8.0,0.9268
Ziaire Williams,ziaire williams,24.0,SF,BRK,0.06402277946472168,9795485.258102417,0.06402278,0.25,0.04084967320261438,6250000.0,3545485.258102417,False,-0.81,-0.8284192341155567,-0.773,18.9,22.875,56.0,0.0,10.0,0.6829
Bilal Coulibaly,bilal coulibaly,21.0,SG,WAS,0.06374067813158035,9752323.754131794,0.06374068,0.25,0.06039223529411765,9240012.0,512311.754131794,False,-1.1,-1.6993363646211606,-1.3,19.9,26.214285714285715,56.0,0.0,7.0,0.6829
Grant Williams,grant williams,27.0,PF,CHO,0.06339973211288452,9700159.013271332,0.06339973,0.3,0.09324019607843137,14265750.0,-4565590.986728668,False,1.0,0.5395753208206077,1.471,14.1,19.75,36.0,0.0,22.0,0.439
Dean Wade,dean wade,29.0,PF,CLE,0.06319941580295563,9669510.617852211,0.063199416,0.35,,,,True,0.6,0.8699611767095411,0.235,9.9,22.338983050847457,59.0,0.0,75.0,0.7195
Daniel Gafford,daniel gafford,27.0,C,DAL,0.06275943666696548,9602193.81004572,0.06275944,0.3,0.11283388235294117,17263584.0,-7661390.189954281,False,-0.14,0.7283096741399109,0.135,15.8,21.727272727272727,55.0,0.0,38.0,0.6707
Kyle Kuzma,kyle kuzma,30.0,PF,MIL,0.06270997226238251,9594625.756144524,0.06270997,0.3,0.1329748496732026,20345152.0,-10750526.243855476,False,-2.88,-1.9758070161681875,-1.645,21.8,26.17391304347826,69.0,0.0,27.0,0.8415
Lonzo Ball,lonzo ball,28.0,PG,CLE,0.0625903308391571,9576320.618391037,0.06259033,0.3,,,,True,0.19,0.5609736638627315,-2.056,13.7,20.8,35.0,0.0,2.0,0.4268
Brandon Williams,brandon williams,26.0,PG,DAL,0.06258212774991989,9575065.545737743,0.06258213,0.3,,,,True,-0.06,1.2613257491021217,-0.521,25.1,22.166666666666668,66.0,0.0,75.0,0.8049
Jeremiah Fears,jeremiah fears,19.0,PG,NOP,0.0621115006506443,9503059.599548578,0.0621115,0.25,0.05160941176470588,7896240.0,1606819.5995485783,False,-0.79,-0.6002123052581908,-2.905,25.5,25.75609756097561,82.0,0.0,75.0,1.0
Mark Williams,mark williams,24.0,C,PHO,0.061870772391557693,9466228.175908327,0.061870772,0.25,,,,True,-1.01,0.7462922317849857,1.912,17.4,23.6,60.0,0.0,15.0,0.7317
Kevin Huerter,kevin huerter,27.0,SF,CHI,0.06186625361442566,9465536.803007126,0.061866254,0.3,,,,True,-0.22,0.1372295656204424,-0.586,19.2,23.568181818181817,44.0,0.0,19.0,0.5366
Luke Kornet,luke kornet,30.0,C,SAS,0.06093761324882507,9323454.827070236,0.060937613,0.35,0.06830065359477124,10450000.0,-1126545.1729297638,False,0.43,1.1729338352494074,1.254,10.3,21.029411764705884,68.0,0.0,75.0,0.8293
Cedric Coward,cedric coward,22.0,SG,MEM,0.06087421253323555,9313754.51758504,0.060874213,0.25,0.03922274509803922,6001080.0,3312674.517585039,False,-0.25,-1.5780844889916636,-0.139,21.5,25.774193548387096,62.0,0.0,75.0,0.7561
Yves Missi,yves missi,21.0,C,NOP,0.06032256409525871,9229352.306574583,0.060322564,0.25,0.02295921568627451,3512760.0,5716592.306574583,False,-0.92,0.0862604186429433,-2.568,12.6,19.651515151515152,66.0,0.5,21.0,0.8049
Jordan Goodwin,jordan goodwin,27.0,PG,PHO,0.060206089168787,9211531.642824411,0.06020609,0.3,,,,True,0.6,1.9227650772407243,1.521,17.5,22.457142857142856,70.0,0.0,75.0,0.8537
Luguentz Dort,luguentz dort,26.0,SF,OKC,0.06010589748620987,9196202.31539011,0.060105897,0.3,0.11909949019607843,18222222.0,-9026019.68460989,False,-0.63,-0.6919956149767917,-1.688,14.1,26.797101449275363,69.0,3.0,75.0,0.8415
Derik Queen,derik queen,21.0,C,NOP,0.059916142374277115,9167169.783264399,0.059916142,0.25,0.03539921568627451,5416080.0,3751089.7832643986,False,-0.51,0.0128383347982764,-2.416,21.8,24.97530864197531,81.0,0.0,75.0,0.9878
Collin Murray-Boyles,collin murray-boyles,20.0,PF,TOR,0.05965879559516907,9127795.726060867,0.059658796,0.25,,,,True,0.8,1.0899972076802056,1.491,15.5,21.859649122807017,57.0,0.0,75.0,0.6951
Justin Champagnie,justin champagnie,24.0,SF,WAS,0.059506479650735855,9104491.386562586,0.05950648,0.25,0.01743754248366013,2667944.0,6436547.386562586,False,0.71,-0.5862625493747865,0.012,16.7,19.956521739130434,69.0,0.0,75.0,0.8415
Taylor Hendricks,taylor hendricks,22.0,PF,MEM,0.05944112688302994,9094492.41310358,0.059441127,0.25,0.051018954248366014,7805900.0,1288592.4131035805,False,-0.43,-1.9526800038796803,0.005,18.2,24.076923076923077,26.0,0.0,9.0,0.3171
Josh Okogie,josh okogie,27.0,SG,HOU,0.059342335909605026,9079377.394169569,0.059342336,0.3,,,,True,0.11,-0.6067417158790505,0.017,11.3,17.358974358974358,78.0,0.0,20.0,0.9512
De'Andre Hunter,de'andre hunter,28.0,SF,CLE,0.05904566869139671,9033987.309783697,0.05904567,0.3,0.16281512418300653,24910714.0,-15876726.690216303,False,-1.4,-0.3014314850454314,-2.783,22.9,26.162790697674417,43.0,0.0,4.0,0.5244
Jaylin Williams,jaylin williams,23.0,PF,OKC,0.05895579978823662,9020237.367600203,0.0589558,0.25,0.050814692810457515,7774648.0,1245589.3676002026,False,0.09,1.5859632901196083,0.889,15.6,19.646153846153847,65.0,0.0,34.0,0.7927
Dereck Lively II,dereck lively ii,21.0,C,DAL,0.05871610715985298,8983564.395457506,0.058716107,0.25,0.04731458169934641,7239131.0,1744433.3954575062,False,0.47,0.5558385228469476,-0.952,11.8,16.428571428571427,7.0,0.425,12.0,0.0854
Collin Sexton,collin sexton,27.0,SG,CHO,0.05834409222006798,8926646.1096704,0.058344092,0.3,,,,True,-0.3,-0.3425130188923878,1.639,25.7,22.333333333333332,42.0,0.0,8.0,0.5122
Brandon Clarke,brandon clarke,29.0,PF,MEM,0.05763993039727211,8818909.350782633,0.05763993,0.3,0.08169934640522876,12500000.0,-3681090.649217367,False,1.16,-0.3910709272002079,0.393,22.4,10.0,2.0,0.0,21.0,0.0244
Cam Spencer,cam spencer,25.0,SG,MEM,0.05738116800785065,8779318.705201149,0.057381168,0.25,0.01575875816993464,2411090.0,6368228.705201149,False,-0.58,-0.4024496818123408,1.852,17.2,23.805555555555557,72.0,0.0,53.0,0.878
Brook Lopez,brook lopez,37.0,C,LAC,0.056566279381513596,8654640.74537158,0.05656628,0.35,0.06004901960784314,9187500.0,-532859.2546284199,False,-0.96,0.3758571246175977,-2.135,17.2,21.8,75.0,1.95,10.0,0.9146
Ryan Kalkbrenner,ryan kalkbrenner,24.0,C,CHO,0.056006256490945816,8568957.24311471,0.056006256,0.25,0.01575875816993464,2411090.0,6157867.24311471,False,0.65,0.2470836583385618,0.408,11.6,21.434782608695652,69.0,0.0,75.0,0.8415
Jay Huff,jay huff,27.0,C,IND,0.0555378720164299,8497294.418513775,0.055537872,0.3,0.01743754248366013,2667944.0,5829350.418513775,False,-0.08,0.2840098657892955,-1.736,18.0,20.963414634146343,82.0,0.0,75.0,1.0
Gui Santos,gui santos,23.0,PF,GSW,0.055500105023384094,8491516.068577766,0.055500105,0.25,0.03025901960784314,4629630.0,3861886.0685777664,False,0.59,0.3546599500175279,0.028,18.7,20.514705882352942,68.0,0.0,55.0,0.8293
Klay Thompson,klay thompson,35.0,SF,DAL,0.05538766831159592,8474313.251674175,0.05538767,0.35,0.11411971895424837,17460317.0,-8986003.748325825,False,-1.22,-1.574463535435907,-2.764,22.7,21.695652173913043,69.0,0.0,11.0,0.8415
Clint Capela,clint capela,31.0,C,HOU,0.05517362058162689,8441563.948988914,0.05517362,0.35,0.04598039215686275,7035000.0,1406563.9489889145,False,0.9,0.4665864482081368,0.752,13.7,12.346666666666666,75.0,0.0,25.0,0.9146
Mouhamed Gueye,mouhamed gueye,23.0,PF,ATL,0.055149246007204056,8437834.63910222,0.055149246,0.25,0.015726830065359475,2406205.0,6031629.639102221,False,1.03,0.7074590625308568,-0.226,12.4,15.311688311688311,77.0,0.0,39.0,0.939
Royce O'Neale,royce o'neale,32.0,SF,PHO,0.05447705090045929,8334988.787770271,0.05447705,0.35,0.07107843137254902,10875000.0,-2540011.2122297287,False,-1.25,-1.3485852520502375,-0.964,14.3,28.371794871794872,78.0,0.0,75.0,0.9512
Ryan Dunn,ryan dunn,23.0,SF,PHO,0.05428317189216614,8305325.299501419,0.054283172,0.25,0.01819764705882353,2784240.0,5521085.299501419,False,-0.24,0.3531546146919286,-0.476,13.7,19.357142857142858,70.0,0.0,28.0,0.8537
Patrick Williams,patrick williams,24.0,PF,CHI,0.054282594472169876,8305236.954241991,0.054282594,0.25,0.11764705882352941,18000000.0,-9694763.045758009,False,-2.7,-2.463324378244191,-4.802,16.6,20.47222222222222,72.0,0.05,4.0,0.878
Isaac Okoro,isaac okoro,25.0,SG,CHI,0.054025571793317795,8265912.484377623,0.05402557,0.25,0.07722100653594771,11814814.0,-3548901.5156223774,False,-1.24,-2.563398017398722,-2.646,13.6,26.904761904761905,63.0,0.05,5.0,0.7683
Malik Monk,malik monk,27.0,SG,SAC,0.05392418056726456,8250399.626791477,0.05392418,0.3,0.13196101307189542,20190035.0,-11939635.373208523,False,-0.77,-0.9266033927503604,-1.848,24.0,22.0,62.0,0.0,11.0,0.7561
bones hyland,bones hyland,25.0,PG,MIN,0.05366015061736107,8210003.0444562435,0.05366015,0.25,,,,True,,1.5124741592641944,-0.055,20.6,16.577464788732396,71.0,0.325,26.0,0.8659
Landry Shamet,landry shamet,28.0,SG,NYK,0.05273574963212013,8068569.69371438,0.05273575,0.3,,,,True,0.52,0.8428587216295564,0.355,15.7,22.96078431372549,51.0,0.0,26.0,0.622
Baylor Scheierman,baylor scheierman,25.0,SG,BOS,0.05256447568535805,8042364.779859781,0.052564476,0.25,0.017934901960784313,2744040.0,5298324.779859781,False,-0.7,0.4207986820512422,0.501,11.9,18.558441558441558,77.0,0.0,30.0,0.939
Luka Garza,luka garza,27.0,C,BOS,0.0510735958814621,7814260.169863701,0.051073596,0.25,0.018309450980392158,2801346.0,5012914.169863701,False,0.91,1.0791736012976147,1.253,17.7,16.202898550724637,69.0,0.0,52.0,0.8415
Jose Alvarado,jose alvarado,27.0,PG,NOP,0.05092700943350792,7791832.443326712,0.05092701,0.3,0.029411764705882353,4500000.0,3291832.4433267117,False,0.27,-0.1682009205522117,-2.242,15.7,21.853658536585368,41.0,0.0,75.0,0.5
Dominick Barlow,dominick barlow,22.0,PF,PHI,0.050789035856723785,7770722.486078739,0.050789036,0.25,0.022320261437908495,3415000.0,4355722.486078739,False,-0.25,-0.7233312643247802,-0.187,12.8,23.788732394366196,71.0,0.0,75.0,0.8659
Gradey Dick,gradey dick,22.0,SG,TOR,0.05052601546049118,7730480.365455151,0.050526015,0.25,0.046611183006535946,7131511.0,598969.3654551506,False,-1.93,-1.8272482766498124,-1.315,18.7,14.039473684210526,76.0,0.0,13.0,0.9268
Aaron Wiggins,aaron wiggins,27.0,SG,OKC,0.050255730748176575,7689126.804471016,0.05025573,0.25,0.06028954248366013,9224300.0,-1535173.195528984,False,-0.53,0.0612794633729413,-0.669,19.9,21.753846153846155,65.0,0.0,55.0,0.7927
Ace Bailey,ace bailey,19.0,SF,UTA,0.05004578456282616,7657005.038112402,0.050045785,0.25,0.06224235294117647,9523080.0,-1866074.961887598,False,-2.2,-2.687211075213887,-4.016,21.4,27.61111111111111,72.0,0.0,75.0,0.878
Isaiah Collier,isaiah collier,21.0,PG,UTA,0.04984334856271744,7626032.330095768,0.04984335,0.25,0.018065098039215688,2763960.0,4862072.330095768,False,-1.76,-1.337407533923935,-2.617,20.4,25.71186440677966,59.0,0.0,29.0,0.7195
Josh Green,josh green,25.0,SG,CHO,0.049751415848731995,7611966.624855995,0.049751416,0.25,0.09594125490196079,14679012.0,-7067045.375144005,False,0.19,-0.7435680697096059,0.936,10.6,15.655172413793103,58.0,0.0,18.0,0.7073
Gary Payton II,gary payton ii,33.0,SG,GSW,0.049710992723703384,7605781.886726618,0.049710993,0.35,,,,True,-0.06,1.874196340278264,2.668,18.4,15.643835616438356,73.0,0.0,75.0,0.8902
Lucas Williamson,lucas williamson,27.0,SG,MEM,0.04911812022328377,7515072.394162416,0.04911812,0.3,,,,True,-2.71,-1.5482517532998497,-4.177,16.4,32.0,7.0,0.0,75.0,0.0854
Scoot Henderson,scoot henderson,21.0,PG,POR,0.0491071455180645,7513393.264263868,0.049107146,0.25,0.08879426797385621,13585523.0,-6072129.735736132,False,-0.86,-0.3674551667314817,-1.451,25.0,24.933333333333334,30.0,0.0,3.0,0.3659
Jamal Shead,jamal shead,23.0,PG,TOR,0.04857116937637329,7431388.9145851135,0.04857117,0.25,0.015008307189542484,2296271.0,5135117.9145851135,False,-0.49,0.3772674632266252,-0.768,15.5,22.585365853658537,82.0,0.0,45.0,1.0
Jaylen Wells,jaylen wells,22.0,SG,MEM,0.04796309396624565,7338353.376835585,0.047963094,0.25,0.015008307189542484,2296271.0,5042082.376835585,False,-0.92,-1.895112647857408,-1.768,19.3,26.391304347826086,69.0,1.0,39.0,0.8415
Matisse Thybulle,matisse thybulle,28.0,SG,POR,0.047867901623249054,7323788.948357105,0.0478679,0.3,,,,True,0.78,1.5645264605760043,6.838,14.7,16.0,30.0,2.1,20.0,0.3659
Jonathan Kuminga,jonathan kuminga,23.0,PF,GSW,0.047671083360910416,7293675.754219294,0.047671083,0.25,0.1588235294117647,24300000.0,-17006324.245780706,False,-1.3,-0.0267310178733668,-3.883,24.0,23.8,20.0,0.0,7.0,0.2439
Pelle Larsson,pelle larsson,24.0,SG,MIA,0.04747634753584862,7263881.1729848385,0.047476348,0.25,0.015008307189542484,2296271.0,4967610.1729848385,False,-0.69,0.090131663688811,-0.051,16.8,26.414285714285715,70.0,0.0,44.0,0.8537
Cody Williams,cody williams,21.0,SG,UTA,0.04727863520383835,7233631.186187267,0.047278635,0.25,0.03931764705882353,6015600.0,1218031.1861872673,False,-3.0,-2.9591747381153737,-4.04,16.0,24.34328358208955,67.0,0.0,10.0,0.8171
Bruce Brown,bruce brown,29.0,SG,DEN,0.04682374373078346,7164032.79080987,0.046823744,0.3,,,,True,-2.81,-1.5724783081512737,-1.345,14.5,24.365853658536587,82.0,0.0,42.0,1.0
Tristan Vukcevic,tristan vukcevic,22.0,C,WAS,0.04681554436683655,7162778.288125992,0.046815544,0.25,,,,True,0.8,-0.1700506842217932,-3.47,26.6,13.693877551020408,49.0,0.0,75.0,0.5976
Ousmane Dieng,ousmane dieng,22.0,C,MIL,0.04671173170208931,7146894.950419664,0.04671173,0.25,,,,True,-3.7,-1.5238766972304645,-5.885,21.5,26.8,30.0,0.0,11.0,0.3659
Luke Kennard,luke kennard,29.0,SG,ATL,0.04655155912041664,7122388.545423746,0.04655156,0.3,,,,True,-0.47,-1.6365017217291573,0.486,12.7,20.52173913043478,46.0,0.0,12.0,0.561
Kentavious Caldwell-Pope,kentavious caldwell-pope,32.0,SG,MEM,0.0464620403945446,7108692.180365324,0.04646204,0.35,,,,True,-0.98,-1.547281267123958,-2.015,17.7,21.333333333333332,51.0,0.0,8.0,0.622
Svi Mykhailiuk,svi mykhailiuk,28.0,SF,UTA,0.04642590135335922,7103162.907063961,0.0464259,0.3,0.02516339869281046,3850000.0,3253162.907063961,False,-0.6,-2.215713149681794,-2.133,14.8,23.12,50.0,0.0,47.0,0.6098
Ben Sheppard,ben sheppard,24.0,SG,IND,0.04555782303214073,6970346.923917532,0.045557823,0.25,0.03288672549019608,5031669.0,1938677.923917532,False,-1.4,-1.582195716222473,-2.58,13.8,21.384615384615383,65.0,0.0,26.0,0.7927
Isaiah Stewart,isaiah stewart,24.0,C,DET,0.045463480055332184,6955912.448465824,0.04546348,0.25,0.09803921568627451,15000000.0,-8044087.551534176,False,-1.85,0.0532469696780846,-2.019,16.6,22.70689655172414,58.0,0.05,16.0,0.7073
Olivier-Maxence Prosper,olivier-maxence prosper,23.0,PF,MEM,0.04495477303862572,6878080.274909735,0.044954773,0.25,,,,True,-0.07,-1.757698917863523,-0.326,18.9,18.566037735849058,53.0,0.0,24.0,0.6463
Jarred Vanderbilt,jarred vanderbilt,26.0,PF,LAL,0.04465073347091675,6831562.221050262,0.044650733,0.3,0.08123249019607844,12428571.0,-5597008.778949738,False,0.63,-0.4746665979659765,-1.231,12.4,17.353846153846153,65.0,0.0,41.0,0.7927
Jock Landale,jock landale,30.0,C,MEM,0.0446450375020504,6830690.737813711,0.044645038,0.35,,,,True,-0.67,-0.1131101714637671,-1.936,18.6,23.555555555555557,45.0,0.0,75.0,0.5488
Oso Ighodaro,oso ighodaro,23.0,PF,PHO,0.04464147984981537,6830146.417021751,0.04464148,0.25,0.015008307189542484,2296271.0,4533875.417021751,False,0.62,0.5540186894943457,1.25,12.2,22.048780487804876,82.0,0.0,40.0,1.0
Jaxson Hayes,jaxson hayes,25.0,C,LAL,0.04440926015377045,6794616.803526878,0.04440926,0.3,,,,True,0.07,0.8445893430012317,0.454,13.0,18.28787878787879,66.0,0.0,8.0,0.8049
Jordan Clarkson,jordan clarkson,33.0,SG,NYK,0.04423956573009491,6768653.556704521,0.044239566,0.35,,,,True,-1.74,-1.250083408340688,-1.622,21.1,17.76388888888889,72.0,0.0,46.0,0.878
John Konchar,john konchar,29.0,SG,UTA,0.04384203627705574,6707831.550389528,0.043842036,0.35,0.04029411764705882,6165000.0,542831.5503895283,False,-0.3,0.3551738498954309,1.976,9.8,26.153846153846153,26.0,0.0,75.0,0.3171
Jonathan Isaac,jonathan isaac,28.0,PF,ORL,0.04355836287140846,6664429.519325495,0.043558363,0.3,0.09477124183006536,14500000.0,-7835570.480674505,False,0.69,0.6713845957006315,-1.939,12.4,10.01923076923077,52.0,0.0,6.0,0.6341
Simone Fontecchio,simone fontecchio,30.0,SF,MIA,0.04336125776171684,6634272.437542677,0.043361258,0.35,,,,True,0.0,0.3407992663421232,-0.236,19.6,16.757142857142856,70.0,0.0,75.0,0.8537
Jordan Poole,jordan poole,26.0,PG,NOP,0.04319491609930992,6608822.163194418,0.043194916,0.3,0.222514,34044642.0,-27435819.836805582,False,-1.86,-0.9675519971474408,-4.644,25.1,23.923076923076923,39.0,0.0,28.0,0.4756
Kobe Brown,kobe brown,26.0,PF,IND,0.04222143441438675,6459879.465401173,0.042221434,0.25,0.03132064705882353,4792059.0,1667820.4654011726,False,-0.98,-2.3391917988200235,-2.394,15.2,24.74074074074074,27.0,0.0,30.0,0.3293
Nicolas Batum,nicolas batum,37.0,PF,LAC,0.041597653180360794,6364440.9365952015,0.041597653,0.35,0.03844235294117647,5881680.0,482760.9365952015,False,-1.62,-1.377148098240981,-2.11,9.6,17.5,74.0,0.0,25.0,0.9024
Khris Middleton,khris middleton,34.0,SF,WAS,0.04118424654006958,6301189.720630646,0.041184247,0.35,,,,True,-1.42,-1.3966516304527246,-3.081,19.6,24.323529411764707,34.0,0.0,39.0,0.4146
Max Strus,max strus,29.0,SF,CLE,0.040933843702077866,6262878.086417913,0.040933844,0.35,0.10889435294117647,16660836.0,-10397957.913582087,False,-0.19,-0.0664757844784323,-1.599,17.4,24.0,12.0,0.0,75.0,0.1463
Javonte Green,javonte green,32.0,SG,DET,0.04093151167035103,6262521.285563707,0.04093151,0.35,,,,True,0.53,1.2163550155677876,3.271,14.8,17.634146341463413,82.0,0.0,75.0,1.0
Maxime Raynaud,maxime raynaud,22.0,C,SAC,0.040703803300857544,6227681.905031204,0.040703803,0.25,0.014058281045751634,2150917.0,4076764.905031204,False,-1.71,-1.9828521152292728,-3.249,18.2,26.54054054054054,74.0,0.0,75.0,0.9024
Jordan Walsh,jordan walsh,21.0,PF,BOS,0.04058612138032913,6209676.571190357,0.04058612,0.25,0.015726830065359475,2406205.0,3803471.571190357,False,0.57,0.2428639269405395,0.99,11.7,17.823529411764707,68.0,0.0,38.0,0.8293
Leonard Miller,leonard miller,22.0,SF,CHI,0.040386758744716644,6179174.087941647,0.04038676,0.25,0.015726830065359475,2406205.0,3772969.0879416466,False,-0.95,-0.5258015370573497,0.147,18.3,23.11111111111111,27.0,0.0,33.0,0.3293
Tre Johnson,tre johnson,19.0,SG,WAS,0.040311168879270554,6167608.838528395,0.04031117,0.25,0.05653333333333333,8649600.0,-2481991.1614716053,False,-3.05,-4.127531270633723,-4.205,22.5,24.05,60.0,0.0,75.0,0.7317
Andre Drummond,andre drummond,32.0,C,PHI,0.04016788676381111,6145686.6748631,0.040167887,0.35,,,,True,-1.1,0.2901883020971737,-2.063,14.9,19.53968253968254,63.0,0.0,9.0,0.7683
Alondes Williams,alondes williams,26.0,SG,WAS,0.039706964045763016,6075165.499001741,0.039706964,0.3,,,,True,-0.42,0.097563023209206,4.159,14.3,25.25,4.0,0.0,75.0,0.0488
Jaden Ivey,jaden ivey,23.0,SG,DET,0.03952720761299133,6047662.764787674,0.039527208,0.25,,,,True,-1.72,-1.1784791373947603,-0.998,20.4,16.818181818181817,33.0,0.425,5.0,0.4024
Bradley Beal,bradley beal,32.0,SG,LAC,0.03903491795063019,5972342.446446419,0.039034918,0.35,0.12668633986928104,19383010.0,-13410667.553553581,False,-1.41,-0.4750823784144115,-7.17,22.2,20.166666666666668,6.0,0.2,3.0,0.0732
Jordan Miller,jordan miller,26.0,SF,LAC,0.038930486887693405,5956364.493817091,0.038930487,0.25,0.01632556862745098,2497812.0,3458552.493817091,False,-0.09,-0.0296469753162248,0.23,18.0,22.083333333333332,60.0,0.0,48.0,0.7317
Will Richard,will richard,23.0,SG,GSW,0.03882501646876335,5940227.519720793,0.038825016,0.25,0.014058281045751634,2150917.0,3789310.519720793,False,-0.58,-0.5677843098451297,-0.483,13.0,19.956521739130434,69.0,0.0,75.0,0.8415
Josh Minott,josh minott,23.0,PF,BOS,0.0387517474591732,5929017.3612535,0.038751747,0.25,0.01689241176470588,2584539.0,3344478.3612535,False,1.17,0.1695911781276792,2.316,13.8,15.93939393939394,33.0,0.0,45.0,0.4024
Kyle Anderson,kyle anderson,32.0,SF,UTA,0.03861496224999428,5908089.2242491245,0.038614962,0.35,,,,True,-1.3,-0.3747927454712778,-0.218,14.6,20.05,20.0,0.0,30.0,0.2439
Obi Toppin,obi toppin,27.0,PF,IND,0.03851599246263504,5892946.846783161,0.038515992,0.25,0.09803921568627451,15000000.0,-9107053.153216839,False,-0.27,1.2061654298148872,1.628,24.8,17.666666666666668,24.0,0.0,8.0,0.2927
Daniss Jenkins,daniss jenkins,24.0,PG,DET,0.037902653217315674,5799105.942249298,0.037902653,0.25,0.026143790849673203,4000000.0,1799105.942249298,False,-1.66,0.4929666515072924,-0.746,21.5,20.208333333333332,72.0,0.0,75.0,0.878
Scotty Pippen Jr.,scotty pippen jr.,25.0,PG,MEM,0.037428323179483414,5726533.446460962,0.037428323,0.25,,,,True,0.12,-0.5648669761342583,-0.521,26.1,21.2,10.0,0.0,75.0,0.122
Zach Collins,zach collins,28.0,C,CHI,0.03722388297319412,5695254.094898701,0.037223883,0.3,,,,True,0.01,0.7210303978302217,-0.603,18.8,18.4,10.0,0.0,10.0,0.122
Jeremy Sochan,jeremy sochan,22.0,PF,SAS,0.03651166707277298,5586285.062134266,0.036511667,0.25,,,,True,-0.57,-1.7189266072039722,-3.993,14.6,12.785714285714286,28.0,0.425,9.0,0.3415
Al Horford,al horford,39.0,C,GSW,0.0364348366856575,5574530.012905598,0.036434837,0.35,0.039014705882352944,5969250.0,-394719.9870944023,False,-1.13,1.378834385901207,-1.242,16.5,21.533333333333335,45.0,0.0,3.0,0.5488
Marvin Bagley III,marvin bagley iii,26.0,PF,WAS,0.03630005940794945,5553909.0894162655,0.03630006,0.3,,,,True,-1.21,0.2407566023488486,0.875,19.0,19.236842105263158,38.0,0.0,2.0,0.4634
Dru Smith,dru smith,28.0,SG,MIA,0.036230459809303284,5543260.350823402,0.03623046,0.3,0.01689241176470588,2584539.0,2958721.3508234024,False,-0.61,1.1983326020730931,2.889,15.2,16.3,70.0,0.0,75.0,0.8537
T.J. McConnell,t.j. mcconnell,33.0,PG,IND,0.036221425980329514,5541878.174990416,0.036221426,0.35,,,,True,-0.47,0.9132133047412722,2.795,23.2,17.196428571428573,56.0,0.0,75.0,0.6829
Cam Thomas,cam thomas,24.0,SG,BRK,0.035828229039907455,5481719.043105841,0.03582823,0.25,,,,True,-1.56,-1.123847423273062,-4.749,30.3,24.25,24.0,0.0,27.0,0.2927
Kasparas Jakučionis,kasparas jakucionis,19.0,PG,MIA,0.03579740598797798,5477003.116160631,0.035797406,0.25,0.025109019607843137,3841680.0,1635323.1161606312,False,0.17,-0.1504301797839528,-1.419,13.7,17.830188679245282,53.0,0.0,75.0,0.6463
Markelle Fultz,markelle fultz,27.0,PG,TOR,0.035755518823862076,5470594.380050898,0.03575552,0.3,,,,True,-2.2,-1.0059153838751604,-12.762,17.9,7.2,5.0,0.0,1.0,0.061
Caris LeVert,caris levert,31.0,SG,DET,0.03549738973379135,5431100.629270077,0.03549739,0.35,0.0967921568627451,14809200.0,-9378099.370729923,False,-2.62,-0.8592887084368879,-1.29,18.4,19.233333333333334,60.0,0.0,20.0,0.7317
Nique Clifford,nique clifford,23.0,SG,SAC,0.035477057099342346,5427989.736199379,0.035477057,0.25,0.02132941176470588,3263400.0,2164589.736199379,False,-1.81,-1.2255635812884609,-3.023,17.0,25.093333333333334,75.0,0.0,75.0,0.9146
Rob Dillingham,rob dillingham,21.0,PG,CHI,0.03542712330818176,5420349.86615181,0.035427123,0.25,0.04502823529411765,6889320.0,-1468970.1338481903,False,-2.83,-2.433290606290145,-5.567,22.7,21.466666666666665,30.0,0.0,8.0,0.3659
Sidy Cissoko,sidy cissoko,21.0,SF,POR,0.03495454043149948,5348044.686019421,0.03495454,0.25,0.01632556862745098,2497812.0,2850232.6860194206,False,0.06,-1.1691136184468018,-3.083,12.5,19.133333333333333,75.0,0.0,44.0,0.9146
craig porter jr.,craig porter jr.,25.0,PG,CLE,0.03404631465673447,5209086.142480373,0.034046315,0.25,,,,True,,2.0875235574457944,0.058,12.3,17.9375,64.0,0.0,75.0,0.7805
Terance Mann,terance mann,29.0,SG,BRK,0.033844318240880966,5178180.690854788,0.03384432,0.3,0.10130718954248366,15500000.0,-10321819.309145212,False,-2.27,-2.627195475295649,-2.244,13.5,24.26984126984127,63.0,0.0,48.0,0.7683
Dwight Powell,dwight powell,34.0,C,DAL,0.0335024893283844,5125880.867242813,0.03350249,0.35,,,,True,0.83,-0.5405841133028741,-1.518,8.9,14.34920634920635,63.0,0.0,45.0,0.7683
Quinten Post,quinten post,25.0,PF,GSW,0.03314831852912903,5071692.734956741,0.03314832,0.25,,,,True,-0.58,-0.2120194615085263,-1.446,18.8,17.29850746268657,67.0,0.0,52.0,0.8171
Will Riley,will riley,19.0,SF,WAS,0.03308992460370064,5062758.464366198,0.033089925,0.25,0.024106666666666665,3688320.0,1374438.4643661976,False,-2.0,-3.969849476989433,-3.876,20.2,22.06756756756757,74.0,0.0,75.0,0.9024
Chris Boucher,chris boucher,33.0,PF,BOS,0.032293789088726044,4940949.730575085,0.03229379,0.35,,,,True,-0.35,-0.1313416006301061,-1.901,12.8,10.444444444444445,9.0,0.0,75.0,0.1098
Keon Ellis,keon ellis,26.0,SG,SAC,0.03226042538881302,4935845.084488392,0.032260425,0.3,,,,True,0.68,0.4957481231431105,-2.449,13.7,17.627906976744185,43.0,0.0,75.0,0.5244
Sion James,sion james,23.0,SG,CHO,0.03218395635485649,4924145.322293043,0.032183956,0.25,0.01575875816993464,2411090.0,2513055.322293043,False,-1.51,0.2519693315976921,-0.867,11.0,22.475609756097562,82.0,0.0,75.0,1.0
Spencer Jones,spencer jones,24.0,SF,DEN,0.031962692737579346,4890291.98884964,0.031962693,0.25,,,,True,-1.14,-2.0402952027394186,-1.841,9.7,22.140625,64.0,0.0,75.0,0.7805
Charles Bassey,charles bassey,25.0,C,GSW,0.031957849860191345,4889551.028609276,0.03195785,0.25,,,,True,0.05,0.023052816540659,1.553,17.3,20.0,5.0,0.0,53.0,0.061
Dalton Knecht,dalton knecht,24.0,SF,LAL,0.03185603395104408,4873973.194509745,0.031856034,0.25,0.027458039215686274,4201080.0,672893.1945097446,False,-1.18,-2.667357955777955,-5.241,17.7,10.24074074074074,54.0,0.0,17.0,0.6585
Tre Mann,tre mann,24.0,PG,CHO,0.03146306425333023,4813848.830759525,0.031463064,0.25,0.05228758169934641,8000000.0,-3186151.1692404747,False,-2.83,-1.276843589685244,-6.295,23.3,12.622641509433961,53.0,0.0,18.0,0.6463
Larry Nance Jr.,larry nance jr.,33.0,PF,CLE,0.031401146203279495,4804375.369101763,0.031401146,0.35,,,,True,-1.93,-0.7340518125745218,-2.864,14.0,12.82857142857143,35.0,0.0,27.0,0.4268
Kenrich Williams,kenrich williams,31.0,PF,OKC,0.031308434903621674,4790190.540254116,0.031308435,0.35,0.04681699346405229,7163000.0,-2372809.459745884,False,-0.08,-0.1761240248389474,-0.432,18.3,15.267857142857142,56.0,0.0,75.0,0.6829
Jericho Sims,jericho sims,27.0,C,MIL,0.030898431316018105,4727459.99135077,0.030898431,0.25,0.018309450980392158,2801346.0,1926113.99135077,False,-1.98,-2.9626420928988546,-4.281,9.8,19.671641791044777,67.0,0.0,58.0,0.8171
Joan Beringer,joan beringer,19.0,PF,MIN,0.030894067138433456,4726792.272180319,0.030894067,0.25,0.02883137254901961,4411200.0,315592.27218031883,False,0.26,0.4670834118338173,2.166,16.8,7.85,40.0,0.0,75.0,0.4878
Hugo González,hugo gonzalez,19.0,SF,BOS,0.030719604343175888,4700099.464505911,0.030719604,0.25,0.019108235294117648,2923560.0,1776539.4645059109,False,-0.74,0.2494295703442317,-0.124,11.8,14.64864864864865,74.0,0.0,75.0,0.9024
Buddy Hield,buddy hield,33.0,SG,GSW,0.03057905100286007,4678594.803437591,0.030579051,0.35,0.0631276862745098,9658536.0,-4979941.196562409,False,-0.84,-0.66648346680106,-1.427,19.7,17.454545454545453,44.0,0.0,6.0,0.5366
Jett Howard,jett howard,22.0,SF,ORL,0.030455075204372406,4659626.506268978,0.030455075,0.25,0.047960385620915036,7337939.0,-2678312.493731022,False,-2.4,-1.1100456253507451,-3.313,17.2,12.636363636363637,55.0,0.0,11.0,0.6707
Kobe Sanders,kobe sanders,23.0,SG,LAC,0.030153609812259674,4613502.30127573,0.03015361,0.25,0.014058281045751634,2150917.0,2462585.30127573,False,-1.09,-1.2138050775840148,-1.886,16.3,19.86764705882353,68.0,0.0,75.0,0.8293
Taurean Prince,taurean prince,31.0,SF,MIL,0.029765859246253967,4554176.464676857,0.02976586,0.35,0.02494026797385621,3815861.0,738315.464676857,False,-1.25,-1.9640788195299843,-2.261,16.2,23.5,26.0,0.0,12.0,0.3171
Nick Richards,nick richards,28.0,C,CHI,0.0297378059476614,4549884.309992194,0.029737806,0.25,,,,True,-1.74,-0.9545032579541356,-5.588,18.3,22.35,20.0,0.0,42.0,0.2439
Nolan Traore,nolan traore,19.0,PG,BRK,0.029596883803606033,4528323.221951723,0.029596884,0.25,0.02615686274509804,4002000.0,526323.2219517231,False,-2.39,-3.2472460318503127,-5.98,22.8,22.196428571428573,56.0,0.0,75.0,0.6829
Jordan Hawkins,jordan hawkins,23.0,SG,NOP,0.029495486989617348,4512809.509411454,0.029495487,0.25,0.0458947385620915,7021895.0,-2509085.490588546,False,-3.78,-3.0878972915588925,-6.403,18.2,13.568627450980392,51.0,0.0,14.0,0.622
Danny Wolf,danny wolf,21.0,PF,BRK,0.02938980795443058,4496640.617027879,0.029389808,0.25,0.019225098039215686,2941440.0,1555200.6170278788,False,-1.34,-0.8481842060331454,-2.933,20.6,20.82456140350877,57.0,0.0,75.0,0.6951
Thomas Bryant,thomas bryant,28.0,C,CLE,0.029110634699463844,4453927.109017968,0.029110635,0.3,,,,True,-0.73,1.1055941403731613,-0.889,18.6,12.2,60.0,0.0,42.0,0.7317
Julian Strawther,julian strawther,23.0,SG,DEN,0.028795769438147545,4405752.724036574,0.02879577,0.25,0.03154856862745098,4826931.0,-421178.27596342564,False,-1.53,-1.2350089095951269,-1.521,19.4,15.105263157894736,57.0,0.0,29.0,0.6951
Isaiah Jackson,isaiah jackson,24.0,C,IND,0.028638629242777824,4381710.274145007,0.02863863,0.25,0.0457516339869281,7000000.0,-2618289.725854993,False,-0.16,0.70461280698945,-2.267,16.0,16.789473684210527,38.0,0.0,22.0,0.4634
Cam Whitmore,cam whitmore,21.0,SF,WAS,0.02839258685708046,4344065.78913331,0.028392587,0.25,0.03567522875816993,5458310.0,-1114244.2108666897,False,-1.26,-1.334524420479615,-3.609,23.7,16.857142857142858,21.0,0.0,20.0,0.2561
Jevon Carter,jevon carter,30.0,PG,ORL,0.027949564158916473,4276283.31631422,0.027949564,0.3,,,,True,-0.86,-0.480513381377348,-2.387,16.0,20.433333333333334,30.0,0.0,32.0,0.3659
Gary Harris,gary harris,31.0,SG,MIL,0.02789437770843506,4267839.789390564,0.027894378,0.35,0.02494026797385621,3815861.0,451978.78939056396,False,-0.82,-2.501870427892094,-3.124,8.5,13.770833333333334,48.0,0.0,19.0,0.5854
Adem Bona,adem bona,22.0,C,PHI,0.02777078188955784,4248929.629102349,0.027770782,0.25,0.015008307189542484,2296271.0,1952658.6291023493,False,-0.44,-0.6839844328114568,-3.016,11.1,17.380281690140844,71.0,0.0,41.0,0.8659
Dalen Terry,dalen terry,23.0,SG,CHI,0.02777049131691456,4248885.171487927,0.027770491,0.25,,,,True,-0.6,-0.1678075835107904,-0.645,14.4,11.088235294117647,34.0,0.0,18.0,0.4146
Corey Kispert,corey kispert,26.0,SF,ATL,0.027761122211813927,4247451.698407531,0.027761122,0.25,0.09133986928104575,13975000.0,-9727548.30159247,False,-1.76,-0.4543847711364368,-3.936,19.6,18.205128205128204,39.0,0.0,15.0,0.4756
Malachi Smith,malachi smith,26.0,SG,BRK,0.027758430689573288,4247039.895504713,0.02775843,0.3,,,,True,-0.98,-1.3823927644444085,0.169,14.2,23.933333333333334,15.0,0.0,75.0,0.1829
Devin Carter,devin carter,23.0,PG,SAC,0.027303334325551987,4177410.151809454,0.027303334,0.25,0.03371294117647059,5158080.0,-980669.848190546,False,-0.26,0.4598073668777512,-3.027,23.5,18.42105263157895,38.0,0.0,13.0,0.4634
Mouhamadou Gueye,mouhamadou gueye,27.0,PF,CHI,0.02680867724120617,4101727.617904544,0.026808677,0.3,,,,True,-2.9,0.2287361013460289,-0.595,14.6,22.5,2.0,0.0,75.0,0.0244
Moritz Wagner,moritz wagner,28.0,C,ORL,0.026699230074882507,4084982.2014570236,0.02669923,0.3,,,,True,-1.21,0.4840493852710893,-2.972,24.3,11.86111111111111,36.0,0.0,25.0,0.439
Nae'Qwan Tomlin,nae'qwan tomlin,25.0,PF,CLE,0.026237156242132187,4014284.9050462246,0.026237156,0.25,0.01575875816993464,2411090.0,1603194.9050462246,False,-0.72,0.0520291295245167,-0.288,15.5,15.6875,64.0,0.0,75.0,0.7805
Zeke Nnaji,zeke nnaji,25.0,PF,DEN,0.026080086827278137,3990253.284573555,0.026080087,0.25,0.048801745098039216,7466667.0,-3476413.715426445,False,-2.32,-1.869617118098294,-4.216,13.7,12.038461538461538,52.0,0.0,22.0,0.6341
Kevon Looney,kevon looney,29.0,C,NOP,0.025868332013487816,3957854.798063636,0.025868332,0.35,0.05228758169934641,8000000.0,-4042145.201936364,False,-0.28,0.091105141060109,-3.289,9.9,14.666666666666666,21.0,0.0,30.0,0.2561
Guerschon Yabusele,guerschon yabusele,30.0,C,CHI,0.025389501824975014,3884593.779221177,0.025389502,0.35,,,,True,-1.49,-0.7539793974775304,-3.429,16.7,24.653846153846153,26.0,0.0,16.0,0.3171
Jared McCain,jared mccain,21.0,SG,PHI,0.025379125028848648,3883006.129413843,0.025379125,0.25,0.028905882352941177,4422600.0,-539593.8705861568,False,-1.5,-1.825440754469342,-2.102,18.5,16.756756756756758,37.0,0.0,16.0,0.4512
Doug McDermott,doug mcdermott,34.0,SF,SAC,0.025287697091698647,3869017.655029893,0.025287697,0.35,,,,True,-1.7,-1.5777363414041172,-5.447,15.1,15.137931034482758,29.0,0.0,11.0,0.3537
MarJon Beauchamp,marjon beauchamp,25.0,SF,PHI,0.025189517065882683,3853996.1110800505,0.025189517,0.25,,,,True,-1.2,-0.1751724333324091,-1.993,21.0,14.0,14.0,0.0,24.0,0.1707
Aaron Holiday,aaron holiday,29.0,PG,HOU,0.025012392550706863,3826896.06025815,0.025012393,0.3,,,,True,-1.17,-1.6888923842209858,-1.941,16.6,13.701754385964913,57.0,0.0,23.0,0.6951
Kelly Olynyk,kelly olynyk,34.0,C,SAS,0.02490093931555748,3809843.7152802944,0.02490094,0.35,,,,True,-2.06,-0.4601403364234013,-2.878,16.0,8.571428571428571,42.0,0.0,13.0,0.5122
Mason Plumlee,mason plumlee,35.0,C,CHO,0.024816112592816353,3796865.226700902,0.024816113,0.35,,,,True,-1.52,-0.1275318721868186,-0.598,8.9,8.928571428571429,14.0,0.0,22.0,0.1707
Vince Williams Jr.,vince williams jr.,25.0,PG,MEM,0.024508468806743622,3749795.727431774,0.024508469,0.25,,,,True,-1.5,-0.955836923479136,-3.274,19.6,21.647058823529413,34.0,0.0,47.0,0.4146
Drake Powell,drake powell,20.0,SG,BRK,0.024249272421002388,3710138.6804133654,0.024249272,0.25,0.023141176470588234,3540600.0,169538.68041336536,False,-3.3,-4.5037542375453565,-5.336,14.9,20.952380952380953,63.0,0.0,75.0,0.7683
Jaylen Clark,jaylen clark,24.0,SG,MIN,0.02398351952433586,3669478.4872233868,0.02398352,0.25,,,,True,-0.24,-0.6558682182799028,-0.345,13.3,13.058823529411764,68.0,0.0,53.0,0.8293
Ochai Agbaji,ochai agbaji,25.0,SG,TOR,0.023743577301502228,3632767.327129841,0.023743577,0.25,,,,True,-1.79,-1.8174363441317007,-3.633,13.3,15.476190476190476,42.0,0.0,14.0,0.5122
Micah Potter,micah potter,27.0,C,IND,0.02372509054839611,3629938.853904605,0.02372509,0.3,0.018309450980392158,2801346.0,828592.8539046049,False,-0.32,0.2140265836954887,-0.912,18.0,19.319148936170212,47.0,0.0,75.0,0.5732
Kevin Love,kevin love,37.0,PF,UTA,0.02364162541925907,3617168.689146638,0.023641625,0.35,,,,True,-1.78,0.487242649391655,-1.841,16.6,16.56756756756757,37.0,0.0,5.0,0.4512
Jeff Green,jeff green,39.0,PF,HOU,0.023391064256429672,3578832.83123374,0.023391064,0.35,,,,True,-4.69,-1.385238066359359,-5.787,17.8,5.833333333333333,30.0,0.0,5.0,0.3659
Terrence Shannon Jr.,terrence shannon jr.,25.0,SG,MIN,0.02335207164287567,3572866.9613599777,0.023352072,0.25,,,,True,-1.82,-1.4660968128086638,-3.283,17.7,12.511627906976743,43.0,0.0,27.0,0.5244
DeJon Jarreau,dejon jarreau,28.0,SG,MEM,0.023126712068915367,3538386.946544051,0.023126712,0.3,,,,True,-1.79,-1.2528916647359143,-5.483,21.4,21.0,11.0,0.0,75.0,0.1341
Jaden Hardy,jaden hardy,23.0,SG,WAS,0.022968381643295288,3514162.391424179,0.022968382,0.25,0.0392156862745098,6000000.0,-2485837.608575821,False,-1.78,-1.9243208019275424,-4.667,25.4,20.434782608695652,23.0,0.0,37.0,0.2805
Mike Conley,mike conley,38.0,PG,MIN,0.02282640151679516,3492439.4320696592,0.022826402,0.35,,,,True,-1.7,-0.3355488308157701,-2.428,11.5,18.35185185185185,54.0,0.0,4.0,0.6585
D'Angelo Russell,d'angelo russell,29.0,PG,DAL,0.022624924778938293,3461613.491177559,0.022624925,0.35,0.039014705882352944,5969250.0,-2507636.508822441,False,-1.2,-0.4279002517078403,-3.993,26.0,19.03846153846154,26.0,0.0,2.0,0.3171
Kobe Bufkin,kobe bufkin,22.0,SG,LAL,0.022574663162231445,3453923.463821411,0.022574663,0.25,,,,True,-2.91,-0.4990947670531566,-9.054,22.1,7.4375,16.0,0.0,15.0,0.1951
Malaki Branham,malaki branham,22.0,SG,WAS,0.022563552483916283,3452223.5300391912,0.022563552,0.25,,,,True,-1.61,-0.590471275480412,-1.542,18.4,9.821428571428571,28.0,0.0,20.0,0.3415
AJ Johnson,aj johnson,21.0,SG,DAL,0.021691465750336647,3318794.259801507,0.021691466,0.25,0.02115764705882353,3237120.0,81674.259801507,False,-3.24,-0.9595887614951136,-6.786,20.5,10.434782608695652,23.0,0.0,23.0,0.2805
Ben Saraf,ben saraf,19.0,SG,BRK,0.020878523588180542,3194414.108991623,0.020878524,0.25,0.01979450980392157,3028560.0,165854.10899162292,False,-3.37,-3.250581368191982,-5.179,21.0,20.818181818181817,44.0,0.0,75.0,0.5366
Justin Edwards,justin edwards,22.0,SF,PHI,0.02084961347281933,3189990.861341357,0.020849613,0.25,0.01575875816993464,2411090.0,778900.8613413572,False,-1.28,-1.0733650504599157,-0.762,16.1,15.265625,64.0,0.0,75.0,0.7805
Jabari Walker,jabari walker,23.0,PF,PHI,0.020804021507501602,3183015.290647745,0.020804022,0.25,0.01689241176470588,2584539.0,598476.2906477451,False,-0.7,-0.7644498358201963,-1.902,15.0,11.90625,64.0,0.0,57.0,0.7805
Anthony Gill,anthony gill,33.0,PF,WAS,0.020799914374947548,3182386.899366975,0.020799914,0.35,,,,True,-1.36,-3.286199113407662,-2.235,11.9,17.29090909090909,55.0,0.0,75.0,0.6707
Dillon Jones,dillon jones,24.0,SF,NYK,0.020474817603826523,3132647.093385458,0.020474818,0.25,,,,True,-1.83,-0.366917385065699,0.539,11.8,5.571428571428571,7.0,0.0,26.0,0.0854
David Roddy,david roddy,24.0,PF,DEN,0.020473700016736984,3132476.1025607586,0.0204737,0.25,,,,True,-1.55,-0.466705088365005,3.799,20.9,14.6,5.0,0.0,23.0,0.061
Carter Bryant,carter bryant,20.0,PF,SAS,0.020415421575307846,3123559.5010221004,0.020415422,0.25,0.03362980392156863,5145360.0,-2021800.4989778996,False,-1.84,-0.6458533149116625,-3.079,16.3,11.52112676056338,71.0,0.0,75.0,0.8659
Marcus Sasser,marcus sasser,25.0,PG,DET,0.020059829577803612,3069153.9254039526,0.02005983,0.25,0.03398028104575163,5198983.0,-2129829.0745960474,False,-1.29,-1.5858210890380602,-1.429,19.6,12.026315789473685,38.0,0.0,25.0,0.4634
Bryce McGowens,bryce mcgowens,23.0,SG,NOP,0.019909603521227837,3046169.338747859,0.019909604,0.25,0.01689241176470588,2584539.0,461630.338747859,False,-1.51,-1.0240814039682955,-0.822,14.0,20.952380952380953,42.0,0.0,40.0,0.5122
Johnny Furphy,johnny furphy,21.0,SG,IND,0.01983138546347618,3034201.9759118557,0.019831385,0.25,0.015008307189542484,2296271.0,737930.9759118557,False,-0.71,-0.7810676417545999,-2.573,12.8,18.37142857142857,35.0,0.0,35.0,0.4268
Jae'Sean Tate,jae'sean tate,30.0,SF,HOU,0.01958863064646721,2997060.488909483,0.01958863,0.35,,,,True,-1.63,-2.709424380827672,-3.359,13.5,8.804347826086957,46.0,0.4,75.0,0.561
Patrick Baldwin Jr.,patrick baldwin jr.,23.0,SF,SAC,0.01944916695356369,2975722.5438952446,0.019449167,0.25,,,,True,-1.84,0.2176266584519105,-4.847,14.1,14.666666666666666,6.0,0.0,28.0,0.0732
Caleb Martin,caleb martin,30.0,SF,DAL,0.01932515762746334,2956749.117001891,0.019325158,0.35,0.06536923529411764,10001493.0,-7044743.882998109,False,-1.82,-1.240510223692655,-2.944,12.5,14.758620689655173,58.0,0.0,75.0,0.7073
Blake Wesley,blake wesley,22.0,SG,POR,0.019314289093017578,2955086.2312316895,0.01931429,0.25,,,,True,-2.62,-0.6200727161704083,-2.518,19.8,11.64516129032258,31.0,0.0,25.0,0.378
Noah Penda,noah penda,21.0,SF,ORL,0.019174454733729362,2933691.5742605925,0.019174455,0.25,0.014058281045751634,2150917.0,782774.5742605925,False,-0.86,-0.3078181536857564,-2.532,14.8,12.830508474576272,59.0,0.0,75.0,0.7195
Nick Smith Jr.,nick smith jr.,21.0,SG,LAL,0.01892928220331669,2896180.1771074533,0.018929282,0.25,,,,True,-2.36,-2.135906162338185,-3.654,22.0,12.5,30.0,0.0,27.0,0.3659
Pat Spencer,pat spencer,29.0,PG,GSW,0.018310442566871643,2801497.7127313614,0.018310443,0.35,,,,True,-2.03,-1.31614956041143,-3.081,18.9,18.62121212121212,66.0,0.0,75.0,0.8049
Kyle Lowry,kyle lowry,39.0,PG,PHI,0.01819608546793461,2784001.076593995,0.018196085,0.35,,,,True,-3.63,-0.6866318175345835,-10.756,11.3,8.428571428571429,14.0,0.0,24.0,0.1707
Haywood Highsmith,haywood highsmith,29.0,SF,PHO,0.018080318346619606,2766288.7070327997,0.018080318,0.35,0.019726522875816995,3018158.0,-251869.29296720028,False,-0.2,-0.2205339083804254,3.734,12.2,13.0,7.0,0.0,75.0,0.0854
Micah Peavy,micah peavy,24.0,SG,NOP,0.017652710899710655,2700864.7676557302,0.01765271,0.25,0.014058281045751634,2150917.0,549947.7676557302,False,-1.17,-1.2209738129711107,-2.671,14.0,14.967213114754099,61.0,0.0,75.0,0.7439
Maxi Kleber,maxi kleber,34.0,PF,LAL,0.017618123441934586,2695572.8866159916,0.017618123,0.35,,,,True,-1.22,-2.045833594320519,-2.935,9.6,10.720930232558139,43.0,0.0,75.0,0.5244
Mohamed Diawara,mohamed diawara,20.0,SF,NYK,0.017297429963946342,2646506.7844837904,0.01729743,0.25,,,,True,-2.81,-1.1390953327925597,-2.442,17.1,9.18840579710145,69.0,0.0,75.0,0.8415
Tyler Kolek,tyler kolek,24.0,PG,NYK,0.017212815582752228,2633560.784161091,0.017212816,0.25,0.015008307189542484,2296271.0,337289.78416109085,False,-0.93,-0.3807967520874178,-1.562,18.4,11.725806451612904,62.0,0.0,34.0,0.7561
DeAndre Jordan,deandre jordan,37.0,C,NOP,0.01712654158473015,2620360.8624637127,0.017126542,0.35,,,,True,-1.84,-0.0246175746331115,-1.921,10.1,16.583333333333332,12.0,0.0,35.0,0.1463
Garrison Mathews,garrison mathews,29.0,SG,IND,0.01703651435673237,2606586.6965800524,0.017036514,0.35,,,,True,-0.7,-0.1163518556000304,-0.819,14.1,13.066666666666666,15.0,0.0,75.0,0.1829
Asa Newell,asa newell,20.0,PF,ATL,0.01694501005113125,2592586.537823081,0.01694501,0.25,0.022218823529411763,3399480.0,-806893.462176919,False,-0.56,-0.9152213337872116,-1.881,17.1,11.363636363636363,44.0,0.0,75.0,0.5366
Joe Ingles,joe ingles,38.0,SF,MIN,0.016879241913557053,2582524.012774229,0.016879242,0.35,,,,True,-2.88,-0.7888832976392425,-0.451,11.5,5.666666666666667,27.0,0.0,75.0,0.3293
Branden Carlson,branden carlson,26.0,C,OKC,0.016864385455846786,2580250.9747445583,0.016864385,0.3,,,,True,-0.87,0.858186734752318,-1.753,18.9,11.619047619047619,42.0,0.0,75.0,0.5122
Trendon Watford,trendon watford,25.0,PF,PHI,0.016847552731633186,2577675.5679398775,0.016847553,0.25,0.018309450980392158,2801346.0,-223670.4320601225,False,-1.59,-1.878772853048347,-3.528,17.9,16.30188679245283,53.0,0.0,75.0,0.6463
Caleb Houstan,caleb houstan,23.0,SF,ATL,0.016834136098623276,2575622.823089361,0.016834136,0.25,,,,True,-0.96,-0.7015654918197407,-0.04,17.4,4.166666666666667,18.0,0.0,32.0,0.2195
nate williams,nate williams,26.0,SG,GSW,0.016742827370762825,2561652.587726712,0.016742827,0.3,,,,True,,-1.673987114197983,-4.361,19.5,17.071428571428573,14.0,0.0,75.0,0.1707
nate williams,nate williams,26.0,SG,GSW,0.016742827370762825,2561652.587726712,0.016742827,0.3,,,,True,,-1.673987114197983,-4.361,19.5,17.071428571428573,14.0,0.0,75.0,0.1707
Dorian Finney-Smith,dorian finney-smith,32.0,PF,HOU,0.016641739755868912,2546186.1826479435,0.01664174,0.35,,,,True,-1.06,-2.673452486527645,-4.261,10.7,16.756756756756758,37.0,0.0,75.0,0.4512
nigel hayes-davis,nigel hayes-davis,31.0,SF,PHO,0.01658053509891033,2536821.8701332808,0.016580535,0.35,,,,True,,-1.918542252433841,-7.701,12.1,7.222222222222222,27.0,0.0,75.0,0.3293
Jalen Pickett,jalen pickett,26.0,SG,DEN,0.01656058244407177,2533769.1139429808,0.016560582,0.25,0.015726830065359475,2406205.0,127564.11394298077,False,-2.42,-2.322861902344404,-2.96,14.8,16.14,50.0,0.0,32.0,0.6098
Jonathan Mogbo,jonathan mogbo,24.0,PF,TOR,0.016465499997138977,2519221.4995622635,0.0164655,0.25,0.015008307189542484,2296271.0,222950.4995622635,False,-0.98,-1.1751211058905566,-1.855,11.1,6.225,40.0,0.0,31.0,0.4878
Pat Connaughton,pat connaughton,33.0,SG,CHO,0.016450798138976097,2516972.115263343,0.016450798,0.35,0.02494026797385621,3815861.0,-1298888.8847366571,False,-2.11,-0.3500733869560181,-0.938,14.9,7.071428571428571,42.0,0.0,41.0,0.5122
Cameron Payne,cameron payne,31.0,PG,PHI,0.01629437319934368,2493039.0994995832,0.016294373,0.35,,,,True,-1.29,0.896877980431674,-0.018,19.2,17.0,22.0,0.0,14.0,0.2683
Tony Bradley,tony bradley,28.0,C,IND,0.016256792470812798,2487289.248034358,0.016256792,0.3,,,,True,-1.17,-1.3384280425870083,-4.832,14.5,10.947368421052632,38.0,0.0,28.0,0.4634
Gabe Vincent,gabe vincent,29.0,PG,LAL,0.016146967187523842,2470485.979691148,0.016146967,0.35,,,,True,-2.04,-2.5016616308319417,-5.625,11.5,19.275862068965516,29.0,0.0,75.0,0.3537
Thanasis Antetokounmpo,thanasis antetokounmpo,33.0,SF,MIL,0.01609184592962265,2462052.4272322655,0.016091846,0.35,,,,True,-1.12,0.9192193470109136,0.746,16.5,4.352941176470588,34.0,0.0,51.0,0.4146
Tyrese Proctor,tyrese proctor,21.0,PG,CLE,0.015985960140824318,2445851.9015461206,0.01598596,0.25,0.014058281045751634,2150917.0,294934.90154612064,False,-1.41,0.020671161054063,-2.702,22.0,10.9,50.0,0.0,75.0,0.6098
Drew Eubanks,drew eubanks,28.0,C,SAC,0.015944145619869232,2439454.2798399925,0.015944146,0.3,,,,True,-1.32,-0.5024304669734743,-4.678,16.3,13.142857142857142,42.0,0.0,75.0,0.5122
Garrett Temple,garrett temple,39.0,SG,TOR,0.01592099294066429,2435911.9199216366,0.015920993,0.35,,,,True,-2.58,-0.8517152433126444,-5.204,15.3,3.3181818181818183,22.0,0.0,75.0,0.2683
Tyus Jones,tyus jones,29.0,PG,ORL,0.015917912125587463,2435440.555214882,0.015917912,0.35,,,,True,-1.37,-0.4925201765321009,-3.077,9.8,15.708333333333334,48.0,0.0,24.0,0.5854
Myron Gardner,myron gardner,24.0,SF,MIA,0.015529582276940346,2376026.088371873,0.015529582,0.25,0.014058281045751634,2150917.0,225109.0883718729,False,-0.73,0.9455238887806036,1.673,15.0,9.133333333333333,45.0,0.0,75.0,0.5488
Christian Koloko,christian koloko,25.0,C,MEM,0.015476620756089687,2367922.975681722,0.015476621,0.25,,,,True,-2.4,-1.1402816861484015,-3.375,9.3,17.727272727272727,11.0,0.0,33.0,0.1341
Cole Anthony,cole anthony,25.0,PG,MIL,0.015121608041226864,2313606.03030771,0.015121608,0.25,0.024183006535947713,3700000.0,-1386393.9696922898,False,-1.56,-1.7634528299046046,-5.614,25.8,15.057142857142857,35.0,0.0,15.0,0.4268
Mo Bamba,mo bamba,27.0,C,UTA,0.015093333087861538,2309279.9624428153,0.015093333,0.3,,,,True,-1.81,-0.0095642827105784,-4.299,11.9,19.0,2.0,0.0,6.0,0.0244
Keshad Johnson,keshad johnson,24.0,SF,MIA,0.015051120892167091,2302821.496501565,0.015051121,0.25,,,,True,-0.36,-0.2069219278933494,1.012,18.9,8.75,32.0,0.0,75.0,0.3902
Tyrese Martin,tyrese martin,26.0,SG,BRK,0.014909871853888035,2281210.3936448693,0.014909872,0.25,,,,True,-1.76,-0.6280510506935799,-2.979,18.8,18.81081081081081,37.0,0.0,51.0,0.4512
Duop Reath,duop reath,29.0,C,POR,0.01487401220947504,2275723.868049681,0.014874012,0.35,,,,True,-1.67,-1.1115392986543118,-4.129,13.2,8.0625,32.0,0.0,75.0,0.3902
Jalen Wilson,jalen wilson,25.0,PF,BRK,0.014594596810638905,2232973.3120277524,0.014594597,0.25,,,,True,-2.04,-2.024304233453893,-4.413,18.2,15.907407407407407,54.0,0.0,51.0,0.6585
E.J. Liddell,e.j. liddell,25.0,PF,BRK,0.014558031223714352,2227378.777228296,0.014558031,0.25,,,,True,-0.95,-1.054253368848872,-2.294,17.2,13.423076923076923,26.0,0.0,41.0,0.3171
Taj Gibson,taj gibson,40.0,C,MEM,0.014513297006487846,2220534.4419926405,0.014513297,0.35,,,,True,-2.54,-0.7546145656418686,-3.345,13.1,9.7,10.0,0.0,26.0,0.122
Pete Nance,pete nance,25.0,PF,MIL,0.014428754337131977,2207599.4135811925,0.014428754,0.25,,,,True,-1.24,-1.361490169677427,-2.457,13.5,15.680851063829786,47.0,0.0,75.0,0.5732
Bismack Biyombo,bismack biyombo,33.0,C,SAS,0.014270763844251633,2183426.8681705,0.014270764,0.35,,,,True,-4.19,-2.2335994819399465,-9.398,7.8,5.64,25.0,0.0,7.0,0.3049
Lindy Waters III,lindy waters iii,28.0,SG,SAS,0.014164726249873638,2167203.1162306666,0.014164726,0.3,,,,True,-1.99,-1.6248031026008976,-3.955,14.2,7.125,40.0,0.0,75.0,0.4878
Ariel Hukporti,ariel hukporti,23.0,C,NYK,0.014066331088542938,2152148.6565470695,0.014066331,0.25,,,,True,-1.85,-1.1329418972874623,-3.877,10.9,9.222222222222221,54.0,0.0,58.0,0.6585
Andre Jackson Jr.,andre jackson jr.,24.0,SG,MIL,0.01404973678290844,2149609.7277849913,0.014049737,0.25,,,,True,-1.57,-0.6922126611254344,-5.559,17.8,8.5,48.0,0.0,36.0,0.5854
Rasheer Fleming,rasheer fleming,21.0,PF,PHO,0.014013071544468403,2143999.9463036656,0.014013072,0.25,0.014058281045751634,2150917.0,-6917.053696334362,False,-1.54,-1.10060596514697,-1.923,16.3,12.236363636363636,55.0,0.0,75.0,0.6707
Jeremiah Robinson-Earl,jeremiah robinson-earl,25.0,PF,IND,0.013987798243761063,2140133.1312954426,0.013987798,0.25,,,,True,-1.39,-1.1232860762754395,-4.988,14.0,17.647058823529413,17.0,0.0,32.0,0.2073
Jordan McLaughlin,jordan mclaughlin,29.0,PG,SAS,0.013594690710306168,2079987.6786768436,0.013594691,0.35,,,,True,-1.58,-1.1429184164411392,-1.776,14.5,6.409090909090909,44.0,0.0,75.0,0.5366
a.j. lawson,a.j. lawson,25.0,SG,TOR,0.01357085257768631,2076340.4443860054,0.013570853,0.25,,,,True,,-0.3743831476027301,0.358,17.5,9.416666666666666,24.0,0.0,75.0,0.2927
Amir Coffey,amir coffey,28.0,SG,MIL,0.013566127046942711,2075617.4381822348,0.013566127,0.3,,,,True,-1.39,-1.7704255053978266,-4.721,10.9,8.833333333333334,30.0,0.0,75.0,0.3659
Monte Morris,monte morris,30.0,PG,IND,0.013450425118207932,2057915.0430858135,0.013450425,0.3,,,,True,-0.78,-0.0341863523711289,-7.48,15.5,10.833333333333334,6.0,0.0,51.0,0.0732
Jamison Battle,jamison battle,24.0,SF,TOR,0.0134268244728446,2054304.144345224,0.0134268245,0.25,0.015008307189542484,2296271.0,-241966.8556547761,False,-2.09,-2.738774529083172,-2.768,14.1,8.475409836065573,61.0,0.0,75.0,0.7439
Tyler Smith,tyler smith,21.0,PF,DAL,0.013099933974444866,2004289.8980900645,0.013099934,0.25,,,,True,-2.66,-0.5166665790744287,-3.018,14.8,13.833333333333334,12.0,0.0,33.0,0.1463
Cam Christie,cam christie,20.0,SG,LAC,0.013056463561952114,1997638.9249786735,0.013056464,0.25,0.015008307189542484,2296271.0,-298632.07502132654,False,-2.54,-0.9833670711632292,-4.015,16.9,8.727272727272727,55.0,0.0,46.0,0.6707
Keaton Wallace,keaton wallace,26.0,PG,ATL,0.012889979407191277,1972166.8493002653,0.012889979,0.3,,,,True,-2.33,-0.8522433009998793,-4.013,16.1,10.11320754716981,53.0,0.0,75.0,0.6463
Julian Phillips,julian phillips,22.0,SF,CHI,0.01283625140786171,1963946.4654028416,0.012836251,0.25,0.015726830065359475,2406205.0,-442258.53459715843,False,-0.97,-1.6625061483880952,-2.25,12.5,9.542857142857143,35.0,0.0,35.0,0.4268
James Wiseman,james wiseman,24.0,C,IND,0.012787497602403164,1956487.133167684,0.012787498,0.25,,,,True,-1.92,-0.4476351117963904,-10.192,11.6,14.5,4.0,0.0,2.0,0.0488
Khaman Maluach,khaman maluach,19.0,C,PHO,0.012780479155480862,1955413.3107885718,0.012780479,0.25,0.04128549019607843,6316680.0,-4361266.689211428,False,-0.92,-0.0501038331248546,-3.764,14.8,8.934782608695652,46.0,0.0,75.0,0.561
Jamaree Bouyea,jamaree bouyea,26.0,PG,PHO,0.012730367481708527,1947746.2247014046,0.0127303675,0.3,,,,True,-1.03,-0.1633436563781174,-1.165,18.5,14.0,46.0,0.0,75.0,0.561
Jase Richardson,jase richardson,20.0,SG,ORL,0.012629615142941475,1932331.1168700457,0.012629615,0.25,0.02047294117647059,3132360.0,-1200028.8831299543,False,-1.83,-1.5600790376635474,-1.5,16.8,10.87037037037037,54.0,0.0,75.0,0.6585
Seth Curry,seth curry,35.0,SG,GSW,0.012386687099933624,1895163.1262898445,0.012386687,0.35,,,,True,-1.48,0.032347823568853,0.428,18.0,13.3,10.0,0.0,75.0,0.122
Chris Paul,chris paul,40.0,PG,LAC,0.012316599488258362,1884439.7217035294,0.0123165995,0.35,,,,True,-1.76,-0.1589987901126588,-4.952,14.2,14.25,16.0,2.8,4.0,0.1951
Johnny Juzang,johnny juzang,24.0,SG,MIN,0.012200266122817993,1866640.716791153,0.012200266,0.25,,,,True,-1.45,-0.6103860399301421,-3.97,22.3,4.190476190476191,21.0,0.0,75.0,0.2561
Malevy Leons,malevy leons,26.0,SF,GSW,0.012042067013680935,1842436.253093183,0.012042067,0.3,,,,True,-2.05,-0.741151306165522,-2.598,14.4,11.04,25.0,0.0,75.0,0.3049
Trey Jemison,trey jemison,26.0,C,NYK,0.011980085633695126,1832953.1019553542,0.011980086,0.3,,,,True,-3.72,,-10.839,10.7,6.3076923076923075,13.0,0.0,75.0,0.1585
Stanley Umude,stanley umude,26.0,SG,SAS,0.011973468586802483,1831940.6937807798,0.011973469,0.3,,,,True,-1.67,-0.3611706899486043,5.898,12.0,3.5,2.0,0.0,75.0,0.0244
Yang Hansen,yang hansen,20.0,C,POR,0.01192397903650999,1824368.7925860286,0.011923979,0.25,0.03034980392156863,4643520.0,-2819151.2074139714,False,-2.84,-2.428693562318975,-11.895,19.9,6.976744186046512,43.0,0.0,75.0,0.5244
Eric Gordon,eric gordon,37.0,SG,PHI,0.01186487078666687,1815325.2303600311,0.011864871,0.35,,,,True,-1.79,-0.6230557531514302,0.685,14.2,12.333333333333334,6.0,0.0,7.0,0.0732
Killian Hayes,killian hayes,24.0,PG,SAC,0.011817418038845062,1808064.9599432945,0.011817418,0.25,,,,True,-1.61,0.2993504758426546,-3.684,18.7,17.652173913043477,23.0,0.0,7.0,0.2805
Mac McClung,mac mcclung,27.0,SG,CHI,0.01157400757074356,1770823.1583237648,0.011574008,0.3,,,,True,-1.73,0.603680505168869,-2.577,22.4,12.625,8.0,0.0,75.0,0.0976
Omer Yurtseven,omer yurtseven,27.0,C,GSW,0.01156747154891491,1769823.1469839811,0.011567472,0.3,,,,True,-1.77,-0.2333136003447903,-7.834,17.5,11.555555555555555,9.0,0.0,75.0,0.1098
Olivier Sarr,olivier sarr,26.0,C,CLE,0.011471002362668514,1755063.3614882827,0.011471002,0.3,,,,True,-2.08,0.143923246544297,2.73,12.1,9.75,4.0,0.0,75.0,0.0488
Dalano Banton,dalano banton,26.0,PG,BOS,0.011418033391237259,1746959.1088593006,0.011418033,0.25,,,,True,-1.53,-0.5538761501339928,-10.086,14.0,13.0,4.0,0.0,46.0,0.0488
Isaiah Livers,isaiah livers,27.0,PF,PHO,0.011126967146992683,1702425.9734898806,0.011126967,0.25,,,,True,-1.62,-1.821528924175472,-3.001,9.9,9.63888888888889,36.0,0.0,42.0,0.439
Trayce Jackson-Davis,trayce jackson-davis,25.0,C,GSW,0.010840974748134613,1658669.1364645958,0.010840975,0.25,,,,True,-1.4,0.1087574270011146,-2.113,14.8,11.416666666666666,36.0,0.0,57.0,0.439
Drew Timme,drew timme,25.0,PF,LAL,0.010624091140925884,1625485.9445616603,0.010624091,0.25,,,,True,-2.5,-1.4907035252041796,-2.842,15.4,8.703703703703704,27.0,0.0,75.0,0.3293
Rayan Rupert,rayan rupert,21.0,SG,POR,0.010425395332276821,1595085.4858383536,0.010425395,0.25,,,,True,-2.73,-2.636020122303539,-4.454,12.8,12.020833333333334,48.0,0.0,43.0,0.5854
Antonio Reeves,antonio reeves,25.0,SG,CHO,0.01029440201818943,1575043.5087829828,0.010294402,0.25,,,,True,-1.05,-0.0581914311476298,-0.12,13.1,6.8,10.0,0.0,75.0,0.122
Isaac Jones,isaac jones,25.0,PF,DET,0.01022803969681263,1564890.0736123323,0.01022804,0.25,,,,True,-3.61,-0.3481307128695564,-8.86,15.1,4.75,4.0,0.0,75.0,0.0488
Adou Thiero,adou thiero,21.0,SF,LAL,0.010129871778190136,1549870.3820630908,0.010129872,0.25,0.014058281045751634,2150917.0,-601046.6179369092,False,-1.77,-0.4801341252518477,-3.984,14.6,5.96,25.0,0.0,75.0,0.3049
Amari Williams,amari williams,24.0,PF,BOS,0.01012688409537077,1549413.2665917277,0.010126884,0.25,0.014058281045751634,2150917.0,-601503.7334082723,False,-2.79,-0.8997553066895255,-5.428,11.1,6.636363636363637,22.0,0.0,75.0,0.2683
Hunter Tyson,hunter tyson,25.0,PF,DEN,0.009671557694673538,1479748.3272850513,0.009671558,0.25,,,,True,-3.07,-0.4752686132713531,-7.21,16.8,7.714285714285714,21.0,0.0,37.0,0.2561
Kam Jones,kam jones,23.0,SG,IND,0.00946947280317545,1448829.3388858438,0.009469473,0.25,,,,True,-1.99,-2.936339398516781,-3.931,14.4,16.64864864864865,37.0,0.0,75.0,0.4512
Liam McNeeley,liam mcneeley,20.0,SF,CHO,0.009422491304576397,1441641.1696001887,0.009422491,0.25,0.018967843137254903,2902080.0,-1460438.8303998113,False,-1.57,0.0630097684801844,-2.795,14.4,11.870967741935484,31.0,0.0,75.0,0.378
Tosan Evbuomwan,tosan evbuomwan,24.0,SF,NYK,0.009106211364269257,1393250.3387331963,0.009106211,0.25,,,,True,-2.2,-0.2860715479059317,-11.236,5.4,1.6,5.0,0.0,75.0,0.061
Bronny James,bronny james,21.0,SG,LAL,0.009105287492275238,1393108.9863181114,0.0091052875,0.25,0.015008307189542484,2296271.0,-903162.0136818886,False,-2.27,-2.2186953469126003,-3.343,16.7,8.928571428571429,42.0,0.0,55.0,0.5122
Chaz Lanier,chaz lanier,24.0,SG,DET,0.008851868100464344,1354335.8193710446,0.008851868,0.25,0.014058281045751634,2150917.0,-796581.1806289554,False,-2.98,-2.013927804338132,-4.624,15.0,7.705882352941177,34.0,0.0,75.0,0.4146
Sharife Cooper,sharife cooper,24.0,PG,WAS,0.00882815569639206,1350707.821547985,0.008828156,0.25,,,,True,-1.68,-2.116545298424636,-4.184,20.0,17.073170731707318,41.0,0.0,75.0,0.5
Orlando Robinson,orlando robinson,25.0,C,ORL,0.008652972988784313,1323904.867284,0.008652973,0.25,,,,True,-3.19,-0.1111057488104014,-0.107,8.4,6.25,4.0,0.0,75.0,0.0488
JD Davison,jd davison,23.0,PG,HOU,0.006253798492252827,956831.1693146825,0.0062537985,0.25,,,,True,-0.99,-0.4745412542655426,-2.511,15.3,7.785714285714286,28.0,0.0,53.0,0.3415
