player_name,player_name_norm,age,actual_cap_pct,predicted_cap_pct,residual,abs_residual,darko_dpm_z,lebron_z,rapm_z,age_squared,mpg,availability_3yr,usage_pct,height_inches,cba_era,ast_pct,award_score_cum,draft_pick,prev_cap_pct
Jaren Jackson Jr.,jaren jackson jr.,26.0,0.3202614379084967,0.1491074,-0.1711540413058661,0.1711540413058661,0.8504853475785323,-0.4136832245966744,-0.07725459290976724,676.0,19.52363445378151,0.6232,17.0,82.0,1,10.8,13.0,4.0,0.2478613109738825
Jalen Williams,jalen williams,24.0,0.2712418300653594,0.13739361,-0.13384822137605124,0.13384822137605124,0.7968847781857487,0.6857129985858177,1.3955932470175445,576.0,28.363636363636363,0.6268,26.2,77.0,1,29.3,5.0,12.0,0.0466049869695767
Jabari Smith Jr.,jabari smith jr.,23.0,0.1545320980392157,0.06327273,-0.09125936852318633,0.09125936852318633,-0.0011681438845872,0.18085265108896,-0.07725459290976724,529.0,19.52363445378151,0.6232,17.0,83.0,1,10.8,0.5,3.0,0.0874624100617528
De'Aaron Fox,de'aaron fox,28.0,0.3254901960784314,0.23680438,-0.08868581506551482,0.08868581506551482,1.2971567591850637,1.0771282069152095,1.0388828696867465,784.0,30.98611111111111,0.7841,24.9,75.0,1,29.6,3.0,5.0,0.25
Aaron Gordon,aaron gordon,30.0,0.2199871699346405,0.15438962,-0.06559755010736998,0.06559755010736998,1.2673786650779617,0.2597349843430668,1.1801950576293316,900.0,27.916666666666668,0.5841,21.9,80.0,1,13.7,0.0,4.0,0.1592407019530144
Mikal Bridges,mikal bridges,29.0,0.2188375490196078,0.1575407,-0.061296855140480305,0.061296855140480305,0.2906571783650131,1.039353162633745,1.0827856853582292,841.0,32.829268292682926,1.0,17.3,78.0,1,15.9,3.0,10.0,0.1625490275362905
Daniel Gafford,daniel gafford,27.0,0.1128338823529411,0.055621892,-0.05721199013911969,0.05721199013911969,-0.0726355697416323,0.3237624364177249,0.1117788793741043,729.0,21.727272727272727,0.6537,15.8,82.0,1,7.0,0.0,38.0,0.0911770976540387
CJ McCollum,cj mccollum,34.0,0.1372549019607843,0.083854906,-0.05339999569981704,0.05339999569981704,0.6956392582216016,0.1378594099816395,0.3446695968814235,1156.0,28.82926829268293,0.6159,26.9,75.0,1,21.3,0.0,10.0,0.2524918361737218
Paolo Banchero,paolo banchero,23.0,0.2712418300653594,0.22546618,-0.045775653197874355,0.045775653197874355,0.1834560395794456,0.489666078000838,0.2819022901011004,529.0,34.75,0.8024,27.6,82.0,1,23.4,3.0,1.0,0.1085970270806186
Oso Ighodaro,oso ighodaro,23.0,0.0150083071895424,0.059008524,0.04400021663228835,0.04400021663228835,0.3799914606863194,0.227969883802504,0.494213562762412,529.0,22.04878048780488,0.904,12.2,83.0,1,14.2,0.0,40.0,0.0138474944762336
Chet Holmgren,chet holmgren,23.0,0.2712418300653594,0.227928,-0.043313832357038784,0.043313832357038784,1.970141686005571,2.515208691502892,1.7097727716665936,529.0,28.94202898550725,0.7378,21.9,85.0,1,8.6,1.0,2.0,0.0972421392555662
Jaylen Wells,jaylen wells,22.0,0.0150083071895424,0.05591897,0.040910662024420154,0.040910662024420154,-0.5371738378124248,-1.1181039993185855,-0.5409325129917696,484.0,26.39130434782609,0.8872,19.3,79.0,1,8.8,1.0,39.0,0.0138474944762336
Bam Adebayo,bam adebayo,28.0,0.3254901960784314,0.28781486,-0.03767534050286986,0.03767534050286986,1.3567129473992678,1.845197524101132,0.7281332525120316,784.0,32.397260273972606,0.9037,25.0,81.0,1,14.1,11.0,14.0,0.2500004447844574
A.J. Green,a.j. green,26.0,0.0656512679738562,0.029959619,-0.035691648928598635,0.035691648928598635,-0.2274816590985631,-0.21701606746408936,-0.07725459290976724,676.0,19.52363445378151,0.6232,17.0,76.0,1,10.8,0.0,75.0,0.0139814366899228
Jamal Shead,jamal shead,23.0,0.0150083071895424,0.04927351,0.03426520234267081,0.03426520234267081,-0.2810822284913469,0.1308251509496436,-0.1979417655583098,529.0,22.585365853658537,0.968,15.5,73.0,1,30.6,0.0,45.0,0.0703991203958218
Maxime Raynaud,maxime raynaud,22.0,0.0140582810457516,0.04780027,0.033741987932128875,0.033741987932128875,-1.0076677247046375,-1.1663267319042248,-1.0489018099407237,484.0,26.54054054054054,0.9024,18.2,85.0,1,7.6,0.0,75.0,0.0703991203958218
Pelle Larsson,pelle larsson,24.0,0.0150083071895424,0.045418177,0.030409869610470187,0.030409869610470187,-0.4001946049197551,-0.0269883540969552,0.0479826003514808,576.0,26.414285714285715,0.7851,16.8,77.0,1,16.8,0.0,44.0,0.0138474944762336
Toumani Camara,toumani camara,25.0,0.1181722745098039,0.096954346,-0.0212179288066789,0.0212179288066789,0.3502133665792173,-0.0121539790942634,0.1519087968238191,625.0,33.30487804878049,0.9561,16.3,79.0,1,10.4,2.0,52.0,0.0157333649651577
Keegan Murray,keegan murray,25.0,0.1577642875816993,0.13736455,-0.02039973615671914,0.02039973615671914,-0.1202805203129956,-0.2555007511231164,-0.7347222852916745,625.0,34.47826086956522,0.6061,18.7,80.0,1,6.8,1.0,4.0,0.0789197000169962
Kevin Durant,kevin durant,37.0,0.286944045751634,0.26734397,-0.019600077598634136,0.019600077598634136,1.8986742601485256,0.9956708612055106,1.1208576583233432,1369.0,36.41025641025641,0.8854,27.1,83.0,1,20.7,6.0,2.0,0.3408374564779182
