team_abbreviation,season,n_players,total_actual_mvc,total_predicted_mvc,total_surplus_mvc,total_games,total_salary_pct,wins,losses,win_pct,total_actual_mvc_M,total_predicted_mvc_M,total_surplus_mvc_M
ATL,2019,13,0.468459,0.669046,0.200587,784.000000,0.649236,,,,51.127622,73.019703,21.892081
ATL,2020,8,0.158426,0.506546,0.348119,369.000000,0.246508,20.000000,47.000000,0.299000,17.290642,55.284392,37.993750
ATL,2021,13,0.635139,0.878724,0.243585,611.000000,0.864523,41.000000,31.000000,0.569000,71.398506,98.780858,27.382352
ATL,2022,12,0.848086,0.832444,-0.015642,633.000000,1.067983,43.000000,39.000000,0.524000,104.870058,102.935804,-1.934255
ATL,2023,11,0.903249,0.950927,0.047678,686.000000,1.056044,41.000000,41.000000,0.500000,122.860862,129.346009,6.485147
ATL,2024,11,0.793976,0.846441,0.052465,545.000000,1.067897,36.000000,46.000000,0.439000,111.623505,118.999415,7.375910
ATL,2025,13,0.702359,0.843439,0.141080,609.000000,1.018225,40.000000,42.000000,0.488000,108.617677,130.435251,21.817574
ATL,2026,11,0.725775,0.998522,0.272747,624.000000,1.186236,46.000000,36.000000,0.561000,119.724646,164.717224,44.992578
BOS,2019,14,1.331558,1.099806,-0.231752,850.000000,1.540411,,,,145.326259,120.032874,-25.293384
BOS,2020,13,0.840080,1.056417,0.216338,725.000000,1.227191,48.000000,24.000000,0.667000,91.686281,115.297398,23.611117
BOS,2021,15,0.664953,0.965686,0.300733,637.000000,0.908985,36.000000,36.000000,0.500000,74.750048,108.556637,33.806589
BOS,2022,12,0.869173,0.942710,0.073537,609.000000,1.095337,51.000000,31.000000,0.622000,107.477572,116.570816,9.093244
BOS,2023,13,0.977621,1.119023,0.141402,735.000000,1.166268,57.000000,25.000000,0.695000,132.977029,152.210666,19.233637
BOS,2024,14,0.976463,1.224444,0.247981,735.000000,1.156373,64.000000,18.000000,0.780000,137.279048,172.142193,34.863144
BOS,2025,12,1.120099,1.206735,0.086636,718.000000,1.365636,61.000000,21.000000,0.744000,173.219878,186.617880,13.398002
BOS,2026,12,0.755118,1.113696,0.358578,767.000000,1.142952,56.000000,26.000000,0.683000,124.564943,183.716377,59.151434
BRK,2019,14,0.620376,0.811403,0.191027,826.000000,0.775958,,,,67.707808,88.556539,20.848731
BRK,2020,15,0.595371,0.711078,0.115707,565.000000,1.051270,35.000000,37.000000,0.486000,64.978788,77.607032,12.628244
BRK,2021,13,0.930527,0.918234,-0.012294,563.000000,1.585465,48.000000,24.000000,0.667000,104.604280,103.222305,-1.381975
BRK,2022,14,0.724438,0.802621,0.078183,655.000000,1.371823,44.000000,38.000000,0.537000,89.580350,99.248111,9.667761
BRK,2023,16,0.881350,0.817094,-0.064256,713.000000,1.648768,45.000000,37.000000,0.549000,119.882134,111.142008,-8.740126
BRK,2024,14,0.710451,0.690728,-0.019723,654.000000,1.139282,32.000000,50.000000,0.390000,99.880910,97.108030,-2.772879
BRK,2025,13,0.368480,0.451200,0.082720,608.000000,0.536756,26.000000,56.000000,0.317000,56.984257,69.776666,12.792409
BRK,2026,11,0.486188,0.488218,0.002029,614.000000,0.676141,,,,80.202130,80.536861,0.334731
CHI,2019,13,0.354533,0.613853,0.259320,603.000000,0.538334,,,,38.693708,66.995927,28.302220
CHI,2020,11,0.417191,0.529339,0.112148,549.000000,0.620728,22.000000,43.000000,0.338000,45.532187,57.772062,12.239876
CHI,2021,9,0.545249,0.696022,0.150773,511.000000,0.677543,31.000000,41.000000,0.431000,61.293576,78.242607,16.949031
CHI,2022,12,0.663668,0.773278,0.109610,570.000000,0.958490,46.000000,36.000000,0.561000,82.065917,95.619731,13.553814
CHI,2023,11,0.766973,0.883485,0.116512,660.000000,0.851833,40.000000,42.000000,0.488000,104.324428,120.172461,15.848033
CHI,2024,13,0.618004,0.901346,0.283342,716.000000,0.955647,39.000000,43.000000,0.476000,86.883989,126.718451,39.834462
CHI,2025,14,0.694012,0.763109,0.069098,720.000000,1.103428,39.000000,43.000000,0.476000,107.326840,118.012567,10.685726
CHI,2026,16,0.539004,0.618157,0.079153,642.000000,0.964671,31.000000,51.000000,0.378000,88.914612,101.971726,13.057114
CHO,2019,13,1.020986,0.832557,-0.188428,721.000000,1.171908,,,,111.430372,90.865312,-20.565060
CHO,2020,10,0.272113,0.495268,0.223155,452.000000,0.408503,23.000000,42.000000,0.354000,29.698402,54.053534,24.355131
CHO,2021,11,0.557704,0.801742,0.244038,575.000000,0.744696,33.000000,39.000000,0.458000,62.693710,90.127012,27.433302
CHO,2022,11,0.604576,0.721491,0.116915,601.000000,0.810498,43.000000,39.000000,0.524000,74.758813,89.215944,14.457131
CHO,2023,14,0.552332,0.640176,0.087844,653.000000,0.834508,27.000000,55.000000,0.329000,75.128708,87.077391,11.948683
CHO,2024,9,0.486246,0.562379,0.076133,404.000000,0.930090,21.000000,61.000000,0.256000,68.360380,79.063793,10.703413
CHO,2025,9,0.435062,0.508578,0.073516,407.000000,0.782312,19.000000,63.000000,0.232000,67.281004,78.650003,11.369000
CHO,2026,12,0.689251,0.921808,0.232558,708.000000,0.891536,44.000000,38.000000,0.537000,113.699453,152.062450,38.362997
CLE,2019,11,0.555036,0.525672,-0.029365,515.000000,1.044854,,,,60.576633,57.371790,-3.204843
CLE,2020,11,0.438705,0.477595,0.038890,492.000000,0.648408,19.000000,46.000000,0.292000,47.880233,52.124699,4.244467
CLE,2021,15,0.525181,0.688504,0.163322,591.000000,0.971618,22.000000,50.000000,0.306000,59.037752,77.397464,18.359712
CLE,2022,12,0.652266,0.823660,0.171394,618.000000,0.958865,44.000000,38.000000,0.537000,80.656003,101.849736,21.193733
CLE,2023,14,0.813709,1.050615,0.236906,648.000000,1.016530,51.000000,31.000000,0.622000,110.681493,142.905697,32.224203
CLE,2024,14,0.902643,1.033943,0.131300,755.000000,1.200389,48.000000,34.000000,0.585000,126.900749,145.359955,18.459205
CLE,2025,14,1.216864,1.245724,0.028859,796.000000,1.498856,64.000000,18.000000,0.780000,188.184421,192.647447,4.463026
CLE,2026,14,0.931266,0.938656,0.007390,722.000000,1.489053,52.000000,30.000000,0.634000,153.622557,154.841628,1.219071
DAL,2019,10,0.470230,0.707953,0.237723,597.000000,0.641808,,,,51.320933,77.266022,25.945089
DAL,2020,10,0.537312,0.729201,0.191890,605.000000,0.692487,43.000000,32.000000,0.573000,58.642188,79.585017,20.942830
DAL,2021,13,0.597961,0.854238,0.256277,640.000000,0.717372,42.000000,30.000000,0.583000,67.219191,96.028330,28.809139
DAL,2022,15,0.904193,0.878578,-0.025615,766.000000,1.136499,52.000000,30.000000,0.634000,111.807966,108.640549,-3.167417
DAL,2023,11,0.487904,0.723912,0.236009,592.000000,0.649823,38.000000,44.000000,0.463000,66.365129,98.467292,32.102163
DAL,2024,14,0.877854,0.853837,-0.024016,740.000000,1.170485,50.000000,32.000000,0.610000,123.415691,120.039304,-3.376388
DAL,2025,12,0.547195,0.590375,0.043180,619.000000,0.834409,39.000000,43.000000,0.476000,84.622061,91.299767,6.677705
DAL,2026,11,0.565194,0.548037,-0.017158,535.000000,1.040684,26.000000,56.000000,0.317000,93.235041,90.404652,-2.830389
DEN,2019,14,0.918322,1.062463,0.144141,779.000000,1.114217,,,,100.225675,115.957213,15.731538
DEN,2020,14,1.009216,0.956070,-0.053146,701.000000,1.397900,46.000000,27.000000,0.630000,110.145862,104.345477,-5.800385
DEN,2021,13,0.821325,1.005928,0.184603,623.000000,1.154783,47.000000,25.000000,0.653000,92.328441,113.080403,20.751962
DEN,2022,14,0.583573,0.807446,0.223872,768.000000,0.899611,48.000000,34.000000,0.585000,72.161762,99.844710,27.682947
DEN,2023,14,1.188144,1.189807,0.001663,769.000000,1.465697,53.000000,29.000000,0.646000,161.612517,161.838728,0.226211
DEN,2024,15,1.209200,1.243167,0.033966,841.000000,1.392385,57.000000,25.000000,0.695000,169.999043,174.774297,4.775254
DEN,2025,13,1.021183,1.152176,0.130992,785.000000,1.245138,50.000000,32.000000,0.610000,157.922928,178.180490,20.257561
DEN,2026,10,0.937999,0.922642,-0.015357,577.000000,1.300979,54.000000,28.000000,0.659000,154.733253,152.199958,-2.533295
DET,2019,13,0.920537,0.890316,-0.030221,725.000000,1.108403,,,,100.467452,97.169079,-3.298372
DET,2020,14,0.356945,0.483381,0.126437,575.000000,0.614633,20.000000,46.000000,0.303000,38.956928,52.756208,13.799280
DET,2021,15,0.413052,0.556838,0.143786,645.000000,0.626788,20.000000,52.000000,0.278000,46.432860,62.596423,16.163562
DET,2022,12,0.356271,0.560314,0.204043,639.000000,0.549743,23.000000,59.000000,0.280000,44.054648,69.285585,25.230936
DET,2023,15,0.321646,0.568628,0.246982,634.000000,0.588876,17.000000,65.000000,0.207000,43.750671,77.345348,33.594677
DET,2024,10,0.295199,0.588476,0.293276,559.000000,0.406471,14.000000,68.000000,0.171000,41.501482,82.732609,41.231128
DET,2025,13,0.697536,0.744585,0.047049,652.000000,0.893111,44.000000,38.000000,0.537000,107.871887,115.147901,7.276015
DET,2026,11,0.680309,0.699058,0.018750,686.000000,0.866665,60.000000,22.000000,0.732000,112.224383,115.317381,3.092998
GSW,2019,12,1.295871,1.341084,0.045213,777.000000,1.485211,,,,141.431382,146.365894,4.934512
GSW,2020,13,0.352320,0.372304,0.019984,462.000000,1.100524,15.000000,50.000000,0.231000,38.452242,40.633246,2.181004
GSW,2021,13,1.038344,0.956381,-0.081963,614.000000,1.234053,39.000000,33.000000,0.542000,116.724440,107.510635,-9.213805
GSW,2022,11,1.020329,1.006886,-0.013443,670.000000,1.467364,53.000000,29.000000,0.646000,126.168805,124.506532,-1.662273
GSW,2023,13,1.158808,1.020486,-0.138323,693.000000,1.504319,44.000000,38.000000,0.537000,157.622271,138.807480,-18.814790
GSW,2024,13,0.999623,0.891447,-0.108175,764.000000,1.214828,46.000000,36.000000,0.561000,140.534979,125.326806,-15.208172
GSW,2025,17,1.049079,0.940003,-0.109076,895.000000,1.605463,48.000000,34.000000,0.585000,162.236919,145.368672,-16.868247
GSW,2026,15,0.793324,0.694681,-0.098643,767.000000,1.417952,37.000000,45.000000,0.451000,130.867554,114.595229,-16.272325
HOU,2019,9,0.907515,0.981245,0.073730,552.000000,1.093781,,,,99.046135,107.093031,8.046896
HOU,2020,10,0.810454,0.751286,-0.059168,445.000000,1.273503,44.000000,28.000000,0.611000,88.452944,81.995382,-6.457562
HOU,2021,13,0.384111,0.374451,-0.009660,414.000000,0.784610,17.000000,55.000000,0.236000,43.179492,42.093538,-1.085954
HOU,2022,11,0.327684,0.432230,0.104546,549.000000,0.487103,20.000000,62.000000,0.244000,40.519823,53.447439,12.927616
HOU,2023,8,0.289881,0.619595,0.329714,548.000000,0.364154,22.000000,60.000000,0.268000,39.429926,84.277968,44.848042
HOU,2024,12,0.802309,0.841567,0.039258,733.000000,0.941968,41.000000,41.000000,0.500000,112.795067,118.314223,5.519156
HOU,2025,14,0.751180,0.918330,0.167150,753.000000,0.950117,52.000000,30.000000,0.634000,116.167697,142.017006,25.849309
HOU,2026,10,0.735191,0.910717,0.175526,626.000000,0.890632,52.000000,30.000000,0.634000,121.277826,150.232720,28.954894
IND,2019,9,0.466225,0.593923,0.127698,474.000000,0.637159,,,,50.883843,64.820802,13.936959
IND,2020,14,0.752628,0.908659,0.156031,725.000000,1.170598,45.000000,28.000000,0.616000,82.141874,99.171084,17.029211
IND,2021,14,0.821736,0.919695,0.097959,667.000000,1.218165,34.000000,38.000000,0.472000,92.374655,103.386623,11.011968
IND,2022,12,0.493693,0.488075,-0.005618,499.000000,1.004222,25.000000,57.000000,0.305000,61.047666,60.352933,-0.694734
IND,2023,14,0.517187,0.777000,0.259813,752.000000,0.676809,35.000000,47.000000,0.427000,70.348257,105.688334,35.340077
IND,2024,13,0.793486,0.898827,0.105342,769.000000,0.978366,47.000000,35.000000,0.573000,111.554575,126.364342,14.809768
IND,2025,15,1.098652,1.112629,0.013977,827.000000,1.322713,50.000000,32.000000,0.610000,169.903239,172.064696,2.161457
IND,2026,11,0.538702,0.538184,-0.000518,587.000000,0.810801,19.000000,63.000000,0.232000,88.864849,88.779385,-0.085464
LAC,2019,13,0.729598,0.853617,0.124019,730.000000,0.973197,,,,79.628338,93.163798,13.535460
LAC,2020,14,0.809620,0.896608,0.086988,695.000000,1.219011,49.000000,23.000000,0.681000,88.361975,97.855815,9.493840
LAC,2021,15,1.116046,1.012902,-0.103144,734.000000,1.489497,47.000000,25.000000,0.653000,125.459180,113.864334,-11.594845
LAC,2022,12,0.655127,0.717841,0.062713,709.000000,1.014824,42.000000,40.000000,0.512000,81.009771,88.764587,7.754816
LAC,2023,14,0.948775,0.810112,-0.138663,699.000000,1.422418,44.000000,38.000000,0.537000,129.053305,110.192238,-18.861067
LAC,2024,15,1.166477,1.035394,-0.131083,795.000000,1.377522,51.000000,31.000000,0.622000,163.992685,145.563960,-18.428725
LAC,2025,15,0.825926,0.978223,0.152296,777.000000,1.166086,50.000000,32.000000,0.610000,127.727055,151.279223,23.552168
LAC,2026,12,0.741664,0.796775,0.055111,691.000000,1.156583,42.000000,40.000000,0.512000,122.345633,131.436797,9.091165
LAL,2019,15,0.500337,0.803879,0.303542,701.000000,0.738622,,,,54.606793,87.735406,33.128613
LAL,2020,14,0.913887,0.853531,-0.060356,727.000000,1.295847,52.000000,19.000000,0.732000,99.741575,93.154328,-6.587247
LAL,2021,12,0.875268,0.808565,-0.066703,638.000000,1.231034,42.000000,30.000000,0.583000,98.392379,90.894062,-7.498317
LAL,2022,9,0.926739,0.777949,-0.148790,470.000000,1.301653,33.000000,49.000000,0.402000,114.595959,96.197270,-18.398689
LAL,2023,7,0.522866,0.596419,0.073554,355.000000,0.767541,43.000000,39.000000,0.524000,71.120719,81.125550,10.004831
LAL,2024,12,1.021536,1.103092,0.081555,683.000000,1.278895,47.000000,35.000000,0.573000,143.615740,155.081430,11.465691
LAL,2025,15,0.968803,1.087071,0.118268,725.000000,1.591340,50.000000,32.000000,0.610000,149.822468,168.112274,18.289806
LAL,2026,11,0.685664,0.728180,0.042516,651.000000,0.923158,53.000000,29.000000,0.646000,113.107811,120.121289,7.013478
MEM,2019,13,0.562949,0.579330,0.016381,502.000000,0.821480,,,,61.440260,63.228113,1.787853
MEM,2020,14,0.514284,0.587736,0.073452,681.000000,0.740625,34.000000,39.000000,0.466000,56.128996,64.145519,8.016522
MEM,2021,15,0.497057,0.717468,0.220411,634.000000,0.698975,38.000000,34.000000,0.528000,55.876163,80.653432,24.777269
MEM,2022,14,0.789939,1.052706,0.262768,806.000000,0.975577,56.000000,26.000000,0.683000,97.679873,130.172390,32.492517
MEM,2023,14,0.800020,1.054395,0.254375,775.000000,1.073032,51.000000,31.000000,0.622000,108.819491,143.419809,34.600318
MEM,2024,15,0.484457,0.674021,0.189564,544.000000,1.176475,27.000000,55.000000,0.329000,68.108821,94.759259,26.650438
MEM,2025,15,0.905674,1.043734,0.138060,839.000000,1.215135,48.000000,34.000000,0.585000,140.059691,161.410321,21.350630
MEM,2026,13,0.326104,0.346711,0.020607,479.000000,0.864113,25.000000,57.000000,0.305000,53.794486,57.193848,3.399362
MIA,2019,13,0.679385,0.656263,-0.023123,668.000000,0.833453,,,,74.148095,71.624497,-2.523599
MIA,2020,12,0.576478,0.789295,0.212817,543.000000,1.000710,44.000000,29.000000,0.603000,62.916789,86.143686,23.226897
MIA,2021,14,0.790120,0.924195,0.134075,638.000000,1.037109,40.000000,32.000000,0.556000,88.820587,103.892492,15.071905
MIA,2022,17,0.907814,0.912571,0.004757,791.000000,1.300210,53.000000,29.000000,0.646000,112.255753,112.843934,0.588181
MIA,2023,13,1.126076,1.019369,-0.106707,688.000000,1.493253,44.000000,38.000000,0.537000,153.170003,138.655582,-14.514421
MIA,2024,13,0.842155,0.880484,0.038329,668.000000,1.168300,46.000000,36.000000,0.561000,118.396842,123.785491,5.388649
MIA,2025,11,0.745511,0.736534,-0.008977,605.000000,0.879001,37.000000,45.000000,0.451000,115.291075,113.902824,-1.388250
MIA,2026,12,0.775169,0.876590,0.101421,762.000000,1.033425,43.000000,39.000000,0.524000,127.872714,144.603234,16.730519
MIL,2019,11,1.053523,1.052860,-0.000662,653.000000,1.298064,,,,114.981464,114.909188,-0.072276
MIL,2020,11,0.851084,0.891855,0.040771,651.000000,1.117562,56.000000,17.000000,0.767000,92.887316,97.337085,4.449770
MIL,2021,11,1.073762,1.161069,0.087306,590.000000,1.231544,46.000000,26.000000,0.639000,120.705923,130.520385,9.814462
MIL,2022,12,0.994744,1.067365,0.072621,670.000000,1.325923,51.000000,31.000000,0.622000,123.005020,131.984986,8.979966
MIL,2023,15,1.061498,1.047609,-0.013889,803.000000,1.453035,58.000000,24.000000,0.707000,144.386016,142.496794,-1.889222
MIL,2024,12,1.162829,1.048528,-0.114301,775.000000,1.351943,49.000000,33.000000,0.598000,163.479777,147.410440,-16.069338
MIL,2025,13,0.693331,0.788063,0.094732,724.000000,1.120906,48.000000,34.000000,0.585000,107.221554,121.871503,14.649949
MIL,2026,15,0.713703,0.688480,-0.025223,799.000000,1.088141,32.000000,50.000000,0.390000,117.733170,113.572342,-4.160828
MIN,2019,12,0.931189,0.804306,-0.126883,670.000000,1.225803,,,,101.629963,87.781927,-13.848036
MIN,2020,14,0.515310,0.521617,0.006307,499.000000,1.113174,19.000000,45.000000,0.297000,56.240923,56.929261,0.688338
MIN,2021,14,0.826019,0.852582,0.026563,720.000000,1.172652,23.000000,49.000000,0.319000,92.856050,95.842147,2.986098
MIN,2022,14,0.808653,1.177864,0.369212,883.000000,0.954302,46.000000,36.000000,0.561000,99.993941,145.648810,45.654869
MIN,2023,13,0.731313,1.009594,0.278281,675.000000,1.060348,42.000000,40.000000,0.512000,99.473924,137.325986,37.852062
MIN,2024,14,1.278824,1.228747,-0.050077,802.000000,1.482393,56.000000,26.000000,0.683000,179.787341,172.747146,-7.040195
MIN,2025,15,1.165841,1.147719,-0.018121,835.000000,1.332309,49.000000,33.000000,0.598000,180.293741,177.491329,-2.802413
MIN,2026,11,1.030356,0.987902,-0.042454,724.000000,1.187959,49.000000,33.000000,0.598000,169.968532,162.965324,-7.003207
NOP,2019,11,0.757518,0.848060,0.090542,617.000000,1.046878,,,,82.675477,92.557271,9.881794
NOP,2020,15,0.628462,0.796677,0.168216,629.000000,0.960956,30.000000,42.000000,0.417000,68.590293,86.949362,18.359069
NOP,2021,13,0.850233,0.950922,0.100690,540.000000,1.068564,31.000000,41.000000,0.431000,95.578067,106.897001,11.318934
NOP,2022,10,0.463654,0.615550,0.151896,600.000000,0.658820,36.000000,46.000000,0.439000,57.333151,76.115806,18.782655
NOP,2023,11,0.688629,0.802676,0.114047,628.000000,1.052236,42.000000,40.000000,0.512000,93.667969,109.180781,15.512812
NOP,2024,13,0.910663,1.067602,0.156939,719.000000,1.138696,49.000000,33.000000,0.598000,128.028271,150.091960,22.063689
NOP,2025,13,0.579805,0.611596,0.031791,552.000000,1.349594,21.000000,61.000000,0.256000,89.665149,94.581564,4.916414
NOP,2026,15,0.715578,0.762826,0.047248,766.000000,1.192670,26.000000,56.000000,0.317000,118.042466,125.836524,7.794058
NYK,2019,12,0.183714,0.460508,0.276793,675.000000,0.263100,,,,20.050597,50.259790,30.209193
NYK,2020,13,0.445833,0.573752,0.127918,641.000000,0.680288,21.000000,45.000000,0.318000,48.658260,62.619265,13.961005
NYK,2021,17,0.658799,0.892398,0.233600,751.000000,0.846260,41.000000,31.000000,0.569000,74.058176,100.318047,26.259871
NYK,2022,15,0.717149,0.890394,0.173245,802.000000,0.904508,37.000000,45.000000,0.451000,88.679049,110.101707,21.422658
NYK,2023,12,0.819136,1.204834,0.385698,748.000000,1.039439,47.000000,35.000000,0.573000,111.419708,163.882698,52.462991
NYK,2024,11,0.821384,0.997772,0.176388,614.000000,1.074969,50.000000,32.000000,0.610000,115.476699,140.274716,24.798017
NYK,2025,13,1.071335,1.140655,0.069320,735.000000,1.300022,51.000000,31.000000,0.622000,165.678767,176.398916,10.720150
NYK,2026,12,1.185945,1.196541,0.010595,773.000000,1.372807,53.000000,29.000000,0.646000,195.634755,197.382535,1.747780
OKC,2019,10,0.982619,1.055555,0.072936,668.000000,1.070827,,,,107.243031,115.203252,7.960221
OKC,2020,13,0.812554,0.857862,0.045307,637.000000,1.053203,44.000000,28.000000,0.611000,88.682196,93.627056,4.944860
OKC,2021,18,0.259932,0.512309,0.252378,622.000000,0.573745,22.000000,50.000000,0.306000,29.219947,57.590719,28.370772
OKC,2022,14,0.416520,0.593444,0.176925,699.000000,0.637000,24.000000,58.000000,0.293000,51.504748,73.382367,21.877619
OKC,2023,16,0.493884,0.831807,0.337923,827.000000,0.627152,40.000000,42.000000,0.488000,67.178598,113.143271,45.964672
OKC,2024,12,0.783330,1.143609,0.360279,834.000000,0.863110,57.000000,25.000000,0.695000,110.126813,160.777662,50.650849
OKC,2025,14,0.881309,1.226162,0.344854,820.000000,1.162602,68.000000,14.000000,0.829000,136.291736,189.622299,53.330563
OKC,2026,13,0.994102,1.163604,0.169502,775.000000,1.395781,64.000000,18.000000,0.780000,163.988070,191.949230,27.961161
ORL,2019,11,0.557871,0.645671,0.087800,605.000000,0.639755,,,,60.886042,70.468567,9.582525
ORL,2020,11,0.591400,0.624070,0.032670,552.000000,0.860676,33.000000,40.000000,0.452000,64.545411,68.110999,3.565588
ORL,2021,12,0.315981,0.321708,0.005727,363.000000,0.767148,21.000000,51.000000,0.292000,35.520662,36.164446,0.643784
ORL,2022,12,0.451943,0.601603,0.149661,668.000000,0.687659,22.000000,60.000000,0.268000,55.884998,74.391278,18.506279
ORL,2023,13,0.482976,0.722455,0.239480,676.000000,0.782363,34.000000,48.000000,0.415000,65.694860,98.269104,32.574244
ORL,2024,15,0.700717,1.000409,0.299692,876.000000,0.879231,47.000000,35.000000,0.573000,98.512379,140.645466,42.133087
ORL,2025,15,0.792966,0.969248,0.176282,844.000000,1.124527,41.000000,41.000000,0.500000,122.629854,149.891372,27.261517
ORL,2026,14,1.017050,1.084769,0.067719,826.000000,1.349523,45.000000,37.000000,0.549000,167.773645,178.944643,11.170997
PHI,2019,14,0.572088,0.824444,0.252356,557.000000,0.886815,,,,62.437692,89.979780,27.542088
PHI,2020,12,1.010316,0.932359,-0.077957,650.000000,1.363803,43.000000,30.000000,0.589000,110.265881,101.757665,-8.508216
PHI,2021,13,0.969499,1.064567,0.095068,691.000000,1.205431,49.000000,23.000000,0.681000,108.985254,119.672258,10.687003
PHI,2022,14,0.703260,0.913072,0.209812,754.000000,0.896523,51.000000,31.000000,0.622000,86.961666,112.905967,25.944301
PHI,2023,14,1.065419,1.045831,-0.019588,769.000000,1.356936,54.000000,28.000000,0.659000,144.919405,142.254997,-2.664407
PHI,2024,10,0.733090,0.773238,0.040148,571.000000,1.095173,47.000000,35.000000,0.573000,103.063655,108.707953,5.644298
PHI,2025,12,0.551795,0.565481,0.013686,512.000000,1.203666,24.000000,58.000000,0.293000,85.333375,87.449944,2.116569
PHI,2026,14,0.783889,0.862821,0.078932,779.000000,1.268151,45.000000,37.000000,0.549000,129.311180,142.331802,13.020621
PHO,2019,13,0.553425,0.675776,0.122351,728.000000,0.765664,,,,60.400838,73.754228,13.353390
PHO,2020,14,0.630566,0.783147,0.152581,576.000000,0.911841,34.000000,39.000000,0.466000,68.819945,85.472633,16.652688
PHO,2021,14,0.922331,1.178181,0.255850,715.000000,1.066424,51.000000,21.000000,0.708000,103.682964,132.444094,28.761130
PHO,2022,13,1.004114,1.081727,0.077613,703.000000,1.263703,64.000000,18.000000,0.780000,124.163704,133.760976,9.597272
PHO,2023,12,0.822734,0.830780,0.008046,680.000000,1.159451,45.000000,37.000000,0.549000,111.909117,113.003553,1.094435
PHO,2024,11,1.080291,0.904432,-0.175859,641.000000,1.357445,49.000000,33.000000,0.598000,151.875918,127.152258,-24.723660
PHO,2025,13,0.858097,0.877156,0.019059,758.000000,1.060700,36.000000,46.000000,0.439000,132.702101,135.649547,2.947446
PHO,2026,14,0.784273,0.851557,0.067283,797.000000,1.150456,45.000000,37.000000,0.549000,129.374496,140.473648,11.099152
POR,2019,11,1.005388,0.904948,-0.100440,682.000000,1.162466,,,,109.728091,98.766062,-10.962029
POR,2020,13,0.571987,0.719052,0.147065,571.000000,0.835033,35.000000,39.000000,0.473000,62.426703,78.477386,16.050683
POR,2021,8,0.754366,0.859172,0.104806,464.000000,0.911798,42.000000,30.000000,0.583000,84.801309,96.582958,11.781650
POR,2022,12,0.560708,0.547837,-0.012871,402.000000,1.198030,27.000000,55.000000,0.329000,69.334355,67.742737,-1.591618
POR,2023,16,0.741396,0.795307,0.053911,690.000000,1.137260,33.000000,49.000000,0.402000,100.845447,108.178481,7.333034
POR,2024,13,0.605419,0.657874,0.052455,677.000000,0.930012,21.000000,61.000000,0.256000,85.114704,92.489207,7.374503
POR,2025,16,0.586806,0.791782,0.204976,839.000000,0.854193,36.000000,46.000000,0.439000,90.747857,122.446723,31.698866
POR,2026,10,0.652071,0.759524,0.107454,590.000000,0.932432,42.000000,40.000000,0.512000,107.566214,125.291874,17.725659
SAC,2019,10,0.290722,0.673712,0.382990,588.000000,0.346475,,,,31.729372,73.528893,41.799521
SAC,2020,10,0.582155,0.660458,0.078303,476.000000,0.856075,31.000000,41.000000,0.431000,63.536403,72.082432,8.546029
SAC,2021,13,0.754808,0.814600,0.059792,544.000000,0.979209,31.000000,41.000000,0.431000,84.851005,91.572420,6.721415
SAC,2022,12,0.633749,0.650603,0.016854,563.000000,0.967530,30.000000,52.000000,0.366000,78.366221,80.450337,2.084115
SAC,2023,12,0.929976,1.027688,0.097711,709.000000,1.046069,48.000000,34.000000,0.585000,126.496315,139.787109,13.290794
SAC,2024,11,1.003720,1.052336,0.048616,732.000000,1.109041,46.000000,36.000000,0.561000,141.110963,147.945779,6.834816
SAC,2025,11,0.786016,0.894827,0.108812,602.000000,1.071528,40.000000,42.000000,0.488000,121.554944,138.382374,16.827430
SAC,2026,9,0.440456,0.290666,-0.149790,446.000000,0.991733,22.000000,60.000000,0.268000,72.658078,47.948518,-24.709560
SAS,2019,8,0.795704,0.788062,-0.007642,559.000000,0.844616,,,,86.843099,86.009066,-0.834033
SAS,2020,10,0.660850,0.674262,0.013412,556.000000,0.837488,32.000000,39.000000,0.451000,72.125176,73.588932,1.463757
SAS,2021,14,0.648625,0.795348,0.146723,680.000000,0.825462,33.000000,39.000000,0.458000,72.914476,89.408234,16.493758
SAS,2022,13,0.463059,0.735989,0.272930,673.000000,0.679872,34.000000,48.000000,0.415000,57.259596,91.008749,33.749153
SAS,2023,15,0.423738,0.565541,0.141802,670.000000,0.669796,22.000000,60.000000,0.268000,57.637310,76.925427,19.288117
SAS,2024,16,0.645600,0.784440,0.138841,820.000000,0.806148,22.000000,60.000000,0.268000,90.763553,110.282887,19.519334
SAS,2025,13,0.585998,0.697293,0.111295,798.000000,0.718474,34.000000,48.000000,0.415000,90.622875,107.834261,17.211386
SAS,2026,12,0.921964,1.207955,0.285992,792.000000,1.068402,62.000000,20.000000,0.756000,152.088042,199.265523,47.177481
TOR,2019,12,1.027274,0.968769,-0.058506,663.000000,1.324824,,,,112.116702,105.731401,-6.385301
TOR,2020,15,0.786201,0.925311,0.139110,716.000000,1.173723,53.000000,19.000000,0.736000,85.805953,100.988409,15.182455
TOR,2021,12,0.766056,0.901789,0.135733,554.000000,1.118305,27.000000,45.000000,0.375000,86.115370,101.373695,15.258325
TOR,2022,15,0.849426,1.074003,0.224577,798.000000,1.117855,48.000000,34.000000,0.585000,105.035731,132.805833,27.770102
TOR,2023,14,1.007009,1.131737,0.124728,748.000000,1.355198,41.000000,41.000000,0.500000,136.974366,153.939984,16.965618
TOR,2024,13,0.722671,0.815792,0.093121,569.000000,1.524672,25.000000,57.000000,0.305000,101.598814,114.690551,13.091738
TOR,2025,13,0.650251,0.757305,0.107054,702.000000,1.005115,30.000000,52.000000,0.366000,100.559308,117.114914,16.555606
TOR,2026,11,1.023474,0.968224,-0.055249,758.000000,1.203655,46.000000,36.000000,0.561000,168.833260,159.719257,-9.114003
UTA,2019,13,0.764915,1.049272,0.284357,787.000000,0.860510,,,,83.482799,114.517517,31.034718
UTA,2020,13,0.705593,0.836839,0.131246,602.000000,1.047831,44.000000,28.000000,0.611000,77.008400,91.332574,14.324175
UTA,2021,14,1.030515,1.076578,0.046064,695.000000,1.201127,52.000000,20.000000,0.722000,115.844259,121.022472,5.178213
UTA,2022,10,0.860066,0.882721,0.022655,527.000000,1.057800,49.000000,33.000000,0.598000,106.351497,109.152924,2.801427
UTA,2023,13,0.667034,0.753176,0.086142,702.000000,0.985797,37.000000,45.000000,0.451000,90.730576,102.447755,11.717179
UTA,2024,14,0.772009,0.791343,0.019334,755.000000,1.079891,31.000000,51.000000,0.378000,108.535215,111.253313,2.718098
UTA,2025,15,0.519426,0.709357,0.189931,709.000000,0.902248,17.000000,65.000000,0.207000,80.327680,109.699965,29.372285
UTA,2026,12,0.347323,0.593019,0.245696,549.000000,0.756696,22.000000,60.000000,0.268000,57.294717,97.824988,40.530271
WAS,2019,11,0.635385,0.647727,0.012342,441.000000,1.130541,,,,69.345922,70.692906,1.346983
WAS,2020,12,0.335710,0.452905,0.117196,468.000000,0.526408,25.000000,47.000000,0.347000,36.639372,49.430092,12.790721
WAS,2021,15,0.828906,0.805215,-0.023692,665.000000,1.066718,34.000000,38.000000,0.472000,93.180674,90.517413,-2.663261
WAS,2022,16,0.609082,0.769911,0.160829,770.000000,0.993306,35.000000,47.000000,0.427000,75.316066,95.203315,19.887250
WAS,2023,14,0.648148,0.732107,0.083959,698.000000,0.983528,35.000000,47.000000,0.427000,88.161716,99.581926,11.420210
WAS,2024,16,0.676098,0.713105,0.037007,783.000000,0.902782,15.000000,67.000000,0.183000,95.051201,100.253943,5.202741
WAS,2025,11,0.410153,0.525591,0.115438,581.000000,0.534870,18.000000,64.000000,0.220000,63.428974,81.281115,17.852141
WAS,2026,11,0.234650,0.374272,0.139622,553.000000,0.388722,17.000000,65.000000,0.207000,38.708094,61.740271,23.032177
