player_name,player_name_norm,season,age,position,predicted_cap_pct,predicted_salary,is_free_agent,actual_salary,reference_salary,diff,darko_dpm,lebron,rapm,minutes,usage_pct,team_abbreviation
Nikola Jokic,nikola jokic,2026,30.0,C,0.34291658,5.2466236e+07,False,59033114.0,59033114.0,-6566878.0,7.03,6.797957958982293,9.496,2265.0,30.4,DEN
Luka Doncic,luka doncic,2026,26.0,PG,0.33919016,5.1896092e+07,False,49800000.0,49800000.0,2096092.0,4.46,5.2027737300878565,5.571,2289.0,38.1,LAL
Shai Gilgeous-Alexander,shai gilgeous-alexander,2026,27.0,PG,0.33503386,5.126018e+07,False,40806150.0,40806150.0,10454030.0,5.62,6.226180975863492,9.654,2259.0,33.4,OKC
Cade Cunningham,cade cunningham,2026,24.0,PG,0.32452208,4.9651876e+07,False,50105628.0,50105628.0,-453752.0,3.64,5.192168744258115,4.266,2172.0,30.5,DET
Donovan Mitchell,donovan mitchell,2026,29.0,SG,0.3206305,4.9056464e+07,False,50105628.0,50105628.0,-1049164.0,3.87,3.805424545595595,5.589,2342.0,32.2,CLE
Kawhi Leonard,kawhi leonard,2026,34.0,SF,0.304402,4.6573504e+07,False,50300000.0,50300000.0,-3726496.0,5.88,5.375744006972128,8.303,2085.0,33.5,LAC
Bam Adebayo,bam adebayo,2026,28.0,C,0.3038336,4.648654e+07,False,49800000.0,49800000.0,-3313460.0,2.26,3.4965041972757147,1.932,2365.0,25.0,MIA
Jamal Murray,jamal murray,2026,28.0,PG,0.29831606,4.5642356e+07,False,50105628.0,50105628.0,-4463272.0,2.8,1.5525918324372554,3.693,2652.0,27.9,DEN
Devin Booker,devin booker,2026,29.0,SG,0.2939779,4.4978616e+07,False,57078728.0,57078728.0,-12100112.0,1.99,2.269559667000102,2.793,2146.0,32.2,PHO
Jalen Brunson,jalen brunson,2026,29.0,PG,0.29368404,4.4933656e+07,False,37739521.0,37739521.0,7194135.0,3.39,2.1667372079060465,2.199,2590.0,30.4,NYK
Jaylen Brown,jaylen brown,2026,29.0,SF,0.29346684,4.4900424e+07,False,57078728.0,57078728.0,-12178304.0,1.78,2.204604361088459,2.416,2443.0,36.2,BOS
Anthony Edwards,anthony edwards,2026,24.0,SG,0.29250243,4.475287e+07,False,48924624.0,48924624.0,-4171752.0,3.58,1.191730149413976,3.955,2137.0,31.5,MIN
Evan Mobley,evan mobley,2026,24.0,PF,0.29163632,4.4620356e+07,False,50105628.0,50105628.0,-5485272.0,1.81,3.167231012458004,2.769,2074.0,22.6,CLE
Scottie Barnes,scottie barnes,2026,24.0,PF,0.28841028,4.4126772e+07,False,41754690.0,41754690.0,2372082.0,2.88,2.8828890157549663,3.606,2681.0,23.4,TOR
Kevin Durant,kevin durant,2026,37.0,SF,0.28183097,4.3120136e+07,False,43902439.0,43902439.0,-782303.0,3.17,1.950822048544538,3.077,2840.0,27.1,HOU
Jayson Tatum,jayson tatum,2026,27.0,PF,0.28012452,4.2859052e+07,False,58456566.0,58456566.0,-15597514.0,3.41,3.699934005434463,4.387,522.0,30.0,BOS
Karl-Anthony Towns,karl-anthony towns,2026,30.0,C,0.2707493,4.1424644e+07,False,57078728.0,57078728.0,-15654084.0,3.57,3.088648097009828,2.338,2322.0,25.9,NYK
De'Aaron Fox,de'aaron fox,2026,28.0,PG,0.27050793,4.138771e+07,False,49800000.0,49800000.0,-8412288.0,2.16,2.0990306576979574,2.838,2231.0,24.9,SAS
Tyrese Maxey,tyrese maxey,2026,25.0,PG,0.26878354,4.112388e+07,False,40770520.0,40770520.0,353360.0,1.79,2.626476477245834,3.856,2661.0,29.4,PHI
Derrick White,derrick white,2026,31.0,SG,0.2686536,4.1104e+07,False,30348000.0,30348000.0,10756000.0,1.54,4.498096380787693,3.938,2625.0,22.0,BOS
James Harden,james harden,2026,36.0,PG,0.26759654,4.094227e+07,False,42317307.0,42317307.0,-1375035.0,2.64,2.6244434518082818,2.028,1559.0,31.2,LAC
Deni Avdija,deni avdija,2026,25.0,SF,0.26369658,4.0345576e+07,False,13125000.0,13125000.0,27220576.0,0.98,2.255913032005008,1.864,2199.0,29.3,POR
Austin Reaves,austin reaves,2026,27.0,SG,0.2606338,3.9876972e+07,False,14898786.0,14898786.0,24978186.0,1.02,1.90049569843999,3.43,1762.0,26.7,LAL
OG Anunoby,og anunoby,2026,28.0,PF,0.25821638,3.9507108e+07,False,42500000.0,42500000.0,-2992892.0,3.59,1.871807441353847,3.415,2224.0,19.7,NYK
Pascal Siakam,pascal siakam,2026,31.0,PF,0.2557157,3.91245e+07,False,48924624.0,48924624.0,-9800124.0,1.07,0.8753980525560525,1.345,2057.0,30.1,IND
Chet Holmgren,chet holmgren,2026,23.0,PF,0.25295335,3.8701864e+07,False,41500000.0,41500000.0,-2798136.0,3.29,4.715564582471276,4.794,1997.0,21.9,OKC
Victor Wembanyama,victor wembanyama,2026,22.0,C,0.25228953,3.86003e+07,False,16868246.0,16868246.0,21732054.0,6.36,7.917697390303813,8.161,1866.0,32.4,SAS
Joel Embiid,joel embiid,2026,31.0,C,0.24461767,3.7426504e+07,False,58100000.0,58100000.0,-20673496.0,2.59,2.053978194961008,1.873,1201.0,33.5,PHI
Michael Porter Jr.,michael porter jr.,2026,27.0,SF,0.24453804,3.741432e+07,False,40806150.0,40806150.0,-3391830.0,1.35,0.2385762620870544,1.41,1689.0,30.5,BRK
LeBron James,lebron james,2026,41.0,SF,0.24406429,3.7341836e+07,True,,52627153.0,-15285317.0,1.31,2.598437666168042,2.865,1989.0,27.2,LAL
Lauri Markkanen,lauri markkanen,2026,28.0,PF,0.23928423,3.661049e+07,False,46113154.0,46113154.0,-9502666.0,1.61,1.041254312818811,2.764,1443.0,28.1,UTA
Jalen Johnson,jalen johnson,2026,24.0,SF,0.2382663,3.6454744e+07,False,30000000.0,30000000.0,6454744.0,0.4,1.871860869897057,2.638,2532.0,27.0,ATL
Stephon Castle,stephon castle,2026,21.0,PG,0.23263067,3.5592492e+07,False,10015920.0,10015920.0,25576572.0,2.01,1.5174444106652856,1.793,2038.0,24.9,SAS
Jalen Duren,jalen duren,2026,22.0,C,0.23050767,3.526767e+07,True,,6483144.0,28784528.0,1.75,4.024624988425275,4.948,1976.0,23.6,DET
Paolo Banchero,paolo banchero,2026,23.0,PF,0.2284995,3.4960424e+07,False,41500000.0,41500000.0,-6539576.0,0.29,1.0301651760384083,0.631,2502.0,27.6,ORL
Amen Thompson,amen thompson,2026,23.0,PG,0.22601981,3.458103e+07,False,12258609.0,12258609.0,22322423.0,1.23,1.576957924701804,2.946,2953.0,20.0,HOU
Giannis Antetokounmpo,giannis antetokounmpo,2026,31.0,PF,0.22592431,3.456642e+07,False,58456566.0,58456566.0,-23890146.0,5.14,4.3096235327220365,7.952,1039.0,37.0,MIL
Ryan Rollins,ryan rollins,2026,23.0,PG,0.219011,3.3508682e+07,False,4000000.0,4000000.0,29508682.0,1.16,-1.0072702601518415,0.657,2376.0,24.2,MIL
Jimmy Butler,jimmy butler,2026,36.0,SF,0.21407089,3.2752846e+07,False,56832773.0,56832773.0,-24079927.0,1.92,,6.242,1182.0,23.3,GSW
Nickeil Alexander-Walker,nickeil alexander-walker,2026,27.0,SG,0.21173792,3.2395902e+07,False,14403710.0,14403710.0,17992192.0,0.85,0.8254592553312989,2.466,2603.0,23.9,ATL
Brandon Ingram,brandon ingram,2026,28.0,SF,0.21144766,3.2351492e+07,False,40000000.0,40000000.0,-7648508.0,0.64,-0.2542960934478936,-0.381,2604.0,26.9,TOR
Cooper Flagg,cooper flagg,2026,19.0,SF,0.20920146,3.2007822e+07,False,14517480.0,14517480.0,17490342.0,-0.13,0.0918480463694024,0.881,2344.0,26.9,DAL
LaMelo Ball,lamelo ball,2026,24.0,PG,0.20723549,3.170703e+07,False,40770520.0,40770520.0,-9063490.0,2.59,3.200478911187844,3.415,2017.0,32.0,CHO
Stephen Curry,stephen curry,2026,37.0,PG,0.19984852,3.0576824e+07,False,62587158.0,62587158.0,-32010334.0,1.99,2.7596240982048794,3.229,1329.0,32.5,GSW
Trey Murphy III,trey murphy iii,2026,25.0,SF,0.1964439,3.0055916e+07,False,27000000.0,27000000.0,3055916.0,0.07,1.1046744205932195,2.101,2341.0,22.7,NOP
Julius Randle,julius randle,2026,31.0,PF,0.19573265,2.9947096e+07,False,33333334.0,33333334.0,-3386238.0,-0.58,0.1677973141075645,1.984,2610.0,26.5,MIN
Desmond Bane,desmond bane,2026,27.0,SG,0.1954825,2.9908824e+07,False,39446090.0,39446090.0,-9537266.0,0.73,1.3266670815656956,2.486,2756.0,23.3,ORL
Anthony Davis,anthony davis,2026,32.0,PF,0.19388519,2.9664434e+07,False,58456566.0,58456566.0,-28792132.0,1.59,1.900166025257746,2.525,626.0,27.5,DAL
Immanuel Quickley,immanuel quickley,2026,26.0,PG,0.18706174,2.8620446e+07,False,32500000.0,32500000.0,-3879554.0,0.88,2.1913282158489,1.854,2231.0,21.1,TOR
Franz Wagner,franz wagner,2026,24.0,SF,0.1838085,2.8122702e+07,False,41754690.0,41754690.0,-13631988.0,1.58,1.7347730165817798,2.467,1019.0,27.0,ORL
Darius Garland,darius garland,2026,26.0,PG,0.1823414,2.7898234e+07,False,42166510.0,42166510.0,-14268276.0,0.96,0.5286055892799992,-1.49,792.0,25.8,CLE
Keyonte George,keyonte george,2026,22.0,PG,0.18220441,2.7877274e+07,False,6563925.0,6563925.0,21313349.0,-1.07,-1.0334517424486906,-0.786,1786.0,27.9,UTA
Brandon Miller,brandon miller,2026,23.0,SF,0.17645743,2.6997988e+07,False,15104626.0,15104626.0,11893362.0,0.71,1.568559444631143,2.453,1968.0,28.1,CHO
Rudy Gobert,rudy gobert,2026,33.0,C,0.17634888,2.6981378e+07,False,36500000.0,36500000.0,-9518622.0,1.93,1.541712023144134,0.794,2380.0,12.9,MIN
Jarrett Allen,jarrett allen,2026,27.0,C,0.1761899,2.6957054e+07,False,28000000.0,28000000.0,-1042946.0,2.62,2.52533491266776,3.015,1519.0,19.9,CLE
Paul George,paul george,2026,35.0,PF,0.17617685,2.6955058e+07,False,54126380.0,54126380.0,-27171322.0,1.07,1.6843646132792365,2.837,1135.0,23.3,PHI
Kon Knueppel,kon knueppel,2026,20.0,SF,0.17402178,2.6625332e+07,False,10516560.0,10516560.0,16108772.0,0.03,1.1077211638111142,2.439,2551.0,22.3,CHO
Zion Williamson,zion williamson,2026,25.0,PF,0.16970736,2.5965226e+07,False,42166510.0,42166510.0,-16201284.0,0.88,0.3616556451264963,2.929,1841.0,25.7,NOP
Onyeka Okongwu,onyeka okongwu,2026,25.0,C,0.16956015,2.5942702e+07,False,16120000.0,16120000.0,9822702.0,1.32,1.2883408400968048,-0.165,2297.0,19.5,ATL
Ivica Zubac,ivica zubac,2026,28.0,C,0.16926394,2.5897384e+07,False,20342140.0,20342140.0,5555244.0,1.22,0.4012989988211679,-1.216,1328.0,19.0,LAC
Kevin Porter Jr.,kevin porter jr.,2026,25.0,PG,0.16914815,2.5879666e+07,False,5390700.0,5390700.0,20488966.0,0.45,1.0470908711463078,2.308,1261.0,24.3,MIL
Josh Giddey,josh giddey,2026,23.0,PG,0.16856855,2.5790988e+07,False,25000000.0,25000000.0,790988.0,0.15,0.3095133552457916,-0.083,1731.0,24.4,CHI
Ty Jerome,ty jerome,2026,28.0,SG,0.16709414,2.5565404e+07,False,9220050.0,9220050.0,16345354.0,2.3,2.84185140658307,5.576,339.0,32.7,MEM
Mitchell Robinson,mitchell robinson,2026,27.0,C,0.16230088,2.4832036e+07,True,,12954546.0,11877490.0,2.85,2.8848138291670504,3.589,1175.0,10.7,NYK
Isaiah Hartenstein,isaiah hartenstein,2026,27.0,C,0.16224058,2.4822808e+07,False,28500000.0,28500000.0,-3677192.0,2.43,3.017607470793377,3.11,1137.0,16.1,OKC
Miles Bridges,miles bridges,2026,27.0,PF,0.16213162,2.4806138e+07,False,22826087.0,22826087.0,1980051.0,0.14,1.2474338340100934,1.576,2387.0,22.3,CHO
Jalen Williams,jalen williams,2026,24.0,SG,0.16187891,2.4767474e+07,False,41500000.0,41500000.0,-16732526.0,1.32,1.386865252324482,3.878,936.0,26.2,OKC
Payton Pritchard,payton pritchard,2026,28.0,PG,0.15878579,2.4294226e+07,False,7767857.0,7767857.0,16526369.0,0.47,2.619879355083023,1.803,2556.0,21.4,BOS
Dyson Daniels,dyson daniels,2026,22.0,SG,0.15848991,2.4248956e+07,False,25000000.0,25000000.0,-751044.0,0.76,2.181559908297245,3.657,2520.0,16.0,ATL
Aaron Gordon,aaron gordon,2026,30.0,PF,0.1581554,2.4197776e+07,False,33658037.0,33658037.0,-9460261.0,2.11,0.61181410781688,3.25,1005.0,21.9,DEN
Donte DiVincenzo,donte divincenzo,2026,29.0,SG,0.15805411,2.418228e+07,False,12535000.0,12535000.0,11647280.0,1.44,0.329213033772367,1.72,2494.0,16.9,MIN
Devin Vassell,devin vassell,2026,25.0,SG,0.15548348,2.3788974e+07,False,27000000.0,27000000.0,-3211026.0,1.11,-0.189579312227928,2.189,2044.0,18.0,SAS
Mikal Bridges,mikal bridges,2026,29.0,SF,0.15384744,2.3538658e+07,False,33482145.0,33482145.0,-9943487.0,0.47,2.030300370393763,2.966,2692.0,17.3,NYK
Neemias Queta,neemias queta,2026,26.0,C,0.15090753,2.3088852e+07,False,2667944.0,2667944.0,20420908.0,1.02,3.686041797998474,3.922,1926.0,14.7,BOS
RJ Barrett,rj barrett,2026,25.0,SF,0.14891596,2.2784142e+07,False,29616071.0,29616071.0,-6831929.0,0.62,1.0935597857120087,1.083,1726.0,25.8,TOR
Donovan Clingan,donovan clingan,2026,21.0,C,0.14831994,2.2692952e+07,False,7519920.0,7519920.0,15173032.0,0.92,3.603034847080207,1.746,2094.0,16.9,POR
CJ McCollum,cj mccollum,2026,34.0,PG,0.14645648,2.2407842e+07,False,21000000.0,21000000.0,1407842.0,1.15,0.3900660357614145,0.814,1182.0,26.9,ATL
Ausar Thompson,ausar thompson,2026,23.0,SF,0.14594635,2.2329792e+07,False,11117925.0,11117925.0,11211867.0,0.84,2.934193540087612,4.636,1896.0,16.9,DET
VJ Edgecombe,vj edgecombe,2026,20.0,SG,0.14269964,2.1833046e+07,False,11663880.0,11663880.0,10169166.0,-0.48,-0.1615192599943329,0.951,2623.0,20.1,PHI
Andrew Nembhard,andrew nembhard,2026,26.0,PG,0.1377806,2.1080432e+07,False,19550160.0,19550160.0,1530272.0,-0.21,0.3755625272661924,-1.131,1786.0,23.6,IND
Anthony Black,anthony black,2026,22.0,PG,0.13636523,2.086388e+07,False,10106316.0,10106316.0,10757564.0,0.32,0.6200484954067997,-0.256,1910.0,22.2,ORL
Jaden McDaniels,jaden mcdaniels,2026,25.0,PF,0.13618578,2.0836424e+07,False,26200001.0,26200001.0,-5363577.0,0.28,-1.1890154596165226,0.719,2316.0,18.5,MIN
Toumani Camara,toumani camara,2026,25.0,PF,0.13497996,2.0651934e+07,False,18080358.0,18080358.0,2571576.0,0.57,0.1171222569576441,0.252,2731.0,16.3,POR
Jalen Suggs,jalen suggs,2026,24.0,PG,0.13385032,2.04791e+07,False,32400000.0,32400000.0,-11920900.0,1.21,1.8105399535731448,2.371,1574.0,22.9,ORL
Saddiq Bey,saddiq bey,2026,26.0,SF,0.13243781,2.0262984e+07,False,6440678.0,6440678.0,13822306.0,-0.44,0.1675213812158715,0.639,2246.0,21.6,NOP
Julian Champagnie,julian champagnie,2026,24.0,SF,0.13230686,2.024295e+07,False,3000000.0,3000000.0,17242950.0,1.84,1.6112975346302931,1.806,2266.0,15.2,SAS
Dillon Brooks,dillon brooks,2026,30.0,SF,0.13069908,1.999696e+07,False,19992727.0,19992727.0,4233.0,-0.21,-0.8323829011329842,-1.04,1702.0,28.6,PHO
Shaedon Sharpe,shaedon sharpe,2026,22.0,SG,0.12778325,1.9550838e+07,False,20089287.0,20089287.0,-538449.0,0.03,-0.682785218947257,0.061,1471.0,30.5,POR
Norman Powell,norman powell,2026,32.0,SG,0.12711446,1.9448512e+07,True,,20482758.0,-1034246.0,0.51,0.8520684263087932,1.64,1717.0,27.2,MIA
Ja Morant,ja morant,2026,26.0,PG,0.12652838,1.9358842e+07,False,42166510.0,42166510.0,-22807668.0,0.89,0.7351190357090822,-1.947,569.0,32.5,MEM
Jakob Poeltl,jakob poeltl,2026,30.0,C,0.12453979,1.9054588e+07,False,19500000.0,19500000.0,-445412.0,2.21,-0.3217874392332521,0.901,1149.0,15.3,TOR
Tyler Herro,tyler herro,2026,26.0,SG,0.12150145,1.8589722e+07,False,33000000.0,33000000.0,-14410278.0,0.55,0.0788717384946752,0.767,1033.0,24.7,MIA
Dylan Harper,dylan harper,2026,19.0,SG,0.1195781,1.829545e+07,False,12989040.0,12989040.0,5306410.0,1.6,1.213301744859714,2.692,1558.0,21.8,SAS
Josh Hart,josh hart,2026,30.0,SF,0.116823606,1.7874012e+07,False,20923760.0,20923760.0,-3049748.0,0.53,1.607636128509971,2.047,1994.0,16.7,NYK
Collin Gillespie,collin gillespie,2026,26.0,PG,0.11634075,1.7800134e+07,True,,2296274.0,15503860.0,0.68,1.849261355311284,1.419,2282.0,18.7,PHO
Jrue Holiday,jrue holiday,2026,35.0,PG,0.11496229,1.758923e+07,False,34800000.0,34800000.0,-17210770.0,0.3,1.3406002846994205,1.547,1560.0,23.5,POR
Grayson Allen,grayson allen,2026,30.0,SG,0.11279896,1.725824e+07,False,18125000.0,18125000.0,-866760.0,0.4,1.2722555946735603,2.109,1467.0,23.8,PHO
Brandin Podziemski,brandin podziemski,2026,22.0,SG,0.11255112,1.7220322e+07,False,5679459.0,5679459.0,11540863.0,0.56,0.5775263729693617,0.68,2333.0,20.1,GSW
Ajay Mitchell,ajay mitchell,2026,23.0,SG,0.11026959,1.6871248e+07,False,2850000.0,2850000.0,14021248.0,0.95,2.211176801408322,4.022,1473.0,21.8,OKC
Andrew Wiggins,andrew wiggins,2026,30.0,SF,0.10927883,1.6719661e+07,False,30169644.0,30169644.0,-13449983.0,-0.49,0.4724024149727444,0.446,2063.0,19.7,MIA
Naz Reid,naz reid,2026,26.0,C,0.10833266,1.6574896e+07,False,23275862.0,23275862.0,-6700966.0,0.21,1.4093369403851488,-0.363,2007.0,22.1,MIN
Jaime Jaquez Jr.,jaime jaquez jr.,2026,24.0,SF,0.10673575,1.633057e+07,False,5939141.0,5939141.0,10391429.0,-0.48,-0.7295455475082769,0.129,2121.0,22.3,MIA
Naji Marshall,naji marshall,2026,28.0,SF,0.106443524,1.6285859e+07,False,9428571.0,9428571.0,6857288.0,-1.41,-0.8036742311051763,0.525,2184.0,20.5,DAL
Alex Caruso,alex caruso,2026,31.0,SG,0.10626797,1.6258999e+07,False,19550160.0,19550160.0,-3291161.0,2.04,2.256691461831319,3.593,1020.0,15.7,OKC
Cason Wallace,cason wallace,2026,22.0,SG,0.10611635,1.6235801e+07,False,7420806.0,7420806.0,8814995.0,1.55,1.9293290369309497,3.585,2046.0,14.5,OKC
Kelly Oubre Jr.,kelly oubre jr.,2026,30.0,SF,0.10476979,1.6029778e+07,True,,8382150.0,7647628.0,-0.21,-1.8728308263696647,-0.527,1574.0,18.2,PHI
P.J. Washington,p.j. washington,2026,27.0,PF,0.10359261,1.584967e+07,False,19813044.0,19813044.0,-3963374.0,-1.04,-0.3179445541867295,-1.389,1736.0,20.1,DAL
Marcus Smart,marcus smart,2026,31.0,SG,0.103488296,1.5833709e+07,False,5390700.0,5390700.0,10443009.0,0.98,0.3589072896880312,0.459,1769.0,15.4,LAL
Sandro Mamukelashvili,sandro mamukelashvili,2026,26.0,C,0.10331139,1.5806643e+07,False,2801346.0,2801346.0,13005297.0,1.45,1.99226921094961,1.782,1751.0,18.8,TOR
Matas Buzelis,matas buzelis,2026,21.0,PF,0.10324888,1.5797079e+07,False,5715360.0,5715360.0,10081719.0,-0.82,-0.955993449610081,-1.302,2248.0,22.8,CHI
Quentin Grimes,quentin grimes,2026,25.0,SG,0.102987066,1.5757021e+07,True,,8741209.0,7015812.0,-1.21,-0.9906360333341644,-0.609,2206.0,19.0,PHI
John Collins,john collins,2026,28.0,PF,0.102408975,1.5668573e+07,True,,26580000.0,-10911427.0,0.33,0.577514445977359,0.371,1872.0,19.5,LAC
Peyton Watson,peyton watson,2026,23.0,SF,0.10123347,1.5488721e+07,True,,4356476.0,11132245.0,-0.81,-1.251054584684424,0.179,1598.0,20.6,DEN
Coby White,coby white,2026,25.0,SG,0.1007557,1.5415622e+07,True,,12888889.0,2526733.0,0.22,0.2450162127825386,-0.612,843.0,27.1,CHI
Jerami Grant,jerami grant,2026,31.0,PF,0.09801063,1.4995626e+07,False,34206898.0,34206898.0,-19211272.0,-0.55,0.1681888455035956,0.457,1695.0,23.8,POR
Deandre Ayton,deandre ayton,2026,27.0,C,0.09752534,1.4921378e+07,False,8104000.0,8104000.0,6817378.0,0.17,-0.4476095265576651,-0.74,1958.0,16.7,LAL
Paul Reed,paul reed,2026,26.0,C,0.09711746,1.4858972e+07,False,5602689.0,5602689.0,9256283.0,1.52,2.789886886303103,5.186,901.0,20.6,DET
DeMar DeRozan,demar derozan,2026,36.0,PF,0.096216366,1.4721104e+07,False,25740000.0,25740000.0,-11018896.0,-1.6,-0.5112284043982824,0.32,2406.0,22.8,SAC
Christian Braun,christian braun,2026,24.0,SG,0.09552732,1.461568e+07,False,21551726.0,21551726.0,-6936046.0,0.58,-0.4633209897194799,0.888,1399.0,14.8,DEN
Wendell Carter Jr.,wendell carter jr.,2026,26.0,C,0.0950057,1.4535872e+07,False,18102000.0,18102000.0,-3566128.0,0.67,0.2537359047281156,-0.487,2288.0,15.6,ORL
Derrick Jones Jr.,derrick jones jr.,2026,28.0,SF,0.09493432,1.4524951e+07,False,10476190.0,10476190.0,4048761.0,1.28,-0.0573751402785381,0.329,1350.0,15.1,LAC
Cameron Johnson,cameron johnson,2026,29.0,SF,0.094507314,1.4459619e+07,False,23062500.0,23062500.0,-8602881.0,0.76,0.0782883345610715,0.934,1647.0,15.1,DEN
Tobias Harris,tobias harris,2026,33.0,PF,0.09393805,1.4372522e+07,True,,26634146.0,-12261624.0,0.63,1.6579911162959875,2.152,1746.0,18.8,DET
Miles McBride,miles mcbride,2026,25.0,SG,0.09307884,1.4241062e+07,False,3956523.0,3956523.0,10284539.0,1.19,0.9715736232916083,2.143,1080.0,18.2,NYK
Keegan Murray,keegan murray,2026,25.0,PF,0.09262476,1.4171588e+07,False,24137936.0,24137936.0,-9966348.0,-0.22,-0.3256381388070832,-2.333,793.0,18.7,SAC
Russell Westbrook,russell westbrook,2026,37.0,SF,0.09128232,1.3966195e+07,True,,2296274.0,11669921.0,-2.47,-0.3190370331184229,-1.999,1853.0,25.9,SAC
Jalen Smith,jalen smith,2026,25.0,C,0.09072577,1.3881043e+07,False,9428571.0,9428571.0,4452472.0,1.18,1.329183533140475,-0.337,1095.0,19.0,CHI
Kyshawn George,kyshawn george,2026,22.0,SF,0.090448216,1.3838577e+07,False,3108000.0,3108000.0,10730577.0,-1.08,-1.1082768666654568,-2.404,1391.0,22.8,WAS
Reed Sheppard,reed sheppard,2026,21.0,SG,0.089968264,1.3765144e+07,False,11108880.0,11108880.0,2656264.0,0.02,-0.5487491908315547,2.91,2147.0,21.7,HOU
Dejounte Murray,dejounte murray,2026,29.0,PG,0.08972919,1.3728566e+07,False,32785071.0,32785071.0,-19056505.0,0.4,1.3098538414154155,1.193,389.0,26.6,NOP
Moses Moody,moses moody,2026,23.0,SG,0.08941735,1.3680855e+07,False,12500000.0,12500000.0,1180855.0,0.56,0.2664715681464635,0.806,1540.0,18.3,GSW
Tari Eason,tari eason,2026,24.0,PF,0.08776263,1.3427683e+07,True,,5675766.0,7751917.0,0.64,0.1631047641602607,0.679,1549.0,18.7,HOU
Kyle Filipowski,kyle filipowski,2026,22.0,C,0.08760355,1.3403343e+07,False,3000000.0,3000000.0,10403343.0,0.46,-0.4553723421726203,-1.747,1801.0,20.0,UTA
Brandon Williams,brandon williams,2026,26.0,PG,0.08739956,1.3372132e+07,True,,2270735.0,11101397.0,-0.06,1.2613257491021217,-0.521,1463.0,25.1,DAL
Isaiah Joe,isaiah joe,2026,26.0,SG,0.08695184,1.3303631e+07,False,11323006.0,11323006.0,1980625.0,0.25,1.4558173209727765,2.592,1507.0,18.4,OKC
Jordan Goodwin,jordan goodwin,2026,27.0,PG,0.086779095,1.3277202e+07,True,,2349578.0,10927624.0,0.6,1.9227650772407243,1.521,1572.0,17.5,PHO
Herbert Jones,herbert jones,2026,27.0,SF,0.08650858,1.3235813e+07,False,14898786.0,14898786.0,-1662973.0,0.84,-0.2376424205460855,-1.225,1588.0,15.2,NOP
Bennedict Mathurin,bennedict mathurin,2026,23.0,SF,0.086222745,1.319208e+07,True,,9187573.0,4004507.0,-1.66,0.4596194411368628,-3.281,891.0,23.2,IND
Myles Turner,myles turner,2026,29.0,C,0.08537991,1.3063127e+07,False,26584164.0,26584164.0,-13521037.0,-0.03,-0.3043786132835626,-1.833,1912.0,18.6,MIL
Walker Kessler,walker kessler,2026,24.0,C,0.083886735,1.283467e+07,True,,4878938.0,7955732.0,0.64,-0.1245422632085677,2.285,154.0,16.5,UTA
Dariq Whitehead,dariq whitehead,2026,21.0,SF,0.08378662,1.2819353e+07,True,,3262560.0,9556793.0,-2.6,-1.4660216921256488,-6.495,183.0,24.1,MEM
nic claxton,nic claxton,2026,26.0,C,0.08308591,1.2712144e+07,False,23147727.0,23147727.0,-10435583.0,,-1.554624124045723,-1.406,1920.0,17.7,BRK
Zach LaVine,zach lavine,2026,30.0,SG,0.08303862,1.2704909e+07,False,48967380.0,48967380.0,-36262471.0,-2.31,-0.9677684075246528,-1.861,1224.0,23.7,SAC
Steven Adams,steven adams,2026,32.0,C,0.08258474,1.2635465e+07,False,13000000.0,13000000.0,-364535.0,1.45,-0.7263191300428518,0.151,730.0,12.1,HOU
Aaron Nesmith,aaron nesmith,2026,26.0,SF,0.08223873,1.2582525e+07,False,11000000.0,11000000.0,1582525.0,-0.09,-1.2004697661871877,-3.081,1335.0,19.8,IND
Duncan Robinson,duncan robinson,2026,31.0,SG,0.081867896,1.2525788e+07,False,15992957.0,15992957.0,-3467169.0,0.57,1.274449899667095,1.551,2113.0,15.8,DET
De'Anthony Melton,de'anthony melton,2026,27.0,PG,0.08181606,1.2517858e+07,False,3451779.0,3451779.0,9066079.0,0.61,0.7777881398932694,-0.463,1125.0,25.4,GSW
Kris Dunn,kris dunn,2026,31.0,PG,0.08115815,1.2417198e+07,False,5684800.0,5684800.0,6732398.0,0.31,0.796888847991976,-0.121,2230.0,12.4,LAC
Sam Merrill,sam merrill,2026,29.0,SG,0.080874115,1.237374e+07,False,9160715.0,9160715.0,3213025.0,0.06,1.40627386420677,1.487,1377.0,17.0,CLE
Max Christie,max christie,2026,22.0,SG,0.079943575,1.2231367e+07,False,8285714.0,8285714.0,3945653.0,-1.23,-2.0099242117429013,-1.661,2244.0,16.5,DAL
Brice Sensabaugh,brice sensabaugh,2026,22.0,SF,0.0795345,1.2168779e+07,False,4862237.0,4862237.0,7306542.0,-0.51,-1.9604852475078065,-2.837,1762.0,24.9,UTA
Gui Santos,gui santos,2026,23.0,PF,0.07946306,1.2157848e+07,False,4629630.0,4629630.0,7528218.0,0.59,0.3546599500175279,0.028,1395.0,18.7,GSW
alex sarr,alex sarr,2026,20.0,C,0.078198515,1.1964373e+07,False,12370680.0,12370680.0,-406307.0,,-0.2533882692240912,-1.561,1305.0,25.7,WAS
Sam Hauser,sam hauser,2026,28.0,PF,0.077967726,1.1929062e+07,False,10848215.0,10848215.0,1080847.0,0.29,1.219432104998131,0.919,1934.0,14.5,BOS
Domantas Sabonis,domantas sabonis,2026,29.0,C,0.0777262,1.1892109e+07,False,45472000.0,45472000.0,-33579891.0,-0.72,1.6512917395262487,-2.054,564.0,23.0,SAC
Keldon Johnson,keldon johnson,2026,26.0,SF,0.076720916,1.17383e+07,False,17500000.0,17500000.0,-5761700.0,-0.24,0.8392388034961392,1.628,1911.0,21.0,SAS
Tre Jones,tre jones,2026,26.0,PG,0.07658336,1.1717255e+07,False,8000000.0,8000000.0,3717255.0,-0.25,0.8062213346810706,1.951,1752.0,19.2,CHI
Jeremiah Fears,jeremiah fears,2026,19.0,PG,0.076460674,1.1698483e+07,False,7896240.0,7896240.0,3802243.0,-0.79,-0.6002123052581908,-2.905,2112.0,25.5,NOP
bub carrington,bub carrington,2026,20.0,PG,0.07637144,1.168483e+07,False,4900560.0,4900560.0,6784270.0,,-5.07189591349135,-5.894,2271.0,18.0,WAS
Grant Williams,grant williams,2026,27.0,PF,0.07571487,1.1584375e+07,False,14265750.0,14265750.0,-2681375.0,1.0,0.5395753208206077,1.471,711.0,14.1,CHO
Goga Bitadze,goga bitadze,2026,26.0,C,0.07522311,1.1509136e+07,False,7608696.0,7608696.0,3900440.0,1.02,2.410641789768301,2.016,972.0,13.5,ORL
Jalen Green,jalen green,2026,23.0,SG,0.07492268,1.146317e+07,False,36251166.0,36251166.0,-24787996.0,0.02,-0.3946283800214347,-0.677,828.0,31.9,PHO
Brandon Williams,brandon williams,2026,26.0,PG,0.07449223,1.1397311e+07,True,,2270735.0,9126576.0,-0.06,1.2613257491021217,-0.521,1463.0,25.1,DAL
Derik Queen,derik queen,2026,21.0,C,0.07282985,1.1142967e+07,False,5416080.0,5416080.0,5726887.0,-0.51,0.0128383347982764,-2.416,2023.0,21.8,NOP
Trae Young,trae young,2026,27.0,PG,0.07140181,1.0924477e+07,True,,46394100.0,-35469623.0,0.59,1.2662407902406172,0.697,280.0,28.8,ATL
Harrison Barnes,harrison barnes,2026,33.0,PF,0.071333386,1.0914008e+07,True,,19000000.0,-8085992.0,0.49,0.0044191747107985,0.4,1986.0,14.6,SAS
Kennedy Chandler,kennedy chandler,2026,23.0,PG,0.07129386,1.0907961e+07,True,,,,-2.36,-0.7628377150947644,-2.338,355.0,20.7,UTA
Justin Champagnie,justin champagnie,2026,24.0,SF,0.07094071,1.0853929e+07,False,2667944.0,2667944.0,8185985.0,0.71,-0.5862625493747865,0.012,1377.0,16.7,WAS
Jaylon Tyson,jaylon tyson,2026,23.0,SG,0.070729226,1.0821572e+07,False,3658560.0,3658560.0,7163012.0,-1.52,0.945521821956786,0.605,1777.0,19.3,CLE
Day'Ron Sharpe,day'ron sharpe,2026,24.0,C,0.070437945,1.0777006e+07,False,6250000.0,6250000.0,4527006.0,1.26,0.6338288096406597,1.481,1160.0,19.9,BRK
Kris Murray,kris murray,2026,25.0,SF,0.07040985,1.0772707e+07,False,5315004.0,5315004.0,5457703.0,0.41,-0.9907825592424369,-1.037,1333.0,10.6,POR
Kel'el Ware,kel'el ware,2026,21.0,C,0.07038672,1.0769169e+07,False,4654920.0,4654920.0,6114249.0,-0.05,1.473780831198929,0.661,1704.0,18.0,MIA
Precious Achiuwa,precious achiuwa,2026,26.0,C,0.0703502,1.0763581e+07,True,,2111516.0,8652065.0,-0.48,-0.0783802132245243,-1.492,1745.0,17.6,SAC
Dean Wade,dean wade,2026,29.0,PF,0.07033185,1.0760773e+07,True,,6623456.0,4137317.0,0.6,0.8699611767095411,0.235,1318.0,9.9,CLE
Collin Murray-Boyles,collin murray-boyles,2026,20.0,PF,0.06965542,1.0657279e+07,False,6649560.0,6649560.0,4007719.0,0.8,1.0899972076802056,1.491,1246.0,15.5,TOR
Davion Mitchell,davion mitchell,2026,27.0,PG,0.069014624,1.0559237e+07,False,12400000.0,12400000.0,-1840763.0,-0.18,-0.2261781591052172,0.035,2000.0,13.6,MIA
Bobby Portis,bobby portis,2026,30.0,PF,0.06875636,1.0519723e+07,False,14521414.0,14521414.0,-4001691.0,-0.93,-1.7077597370873934,-0.418,1619.0,23.1,MIL
Noah Clowney,noah clowney,2026,21.0,PF,0.068624064,1.0499482e+07,False,5414034.0,5414034.0,5085448.0,-1.47,-2.780679994542238,-2.457,1780.0,20.4,BRK
Santi Aldama,santi aldama,2026,25.0,PF,0.06854859,1.0487934e+07,False,17007043.0,17007043.0,-6519109.0,-0.23,-0.8081846854465103,0.588,1198.0,20.2,MEM
Pelle Larsson,pelle larsson,2026,24.0,SG,0.06837776,1.0461798e+07,False,2296271.0,2296271.0,8165527.0,-0.69,0.090131663688811,-0.051,1849.0,16.8,MIA
Landry Shamet,landry shamet,2026,28.0,SG,0.06788512,1.0386424e+07,True,,2296274.0,8090150.0,0.52,0.8428587216295564,0.355,1171.0,15.7,NYK
Luke Kornet,luke kornet,2026,30.0,C,0.06727723,1.0293416e+07,False,10450000.0,10450000.0,-156584.0,0.43,1.1729338352494074,1.254,1430.0,10.3,SAS
Draymond Green,draymond green,2026,35.0,PF,0.06718101,1.0278695e+07,False,27678571.0,27678571.0,-17399876.0,0.27,-0.9157182477761509,-2.35,1869.0,16.1,GSW
Cedric Coward,cedric coward,2026,22.0,SG,0.06670329,1.0205603e+07,False,6001080.0,6001080.0,4204523.0,-0.25,-1.5780844889916636,-0.139,1598.0,21.5,MEM
Rui Hachimura,rui hachimura,2026,27.0,PF,0.06653851,1.0180392e+07,True,,18259259.0,-8078867.0,-1.08,-2.056720937616318,-1.234,1927.0,15.2,LAL
Cam Spencer,cam spencer,2026,25.0,SG,0.06529329,9.989873e+06,False,2411090.0,2411090.0,7578783.0,-0.58,-0.4024496818123408,1.852,1714.0,17.2,MEM
Oso Ighodaro,oso ighodaro,2026,23.0,PF,0.063988015,9.790166e+06,False,2296271.0,2296271.0,7493895.0,0.62,0.5540186894943457,1.25,1808.0,12.2,PHO
Zach Edey,zach edey,2026,23.0,C,0.06380955,9.762861e+06,False,6332760.0,6332760.0,3430101.0,0.03,0.3299625090469456,1.581,284.0,20.2,MEM
Jay Huff,jay huff,2026,27.0,C,0.063598454,9.730563e+06,False,2667944.0,2667944.0,7062619.0,-0.08,0.2840098657892955,-1.736,1719.0,18.0,IND
Jaylen Wells,jaylen wells,2026,22.0,SG,0.06272399,9.59677e+06,False,2296271.0,2296271.0,7300499.0,-0.92,-1.895112647857408,-1.768,1821.0,19.3,MEM
Royce O'Neale,royce o'neale,2026,32.0,SF,0.06257669,9.574233e+06,False,10875000.0,10875000.0,-1300767.0,-1.25,-1.3485852520502375,-0.964,2213.0,14.3,PHO
Ayo Dosunmu,ayo dosunmu,2026,26.0,SG,0.06142707,9.398342e+06,True,,7518518.0,1879824.0,-0.59,-0.8869736441644908,1.475,1187.0,20.8,CHI
Ryan Kalkbrenner,ryan kalkbrenner,2026,24.0,C,0.060959384,9.326786e+06,False,2411090.0,2411090.0,6915696.0,0.65,0.2470836583385618,0.408,1479.0,11.6,CHO
Jamal Shead,jamal shead,2026,23.0,PG,0.06031401,9.228044e+06,False,2296271.0,2296271.0,6931773.0,-0.49,0.3772674632266252,-0.768,1852.0,15.5,TOR
Lucas Williamson,lucas williamson,2026,27.0,SG,0.060027063,9.184141e+06,True,,21946.0,9162195.0,-2.71,-1.5482517532998497,-4.177,224.0,16.4,MEM
Jaylin Williams,jaylin williams,2026,23.0,PF,0.05973162,9.138938e+06,False,7774648.0,7774648.0,1364290.0,0.09,1.5859632901196083,0.889,1277.0,15.6,OKC
Anfernee Simons,anfernee simons,2026,26.0,SG,0.059711695,9.135889e+06,True,,27678571.0,-18542682.0,-1.4,0.6020825304078208,0.953,1202.0,23.7,BOS
Luguentz Dort,luguentz dort,2026,26.0,SF,0.059058417,9.035938e+06,False,18222222.0,18222222.0,-9186284.0,-0.63,-0.6919956149767917,-1.688,1849.0,14.1,OKC
Ace Bailey,ace bailey,2026,19.0,SF,0.05853212,8.955414e+06,False,9523080.0,9523080.0,-567666.0,-2.2,-2.687211075213887,-4.016,1988.0,21.4,UTA
Aaron Wiggins,aaron wiggins,2026,27.0,SG,0.058460418,8.944444e+06,False,9224300.0,9224300.0,-279856.0,-0.53,0.0612794633729413,-0.669,1414.0,19.9,OKC
Bilal Coulibaly,bilal coulibaly,2026,21.0,SG,0.057410583,8.783819e+06,False,9240012.0,9240012.0,-456193.0,-1.1,-1.6993363646211606,-1.3,1468.0,19.9,WAS
Jake LaRavia,jake laravia,2026,24.0,PF,0.056960862,8.715012e+06,False,6000000.0,6000000.0,2715012.0,-0.67,-0.9034090856489162,-0.366,2061.0,14.4,LAL
Khris Middleton,khris middleton,2026,34.0,SF,0.056903448,8.706228e+06,True,,33296296.0,-24590068.0,-1.42,-1.3966516304527246,-3.081,827.0,19.6,WAS
Mouhamed Gueye,mouhamed gueye,2026,23.0,PF,0.056652192,8.667785e+06,False,2406205.0,2406205.0,6261580.0,1.03,0.7074590625308568,-0.226,1179.0,12.4,ATL
Tristan da Silva,tristan da silva,2026,24.0,SF,0.056646258,8.666877e+06,False,3991200.0,3991200.0,4675677.0,-0.96,-0.3497713541091599,-0.128,1899.0,16.2,ORL
Dominick Barlow,dominick barlow,2026,22.0,PF,0.05590151,8.552931e+06,False,3415000.0,3415000.0,5137931.0,-0.25,-0.7233312643247802,-0.187,1689.0,12.8,PHI
Jordan Miller,jordan miller,2026,26.0,SF,0.05544633,8.483289e+06,False,2497812.0,2497812.0,5985477.0,-0.09,-0.0296469753162248,0.23,1325.0,18.0,LAC
Ja'Kobe Walter,ja'kobe walter,2026,21.0,SG,0.054681085,8.366206e+06,False,3811800.0,3811800.0,4554406.0,0.06,-0.1225175017420655,0.571,1474.0,14.0,TOR
Luka Garza,luka garza,2026,27.0,C,0.05454336,8.345134e+06,False,2801346.0,2801346.0,5543788.0,0.91,1.0791736012976147,1.253,1118.0,17.7,BOS
Taylor Hendricks,taylor hendricks,2026,22.0,PF,0.053865008,8.241346e+06,False,7805900.0,7805900.0,435446.0,-0.43,-1.9526800038796803,0.005,626.0,18.2,MEM
Kevin Huerter,kevin huerter,2026,27.0,SF,0.053732898,8.2211335e+06,True,,17991071.0,-9769937.5,-0.22,0.1372295656204424,-0.586,1037.0,19.2,CHI
Lonzo Ball,lonzo ball,2026,28.0,PG,0.053633615,8.205943e+06,True,,10000000.0,-1794057.0,0.19,0.5609736638627315,-2.056,728.0,13.7,CLE
De'Andre Hunter,de'andre hunter,2026,28.0,SF,0.05336789,8.165287e+06,False,24910714.0,24910714.0,-16745427.0,-1.4,-0.3014314850454314,-2.783,1125.0,22.9,CLE
Daniel Gafford,daniel gafford,2026,27.0,C,0.053228855,8.144015e+06,False,17263584.0,17263584.0,-9119569.0,-0.14,0.7283096741399109,0.135,1195.0,15.8,DAL
Maxime Raynaud,maxime raynaud,2026,22.0,C,0.053165622,8.13434e+06,False,2150917.0,2150917.0,5983423.0,-1.71,-1.9828521152292728,-3.249,1964.0,18.2,SAC
Brandon Clarke,brandon clarke,2026,29.0,PF,0.0529863,8.106904e+06,False,12500000.0,12500000.0,-4393096.0,1.16,-0.3910709272002079,0.393,20.0,22.4,MEM
Jock Landale,jock landale,2026,30.0,C,0.052630764,8.052507e+06,True,,2296274.0,5756233.0,-0.67,-0.1131101714637671,-1.936,1060.0,18.6,MEM
Svi Mykhailiuk,svi mykhailiuk,2026,28.0,SF,0.05256541,8.042508e+06,False,3850000.0,3850000.0,4192508.0,-0.6,-2.215713149681794,-2.133,1156.0,14.8,UTA
Ziaire Williams,ziaire williams,2026,24.0,SF,0.052286167,7.9997835e+06,False,6250000.0,6250000.0,1749783.5,-0.81,-0.8284192341155567,-0.773,1281.0,18.9,BRK
Kyle Kuzma,kyle kuzma,2026,30.0,PF,0.051568054,7.889912e+06,False,20345152.0,20345152.0,-12455240.0,-2.88,-1.9758070161681875,-1.645,1806.0,21.8,MIL
Jose Alvarado,jose alvarado,2026,27.0,PG,0.051499728,7.8794585e+06,False,4500000.0,4500000.0,3379458.5,0.27,-0.1682009205522117,-2.242,896.0,15.7,NOP
Scoot Henderson,scoot henderson,2026,21.0,PG,0.050934512,7.7929805e+06,False,13585523.0,13585523.0,-5792542.5,-0.86,-0.3674551667314817,-1.451,748.0,25.0,POR
Tristan Vukcevic,tristan vukcevic,2026,22.0,C,0.050514754,7.7287575e+06,True,,,,0.8,-0.1700506842217932,-3.47,671.0,26.6,WAS
Brook Lopez,brook lopez,2026,37.0,C,0.05034263,7.7024225e+06,False,9187500.0,9187500.0,-1485077.5,-0.96,0.3758571246175977,-2.135,1635.0,17.2,LAC
Collin Sexton,collin sexton,2026,27.0,SG,0.047471885,7.2631985e+06,True,,18975000.0,-11711801.5,-0.3,-0.3425130188923878,1.639,938.0,25.7,CHO
Javonte Green,javonte green,2026,32.0,SG,0.047313377,7.2389465e+06,True,,2296274.0,4942672.5,0.53,1.2163550155677876,3.271,1446.0,14.8,DET
Ousmane Dieng,ousmane dieng,2026,22.0,C,0.047289237,7.2352535e+06,True,,6670882.0,564371.5,-3.7,-1.5238766972304645,-5.885,804.0,21.5,MIL
Clint Capela,clint capela,2026,31.0,C,0.047243286,7.2282225e+06,False,7035000.0,7035000.0,193222.5,0.9,0.4665864482081368,0.752,926.0,13.7,HOU
Jarace Walker,jarace walker,2026,22.0,PF,0.046860844,7.169709e+06,False,8478542.0,8478542.0,-1308833.0,-1.65,-1.912626635834325,-3.145,1953.0,20.7,IND
John Konchar,john konchar,2026,29.0,SG,0.04672105,7.1483205e+06,False,6165000.0,6165000.0,983320.5,-0.3,0.3551738498954309,1.976,680.0,9.8,UTA
Charles Bassey,charles bassey,2026,25.0,C,0.046013657,7.0400895e+06,True,,263940.0,6776149.5,0.05,0.023052816540659,1.553,100.0,17.3,GSW
Will Richard,will richard,2026,23.0,SG,0.04598607,7.035869e+06,False,2150917.0,2150917.0,4884952.0,-0.58,-0.5677843098451297,-0.483,1377.0,13.0,GSW
Mark Williams,mark williams,2026,24.0,C,0.045857865,7.0162535e+06,True,,6276531.0,739722.5,-1.01,0.7462922317849857,1.912,1416.0,17.4,PHO
Max Strus,max strus,2026,29.0,SF,0.04576222,7.0016195e+06,False,16660836.0,16660836.0,-9659216.5,-0.19,-0.0664757844784323,-1.599,288.0,17.4,CLE
Simone Fontecchio,simone fontecchio,2026,30.0,SF,0.045490954,6.960116e+06,True,,8307692.0,-1347576.0,0.0,0.3407992663421232,-0.236,1173.0,19.6,MIA
Klay Thompson,klay thompson,2026,35.0,SF,0.045279704,6.9277945e+06,False,17460317.0,17460317.0,-10532522.5,-1.22,-1.574463535435907,-2.764,1497.0,22.7,DAL
Tre Johnson,tre johnson,2026,19.0,SG,0.04465488,6.8321965e+06,False,8649600.0,8649600.0,-1817403.5,-3.05,-4.127531270633723,-4.205,1443.0,22.5,WAS
Malik Monk,malik monk,2026,27.0,SG,0.044070937,6.7428535e+06,False,20190035.0,20190035.0,-13447181.5,-0.77,-0.9266033927503604,-1.848,1364.0,24.0,SAC
Josh Okogie,josh okogie,2026,27.0,SG,0.04386348,6.7111125e+06,True,,2296274.0,4414838.5,0.11,-0.6067417158790505,0.017,1354.0,11.3,HOU
Jonathan Kuminga,jonathan kuminga,2026,23.0,PF,0.0435285,6.6598605e+06,False,24300000.0,24300000.0,-17640139.5,-1.3,-0.0267310178733668,-3.883,476.0,24.0,GSW
Jarred Vanderbilt,jarred vanderbilt,2026,26.0,PF,0.043472044,6.651223e+06,False,12428571.0,12428571.0,-5777348.0,0.63,-0.4746665979659765,-1.231,1128.0,12.4,LAL
Nique Clifford,nique clifford,2026,23.0,SG,0.04342658,6.644267e+06,False,3263400.0,3263400.0,3380867.0,-1.81,-1.2255635812884609,-3.023,1882.0,17.0,SAC
Isaiah Collier,isaiah collier,2026,21.0,PG,0.042757414,6.5418845e+06,False,2763960.0,2763960.0,3777924.5,-1.76,-1.337407533923935,-2.617,1517.0,20.4,UTA
Gary Payton II,gary payton ii,2026,33.0,SG,0.04235839,6.480834e+06,True,,2296274.0,4184560.0,-0.06,1.874196340278264,2.668,1142.0,18.4,GSW
Isaac Okoro,isaac okoro,2026,25.0,SG,0.042165104,6.451261e+06,False,11814814.0,11814814.0,-5363553.0,-1.24,-2.563398017398722,-2.646,1695.0,13.6,CHI
Guerschon Yabusele,guerschon yabusele,2026,30.0,C,0.0418707,6.406217e+06,True,,5500000.0,906217.0,-1.49,-0.7539793974775304,-3.429,641.0,16.7,CHI
Jordan Poole,jordan poole,2026,26.0,PG,0.04183921,6.401399e+06,False,34044642.0,34044642.0,-27643243.0,-1.86,-0.9675519971474408,-4.644,933.0,25.1,NOP
Zaccharie Risacher,zaccharie risacher,2026,20.0,SF,0.04178636,6.3933135e+06,False,13826040.0,13826040.0,-7432726.5,-2.23,-0.1225400320465626,-1.741,1503.0,17.6,ATL
Daniss Jenkins,daniss jenkins,2026,24.0,PG,0.041723028,6.3836235e+06,False,4000000.0,4000000.0,2383623.5,-1.66,0.4929666515072924,-0.746,1455.0,21.5,DET
Jaxson Hayes,jaxson hayes,2026,25.0,C,0.040945962,6.264732e+06,True,,3449323.0,2815409.0,0.07,0.8445893430012317,0.454,1207.0,13.0,LAL
Leonard Miller,leonard miller,2026,22.0,SF,0.040738326,6.232964e+06,False,2406205.0,2406205.0,3826759.0,-0.95,-0.5258015370573497,0.147,624.0,18.3,CHI
Kentavious Caldwell-Pope,kentavious caldwell-pope,2026,32.0,SG,0.040556483,6.205142e+06,False,21621500.0,21621500.0,-15416358.0,-0.98,-1.547281267123958,-2.015,1088.0,17.7,MEM
Scotty Pippen Jr.,scotty pippen jr.,2026,25.0,PG,0.04053045,6.201159e+06,False,2461462.0,2461462.0,3739697.0,0.12,-0.5648669761342583,-0.521,212.0,26.1,MEM
Sidy Cissoko,sidy cissoko,2026,21.0,SF,0.040379606,6.1780795e+06,False,2497812.0,2497812.0,3680267.5,0.06,-1.1691136184468018,-3.083,1435.0,12.5,POR
Bruce Brown,bruce brown,2026,29.0,SG,0.040150423,6.1430145e+06,True,,2296274.0,3846740.5,-2.81,-1.5724783081512737,-1.345,1998.0,14.5,DEN
Baylor Scheierman,baylor scheierman,2026,25.0,SG,0.040127393,6.139491e+06,False,2744040.0,2744040.0,3395451.0,-0.7,0.4207986820512422,0.501,1429.0,11.9,BOS
Josh Minott,josh minott,2026,23.0,PF,0.040121466,6.1385845e+06,False,2584539.0,2584539.0,3554045.5,1.17,0.1695911781276792,2.316,526.0,13.8,BOS
Ryan Dunn,ryan dunn,2026,23.0,SF,0.039917942,6.107445e+06,False,2784240.0,2784240.0,3323205.0,-0.24,0.3531546146919286,-0.476,1355.0,13.7,PHO
Luke Kennard,luke kennard,2026,29.0,SG,0.03989145,6.103392e+06,True,,11000000.0,-4896608.0,-0.47,-1.6365017217291573,0.486,944.0,12.7,ATL
Alondes Williams,alondes williams,2026,26.0,SG,0.039520692,6.046666e+06,True,,131970.0,5914696.0,-0.42,0.097563023209206,4.159,101.0,14.3,WAS
bones hyland,bones hyland,2026,25.0,PG,0.0394829,6.0408835e+06,True,,2296274.0,3744609.5,,1.5124741592641944,-0.055,1177.0,20.6,MIN
Quinten Post,quinten post,2026,25.0,PF,0.039274223,6.008956e+06,True,,1955377.0,4053579.0,-0.58,-0.2120194615085263,-1.446,1159.0,18.8,GSW
Kobe Brown,kobe brown,2026,26.0,PF,0.039232187,6.0025245e+06,False,4792059.0,4792059.0,1210465.5,-0.98,-2.3391917988200235,-2.394,668.0,15.2,IND
Cam Thomas,cam thomas,2026,24.0,SG,0.039000485,5.967074e+06,True,,5993172.0,-26098.0,-1.56,-1.123847423273062,-4.749,582.0,30.3,BRK
Will Riley,will riley,2026,19.0,SF,0.03886673,5.9466095e+06,False,3688320.0,3688320.0,2258289.5,-2.0,-3.969849476989433,-3.876,1633.0,20.2,WAS
Nolan Traore,nolan traore,2026,19.0,PG,0.038551193,5.8983325e+06,False,4002000.0,4002000.0,1896332.5,-2.39,-3.2472460318503127,-5.98,1243.0,22.8,BRK
Danny Wolf,danny wolf,2026,21.0,PF,0.03780235,5.7837595e+06,False,2941440.0,2941440.0,2842319.5,-1.34,-0.8481842060331454,-2.933,1187.0,20.6,BRK
Al Horford,al horford,2026,39.0,C,0.03774503,5.7749895e+06,False,5969250.0,5969250.0,-194260.5,-1.13,1.378834385901207,-1.242,969.0,16.5,GSW
Yves Missi,yves missi,2026,21.0,C,0.03730484,5.7076405e+06,False,3512760.0,3512760.0,2194880.5,-0.92,0.0862604186429433,-2.568,1297.0,12.6,NOP
Sion James,sion james,2026,23.0,SG,0.037271563,5.702549e+06,False,2411090.0,2411090.0,3291459.0,-1.51,0.2519693315976921,-0.867,1843.0,11.0,CHO
Dru Smith,dru smith,2026,28.0,SG,0.037199102,5.6914625e+06,False,2584539.0,2584539.0,3106923.5,-0.61,1.1983326020730931,2.889,1141.0,15.2,MIA
Jordan Walsh,jordan walsh,2026,21.0,PF,0.037169177,5.686884e+06,False,2406205.0,2406205.0,3280679.0,0.57,0.2428639269405395,0.99,1212.0,11.7,BOS
Cody Williams,cody williams,2026,21.0,SG,0.037126835,5.680406e+06,False,6015600.0,6015600.0,-335194.0,-3.0,-2.9591747381153737,-4.04,1631.0,16.0,UTA
Olivier-Maxence Prosper,olivier-maxence prosper,2026,23.0,PF,0.036663078,5.609451e+06,False,1002360.0,1002360.0,4607091.0,-0.07,-1.757698917863523,-0.326,984.0,18.9,MEM
Kasparas Jakučionis,kasparas jakucionis,2026,19.0,PG,0.036569286,5.595101e+06,False,3841680.0,3841680.0,1753421.0,0.17,-0.1504301797839528,-1.419,945.0,13.7,MIA
Taurean Prince,taurean prince,2026,31.0,SF,0.036458764,5.578191e+06,False,3815861.0,3815861.0,1762330.0,-1.25,-1.9640788195299843,-2.261,611.0,16.2,MIL
Kobe Sanders,kobe sanders,2026,23.0,SG,0.036247313,5.545839e+06,False,2150917.0,2150917.0,3394922.0,-1.09,-1.2138050775840148,-1.886,1351.0,16.3,LAC
Kenrich Williams,kenrich williams,2026,31.0,PF,0.036170494,5.5340855e+06,False,7163000.0,7163000.0,-1628914.5,-0.08,-0.1761240248389474,-0.432,855.0,18.3,OKC
Josh Green,josh green,2026,25.0,SG,0.035763763,5.4718555e+06,False,14679012.0,14679012.0,-9207156.5,0.19,-0.7435680697096059,0.936,908.0,10.6,CHO
Spencer Jones,spencer jones,2026,24.0,SF,0.0356189,5.449692e+06,True,,623967.0,4825725.0,-1.14,-2.0402952027394186,-1.841,1417.0,9.7,DEN
Dwight Powell,dwight powell,2026,34.0,C,0.035324167,5.4045975e+06,True,,4000000.0,1404597.5,0.83,-0.5405841133028741,-1.518,904.0,8.9,DAL
Jonathan Isaac,jonathan isaac,2026,28.0,PF,0.035321247,5.404151e+06,False,14500000.0,14500000.0,-9095849.0,0.69,0.6713845957006315,-1.939,521.0,12.4,ORL
Nae'Qwan Tomlin,nae'qwan tomlin,2026,25.0,PF,0.035070326,5.36576e+06,False,2411090.0,2411090.0,2954670.0,-0.72,0.0520291295245167,-0.288,1004.0,15.5,CLE
Patrick Williams,patrick williams,2026,24.0,PF,0.034993045,5.353936e+06,False,18000000.0,18000000.0,-12646064.0,-2.7,-2.463324378244191,-4.802,1474.0,16.6,CHI
Isaiah Stewart,isaiah stewart,2026,24.0,C,0.034897756,5.3393565e+06,False,15000000.0,15000000.0,-9660643.5,-1.85,0.0532469696780846,-2.019,1317.0,16.6,DET
Ben Sheppard,ben sheppard,2026,24.0,SG,0.03442775,5.267446e+06,False,5031669.0,5031669.0,235777.0,-1.4,-1.582195716222473,-2.58,1390.0,13.8,IND
craig porter jr.,craig porter jr.,2026,25.0,PG,0.034315877,5.250329e+06,False,2406205.0,2406205.0,2844124.0,,2.0875235574457944,0.058,1148.0,12.3,CLE
T.J. McConnell,t.j. mcconnell,2026,33.0,PG,0.034293268,5.24687e+06,False,11000000.0,11000000.0,-5753130.0,-0.47,0.9132133047412722,2.795,963.0,23.2,IND
Caris LeVert,caris levert,2026,31.0,SG,0.034239605,5.2386595e+06,False,14809200.0,14809200.0,-9570540.5,-2.62,-0.8592887084368879,-1.29,1154.0,18.4,DET
Jericho Sims,jericho sims,2026,27.0,C,0.03379069,5.1699755e+06,False,2801346.0,2801346.0,2368629.5,-1.98,-2.9626420928988546,-4.281,1318.0,9.8,MIL
Kyle Anderson,kyle anderson,2026,32.0,SF,0.03361122,5.1425165e+06,True,,9219512.0,-4076995.5,-1.3,-0.3747927454712778,-0.218,401.0,14.6,UTA
Malachi Smith,malachi smith,2026,26.0,SG,0.033578057,5.1374425e+06,True,,73153.0,5064289.5,-0.98,-1.3823927644444085,0.169,359.0,14.2,BRK
Jordan Clarkson,jordan clarkson,2026,33.0,SG,0.033467963,5.1205985e+06,True,,10651561.0,-5530962.5,-1.74,-1.250083408340688,-1.622,1279.0,21.1,NYK
Micah Potter,micah potter,2026,27.0,C,0.033350777,5.102669e+06,False,2801346.0,2801346.0,2301323.0,-0.32,0.2140265836954887,-0.912,908.0,18.0,IND
Joan Beringer,joan beringer,2026,19.0,PF,0.032772407,5.0141785e+06,False,4411200.0,4411200.0,602978.5,0.26,0.4670834118338173,2.166,314.0,16.8,MIN
Terance Mann,terance mann,2026,29.0,SG,0.032676253,4.999467e+06,False,15500000.0,15500000.0,-10500533.0,-2.27,-2.627195475295649,-2.244,1529.0,13.5,BRK
Zach Collins,zach collins,2026,28.0,C,0.032487787,4.9706315e+06,True,,18080496.0,-13109864.5,0.01,0.7210303978302217,-0.603,184.0,18.8,CHI
Adem Bona,adem bona,2026,22.0,C,0.032245476,4.933558e+06,False,2296271.0,2296271.0,2637287.0,-0.44,-0.6839844328114568,-3.016,1234.0,11.1,PHI
Mouhamadou Gueye,mouhamadou gueye,2026,27.0,PF,0.030824665,4.7161735e+06,True,,,,-2.9,0.2287361013460289,-0.595,45.0,14.6,CHI
Nick Richards,nick richards,2026,28.0,C,0.030296633,4.635385e+06,True,,5000000.0,-364615.0,-1.74,-0.9545032579541356,-5.588,447.0,18.3,CHI
Bradley Beal,bradley beal,2026,32.0,SG,0.029709896,4.545614e+06,False,19383010.0,19383010.0,-14837396.0,-1.41,-0.4750823784144115,-7.17,121.0,22.2,LAC
Thomas Bryant,thomas bryant,2026,28.0,C,0.029696736,4.5436005e+06,True,,2296274.0,2247326.5,-0.73,1.1055941403731613,-0.889,732.0,18.6,CLE
Obi Toppin,obi toppin,2026,27.0,PF,0.02966941,4.5394195e+06,False,15000000.0,15000000.0,-10460580.5,-0.27,1.2061654298148872,1.628,424.0,24.8,IND
Jaylen Clark,jaylen clark,2026,24.0,SG,0.02937723,4.494716e+06,True,,2191897.0,2302819.0,-0.24,-0.6558682182799028,-0.345,888.0,13.3,MIN
Nicolas Batum,nicolas batum,2026,37.0,PF,0.029077046,4.448788e+06,False,5881680.0,5881680.0,-1432892.0,-1.62,-1.377148098240981,-2.11,1295.0,9.6,LAC
Hugo González,hugo gonzalez,2026,19.0,SF,0.028894035,4.4207875e+06,False,2923560.0,2923560.0,1497227.5,-0.74,0.2494295703442317,-0.124,1084.0,11.8,BOS
Andre Drummond,andre drummond,2026,32.0,C,0.028651292,4.3836475e+06,True,,5000000.0,-616352.5,-1.1,0.2901883020971737,-2.063,1231.0,14.9,PHI
Gradey Dick,gradey dick,2026,22.0,SG,0.028026149,4.2880005e+06,False,7131511.0,7131511.0,-2843510.5,-1.93,-1.8272482766498124,-1.315,1067.0,18.7,TOR
Keon Ellis,keon ellis,2026,26.0,SG,0.027328195,4.1812138e+06,True,,2301587.0,1879626.75,0.68,0.4957481231431105,-2.449,758.0,13.7,SAC
Vince Williams Jr.,vince williams jr.,2026,25.0,PG,0.027288634,4.175161e+06,True,,2301587.0,1873574.0,-1.5,-0.955836923479136,-3.274,736.0,19.6,MEM
DeJon Jarreau,dejon jarreau,2026,28.0,SG,0.027212743,4.1635498e+06,True,,,,-1.79,-1.2528916647359143,-5.483,231.0,21.4,MEM
Dereck Lively II,dereck lively ii,2026,21.0,C,0.026818682,4.1032582e+06,False,7239131.0,7239131.0,-3135872.75,0.47,0.5558385228469476,-0.952,115.0,11.8,DAL
Jabari Walker,jabari walker,2026,23.0,PF,0.026768215,4.095537e+06,False,2584539.0,2584539.0,1510998.0,-0.7,-0.7644498358201963,-1.902,762.0,15.0,PHI
Jevon Carter,jevon carter,2026,30.0,PG,0.026520908,4.057699e+06,True,,871000.0,3186699.0,-0.86,-0.480513381377348,-2.387,613.0,16.0,ORL
Justin Edwards,justin edwards,2026,22.0,SF,0.026440566,4.0454068e+06,False,2411090.0,2411090.0,1634316.75,-1.28,-1.0733650504599157,-0.762,977.0,16.1,PHI
Ben Saraf,ben saraf,2026,19.0,SG,0.02643923,4.0452022e+06,False,3028560.0,3028560.0,1016642.25,-3.37,-3.250581368191982,-5.179,916.0,21.0,BRK
Anthony Gill,anthony gill,2026,33.0,PF,0.02519037,3.8541268e+06,True,,2296274.0,1557852.75,-1.36,-3.286199113407662,-2.235,951.0,11.9,WAS
Pat Spencer,pat spencer,2026,29.0,PG,0.024969188,3.8202858e+06,True,,857804.0,2962481.75,-2.03,-1.31614956041143,-3.081,1229.0,18.9,GSW
Carter Bryant,carter bryant,2026,20.0,PF,0.024834674,3.799705e+06,False,5145360.0,5145360.0,-1345655.0,-1.84,-0.6458533149116625,-3.079,818.0,16.3,SAS
Bryce McGowens,bryce mcgowens,2026,23.0,SG,0.024174368,3.6986782e+06,False,2584539.0,2584539.0,1114139.25,-1.51,-1.0240814039682955,-0.822,880.0,14.0,NOP
nate williams,nate williams,2026,26.0,SG,0.023542954,3.602072e+06,True,,,,,-1.673987114197983,-4.361,239.0,19.5,GSW
nate williams,nate williams,2026,26.0,SG,0.023542954,3.602072e+06,True,,,,,-1.673987114197983,-4.361,239.0,19.5,GSW
Jaden Hardy,jaden hardy,2026,23.0,SG,0.023471093,3.5910772e+06,False,6000000.0,6000000.0,-2408922.75,-1.78,-1.9243208019275424,-4.667,470.0,25.4,WAS
Drake Powell,drake powell,2026,20.0,SG,0.023132222,3.53923e+06,False,3540600.0,3540600.0,-1370.0,-3.3,-4.5037542375453565,-5.336,1320.0,14.9,BRK
Trendon Watford,trendon watford,2026,25.0,PF,0.022972412,3.514779e+06,False,2801346.0,2801346.0,713433.0,-1.59,-1.878772853048347,-3.528,864.0,17.9,PHI
Buddy Hield,buddy hield,2026,33.0,SG,0.022623489,3.4613938e+06,False,9658536.0,9658536.0,-6197142.25,-0.84,-0.66648346680106,-1.427,768.0,19.7,GSW
Tyrese Proctor,tyrese proctor,2026,21.0,PG,0.022522423,3.4459308e+06,False,2150917.0,2150917.0,1295013.75,-1.41,0.020671161054063,-2.702,545.0,22.0,CLE
Noah Penda,noah penda,2026,21.0,SF,0.02251813,3.445274e+06,False,2150917.0,2150917.0,1294357.0,-0.86,-0.3078181536857564,-2.532,757.0,14.8,ORL
Chris Boucher,chris boucher,2026,33.0,PF,0.022110451,3.382899e+06,True,,2296274.0,1086625.0,-0.35,-0.1313416006301061,-1.901,94.0,12.8,BOS
D'Angelo Russell,d'angelo russell,2026,29.0,PG,0.022006348,3.3669712e+06,False,5969250.0,5969250.0,-2602278.75,-1.2,-0.4279002517078403,-3.993,495.0,26.0,DAL
Matisse Thybulle,matisse thybulle,2026,28.0,SG,0.021954888,3.359098e+06,True,,11550000.0,-8190902.0,0.78,1.5645264605760043,6.838,480.0,14.7,POR
Johnny Furphy,johnny furphy,2026,21.0,SG,0.021935299,3.3561008e+06,False,2296271.0,2296271.0,1059829.75,-0.71,-0.7810676417545999,-2.573,643.0,12.8,IND
Mohamed Diawara,mohamed diawara,2026,20.0,SF,0.021507565,3.2906575e+06,True,,1272870.0,2017787.5,-2.81,-1.1390953327925597,-2.442,634.0,17.1,NYK
Asa Newell,asa newell,2026,20.0,PF,0.0213528,3.2669782e+06,False,3399480.0,3399480.0,-132501.75,-0.56,-0.9152213337872116,-1.881,500.0,17.1,ATL
Tre Mann,tre mann,2026,24.0,PG,0.021332156,3.2638198e+06,False,8000000.0,8000000.0,-4736180.25,-2.83,-1.276843589685244,-6.295,669.0,23.3,CHO
Kevon Looney,kevon looney,2026,29.0,C,0.02088106,3.1948022e+06,False,8000000.0,8000000.0,-4805197.75,-0.28,0.091105141060109,-3.289,308.0,9.9,NOP
nigel hayes-davis,nigel hayes-davis,2026,31.0,SF,0.020814708,3.1846502e+06,True,,2048494.0,1136156.25,,-1.918542252433841,-7.701,195.0,12.1,PHO
Aaron Holiday,aaron holiday,2026,29.0,PG,0.020337911,3.1117005e+06,True,,2296274.0,815426.5,-1.17,-1.6888923842209858,-1.941,781.0,16.6,HOU
Rob Dillingham,rob dillingham,2026,21.0,PG,0.020336494,3.1114835e+06,False,6889320.0,6889320.0,-3777836.5,-2.83,-2.433290606290145,-5.567,644.0,22.7,CHI
Branden Carlson,branden carlson,2026,26.0,C,0.02024606,3.0976472e+06,True,,,,-0.87,0.858186734752318,-1.753,488.0,18.9,OKC
Jalen Wilson,jalen wilson,2026,25.0,PF,0.020160388,3.0845395e+06,True,,2221677.0,862862.5,-2.04,-2.024304233453893,-4.413,859.0,18.2,BRK
Dalton Knecht,dalton knecht,2026,24.0,SF,0.02008402,3.072855e+06,False,4201080.0,4201080.0,-1128225.0,-1.18,-2.667357955777955,-5.241,553.0,17.7,LAL
Isaiah Jackson,isaiah jackson,2026,24.0,C,0.019892497,3.043552e+06,False,7000000.0,7000000.0,-3956448.0,-0.16,0.70461280698945,-2.267,638.0,16.0,IND
Caleb Martin,caleb martin,2026,30.0,SF,0.019448368,2.9756002e+06,False,10001493.0,10001493.0,-7025892.75,-1.82,-1.240510223692655,-2.944,856.0,12.5,DAL
Julian Strawther,julian strawther,2026,23.0,SG,0.019255841,2.9461438e+06,False,4826931.0,4826931.0,-1880787.25,-1.53,-1.2350089095951269,-1.521,861.0,19.4,DEN
Micah Peavy,micah peavy,2026,24.0,SG,0.019116918,2.9248885e+06,False,2150917.0,2150917.0,773971.5,-1.17,-1.2209738129711107,-2.671,913.0,14.0,NOP
Moritz Wagner,moritz wagner,2026,28.0,C,0.018977301,2.903527e+06,True,,5000000.0,-2096473.0,-1.21,0.4840493852710893,-2.972,427.0,24.3,ORL
Devin Carter,devin carter,2026,23.0,PG,0.01856316,2.8401635e+06,False,5158080.0,5158080.0,-2317916.5,-0.26,0.4598073668777512,-3.027,700.0,23.5,SAC
Garrison Mathews,garrison mathews,2026,29.0,SG,0.018510375,2.8320875e+06,True,,429325.0,2402762.5,-0.7,-0.1163518556000304,-0.819,196.0,14.1,IND
Jett Howard,jett howard,2026,22.0,SF,0.018387409,2.8132735e+06,False,7337939.0,7337939.0,-4524665.5,-2.4,-1.1100456253507451,-3.313,695.0,17.2,ORL
Marvin Bagley III,marvin bagley iii,2026,26.0,PF,0.018317297,2.8025465e+06,True,,2296274.0,506272.5,-1.21,0.2407566023488486,0.875,731.0,19.0,WAS
Myron Gardner,myron gardner,2026,24.0,SF,0.01812482,2.7730975e+06,False,2150917.0,2150917.0,622180.5,-0.73,0.9455238887806036,1.673,411.0,15.0,MIA
Dalen Terry,dalen terry,2026,23.0,SG,0.01809476,2.7684982e+06,True,,5399118.0,-2630619.75,-0.6,-0.1678075835107904,-0.645,377.0,14.4,CHI
Jeremy Sochan,jeremy sochan,2026,22.0,PF,0.018080523,2.76632e+06,True,,7096231.0,-4329911.0,-0.57,-1.7189266072039722,-3.993,358.0,14.6,SAS
Gary Harris,gary harris,2026,31.0,SG,0.017882157,2.73597e+06,False,3815861.0,3815861.0,-1079891.0,-0.82,-2.501870427892094,-3.124,661.0,8.5,MIL
Mike Conley,mike conley,2026,38.0,PG,0.017810196,2.72496e+06,True,,725834.0,1999126.0,-1.7,-0.3355488308157701,-2.428,991.0,11.5,MIN
Jordan Hawkins,jordan hawkins,2026,23.0,SG,0.01766413,2.702612e+06,False,7021895.0,7021895.0,-4319283.0,-3.78,-3.0878972915588925,-6.403,692.0,18.2,NOP
a.j. lawson,a.j. lawson,2026,25.0,SG,0.017552914,2.6855958e+06,True,,,,,-0.3743831476027301,0.358,226.0,17.5,TOR
Keaton Wallace,keaton wallace,2026,26.0,PG,0.017462777,2.671805e+06,True,,2296274.0,375531.0,-2.33,-0.8522433009998793,-4.013,536.0,16.1,ATL
Cam Christie,cam christie,2026,20.0,SG,0.017413907,2.6643278e+06,False,2296271.0,2296271.0,368056.75,-2.54,-0.9833670711632292,-4.015,480.0,16.9,LAC
Ariel Hukporti,ariel hukporti,2026,23.0,C,0.01738077,2.6592578e+06,True,,1955377.0,703880.75,-1.85,-1.1329418972874623,-3.877,498.0,10.9,NYK
Keshad Johnson,keshad johnson,2026,24.0,SF,0.01731015,2.648453e+06,True,,1955377.0,693076.0,-0.36,-0.2069219278933494,1.012,280.0,18.9,MIA
Tyrese Martin,tyrese martin,2026,26.0,SG,0.017152771,2.624374e+06,True,,2191897.0,432477.0,-1.76,-0.6280510506935799,-2.979,696.0,18.8,BRK
Zeke Nnaji,zeke nnaji,2026,25.0,PF,0.017069997,2.6117095e+06,False,7466667.0,7466667.0,-4854957.5,-2.32,-1.869617118098294,-4.216,626.0,13.7,DEN
E.J. Liddell,e.j. liddell,2026,25.0,PF,0.016944712,2.592541e+06,False,706898.0,706898.0,1885643.0,-0.95,-1.054253368848872,-2.294,349.0,17.2,BRK
Corey Kispert,corey kispert,2026,26.0,SF,0.016938854,2.5916448e+06,False,13975000.0,13975000.0,-11383355.25,-1.76,-0.4543847711364368,-3.936,710.0,19.6,ATL
Thanasis Antetokounmpo,thanasis antetokounmpo,2026,33.0,SF,0.01689675,2.5852028e+06,True,,2296274.0,288928.75,-1.12,0.9192193470109136,0.746,148.0,16.5,MIL
Rasheer Fleming,rasheer fleming,2026,21.0,PF,0.016818691,2.5732598e+06,False,2150917.0,2150917.0,422342.75,-1.54,-1.10060596514697,-1.923,673.0,16.3,PHO
Joe Ingles,joe ingles,2026,38.0,SF,0.016787967,2.568559e+06,True,,2296274.0,272285.0,-2.88,-0.7888832976392425,-0.451,153.0,11.5,MIN
Jamison Battle,jamison battle,2026,24.0,SF,0.01674857,2.5625312e+06,False,2296271.0,2296271.0,266260.25,-2.09,-2.738774529083172,-2.768,517.0,14.1,TOR
Maxi Kleber,maxi kleber,2026,34.0,PF,0.01655145,2.5323718e+06,True,,11000000.0,-8467628.25,-1.22,-2.045833594320519,-2.935,461.0,9.6,LAL
Dorian Finney-Smith,dorian finney-smith,2026,32.0,PF,0.016453592,2.5173995e+06,False,13335000.0,13335000.0,-10817600.5,-1.06,-2.673452486527645,-4.261,620.0,10.7,HOU
Kelly Olynyk,kelly olynyk,2026,34.0,C,0.016439714,2.5152762e+06,True,,13445122.0,-10929845.75,-2.06,-0.4601403364234013,-2.878,360.0,16.0,SAS
Tony Bradley,tony bradley,2026,28.0,C,0.016173784,2.474589e+06,True,,3204816.0,-730227.0,-1.17,-1.3384280425870083,-4.832,416.0,14.5,IND
Haywood Highsmith,haywood highsmith,2026,29.0,SF,0.016093986,2.4623798e+06,False,3018158.0,3018158.0,-555778.25,-0.2,-0.2205339083804254,3.734,91.0,12.2,PHO
Caleb Houstan,caleb houstan,2026,23.0,SF,0.01602907,2.4524475e+06,True,,699440.0,1753007.5,-0.96,-0.7015654918197407,-0.04,75.0,17.4,ATL
Larry Nance Jr.,larry nance jr.,2026,33.0,PF,0.016001428,2.4482185e+06,True,,2296274.0,151944.5,-1.93,-0.7340518125745218,-2.864,449.0,14.0,CLE
Drew Eubanks,drew eubanks,2026,28.0,C,0.015928466,2.4370552e+06,True,,2296274.0,140781.25,-1.32,-0.5024304669734743,-4.678,552.0,16.3,SAC
Dalano Banton,dalano banton,2026,26.0,PG,0.015898786,2.4325142e+06,True,,131970.0,2300544.25,-1.53,-0.5538761501339928,-10.086,52.0,14.0,BOS
Jeff Green,jeff green,2026,39.0,PF,0.015881164,2.429818e+06,True,,2296274.0,133544.0,-4.69,-1.385238066359359,-5.787,175.0,17.8,HOU
Jalen Pickett,jalen pickett,2026,26.0,SG,0.015705595,2.402956e+06,False,2406205.0,2406205.0,-3249.0,-2.42,-2.322861902344404,-2.96,807.0,14.8,DEN
Doug McDermott,doug mcdermott,2026,34.0,SF,0.015572417,2.3825798e+06,True,,2296274.0,86305.75,-1.7,-1.5777363414041172,-5.447,439.0,15.1,SAC
Cam Whitmore,cam whitmore,2026,21.0,SF,0.015524107,2.3751885e+06,False,5458310.0,5458310.0,-3083121.5,-1.26,-1.334524420479615,-3.609,354.0,23.7,WAS
Taj Gibson,taj gibson,2026,40.0,C,0.015519521,2.3744868e+06,True,,,,-2.54,-0.7546145656418686,-3.345,97.0,13.1,MEM
Duop Reath,duop reath,2026,29.0,C,0.015443692,2.3628848e+06,True,,2221677.0,141207.75,-1.67,-1.1115392986543118,-4.129,258.0,13.2,POR
Kevin Love,kevin love,2026,37.0,PF,0.015407335,2.3573222e+06,True,,4150000.0,-1792677.75,-1.78,0.487242649391655,-1.841,613.0,16.6,UTA
Pete Nance,pete nance,2026,25.0,PF,0.01540067,2.3563025e+06,True,,,,-1.24,-1.361490169677427,-2.457,737.0,13.5,MIL
Bismack Biyombo,bismack biyombo,2026,33.0,C,0.014989755,2.2934325e+06,True,,2296274.0,-2841.5,-4.19,-2.2335994819399465,-9.398,141.0,7.8,SAS
Mo Bamba,mo bamba,2026,27.0,C,0.014867594,2.274742e+06,True,,194771.0,2079971.0,-1.81,-0.0095642827105784,-4.299,38.0,11.9,UTA
Jeremiah Robinson-Earl,jeremiah robinson-earl,2026,25.0,PF,0.014697286,2.2486848e+06,True,,131970.0,2116714.75,-1.39,-1.1232860762754395,-4.988,300.0,14.0,IND
Pat Connaughton,pat connaughton,2026,33.0,SG,0.01466154,2.2432158e+06,False,3815861.0,3815861.0,-1572645.25,-2.11,-0.3500733869560181,-0.938,297.0,14.9,CHO
Khaman Maluach,khaman maluach,2026,19.0,C,0.014649152,2.2413202e+06,False,6316680.0,6316680.0,-4075359.75,-0.92,-0.0501038331248546,-3.764,411.0,14.8,PHO
Jase Richardson,jase richardson,2026,20.0,SG,0.014616685,2.2363528e+06,False,3132360.0,3132360.0,-896007.25,-1.83,-1.5600790376635474,-1.5,587.0,16.8,ORL
Gabe Vincent,gabe vincent,2026,29.0,PG,0.014517179,2.2211282e+06,True,,11500000.0,-9278871.75,-2.04,-2.5016616308319417,-5.625,559.0,11.5,LAL
Mason Plumlee,mason plumlee,2026,35.0,C,0.014148344,2.1646968e+06,True,,2296274.0,-131577.25,-1.52,-0.1275318721868186,-0.598,125.0,8.9,CHO
Tyler Kolek,tyler kolek,2026,24.0,PG,0.014143795,2.1640005e+06,False,2296271.0,2296271.0,-132270.5,-0.93,-0.3807967520874178,-1.562,727.0,18.4,NYK
DeAndre Jordan,deandre jordan,2026,37.0,C,0.01406968,2.152661e+06,True,,2269880.0,-117219.0,-1.84,-0.0246175746331115,-1.921,199.0,10.1,NOP
Amir Coffey,amir coffey,2026,28.0,SG,0.013804695,2.1121182e+06,True,,2296274.0,-184155.75,-1.39,-1.7704255053978266,-4.721,265.0,10.9,MIL
Johnny Juzang,johnny juzang,2026,24.0,SG,0.013756217,2.1047012e+06,True,,,,-1.45,-0.6103860399301421,-3.97,88.0,22.3,MIN
Andre Jackson Jr.,andre jackson jr.,2026,24.0,SG,0.013739325,2.1021168e+06,False,2406205.0,2406205.0,-304088.25,-1.57,-0.6922126611254344,-5.559,408.0,17.8,MIL
Isaiah Livers,isaiah livers,2026,27.0,PF,0.013735447,2.1015235e+06,True,,,,-1.62,-1.821528924175472,-3.001,347.0,9.9,PHO
Lindy Waters III,lindy waters iii,2026,28.0,SG,0.0137132015,2.0981198e+06,True,,2296274.0,-198154.25,-1.99,-1.6248031026008976,-3.955,285.0,14.2,SAS
Christian Koloko,christian koloko,2026,25.0,C,0.013712533,2.0980175e+06,True,,263940.0,1834077.5,-2.4,-1.1402816861484015,-3.375,195.0,9.3,MEM
Jae'Sean Tate,jae'sean tate,2026,30.0,SF,0.013696704,2.0955958e+06,True,,2296274.0,-200678.25,-1.63,-2.709424380827672,-3.359,405.0,13.5,HOU
Malevy Leons,malevy leons,2026,26.0,SF,0.013584836,2.07848e+06,True,,,,-2.05,-0.741151306165522,-2.598,276.0,14.4,GSW
MarJon Beauchamp,marjon beauchamp,2026,25.0,SF,0.013533657,2.0706496e+06,True,,,,-1.2,-0.1751724333324091,-1.993,196.0,21.0,PHI
Rayan Rupert,rayan rupert,2026,21.0,SG,0.013522933,2.0690088e+06,True,,2221677.0,-152668.25,-2.73,-2.636020122303539,-4.454,577.0,12.8,POR
Cameron Payne,cameron payne,2026,31.0,PG,0.013447902,2.057529e+06,True,,712637.0,1344892.0,-1.29,0.896877980431674,-0.018,374.0,19.2,PHI
Jamaree Bouyea,jamaree bouyea,2026,26.0,PG,0.013402362,2.0505615e+06,True,,,,-1.03,-0.1633436563781174,-1.165,644.0,18.5,PHO
Tyus Jones,tyus jones,2026,29.0,PG,0.013330813,2.0396144e+06,True,,7000000.0,-4960385.625,-1.37,-0.4925201765321009,-3.077,754.0,9.8,ORL
Omer Yurtseven,omer yurtseven,2026,27.0,C,0.0132574,2.0283822e+06,True,,,,-1.77,-0.2333136003447903,-7.834,104.0,17.5,GSW
Garrett Temple,garrett temple,2026,39.0,SG,0.013235327,2.025005e+06,True,,2296274.0,-271269.0,-2.58,-0.8517152433126444,-5.204,73.0,15.3,TOR
Jonathan Mogbo,jonathan mogbo,2026,24.0,PF,0.013224876,2.023406e+06,False,2296271.0,2296271.0,-272865.0,-0.98,-1.1751211058905566,-1.855,249.0,11.1,TOR
Markelle Fultz,markelle fultz,2026,27.0,PG,0.012910637,1.9753275e+06,True,,,,-2.2,-1.0059153838751604,-12.762,36.0,17.9,TOR
Trayce Jackson-Davis,trayce jackson-davis,2026,25.0,C,0.012875595,1.969966e+06,False,2406205.0,2406205.0,-436239.0,-1.4,0.1087574270011146,-2.113,411.0,14.8,GSW
Terrence Shannon Jr.,terrence shannon jr.,2026,25.0,SG,0.012809363,1.9598326e+06,False,2801640.0,2801640.0,-841807.375,-1.82,-1.4660968128086638,-3.283,538.0,17.7,MIN
Yang Hansen,yang hansen,2026,20.0,C,0.012740287,1.9492639e+06,False,4643520.0,4643520.0,-2694256.125,-2.84,-2.428693562318975,-11.895,300.0,19.9,POR
Monte Morris,monte morris,2026,30.0,PG,0.012444231,1.9039672e+06,True,,321184.0,1582783.25,-0.78,-0.0341863523711289,-7.48,65.0,15.5,IND
Trey Jemison,trey jemison,2026,26.0,C,0.01183661,1.8110012e+06,True,,,,-3.72,,-10.839,82.0,10.7,NYK
Seth Curry,seth curry,2026,35.0,SG,0.011738407,1.7959764e+06,True,,1755198.0,40778.375,-1.48,0.032347823568853,0.428,133.0,18.0,GSW
Stanley Umude,stanley umude,2026,26.0,SG,0.011736853,1.7957385e+06,True,,,,-1.67,-0.3611706899486043,5.898,7.0,12.0,SAS
Jordan McLaughlin,jordan mclaughlin,2026,29.0,PG,0.011467356,1.7545055e+06,True,,2296274.0,-541768.5,-1.58,-1.1429184164411392,-1.776,282.0,14.5,SAS
Olivier Sarr,olivier sarr,2026,26.0,C,0.011429842,1.7487658e+06,True,,,,-2.08,0.143923246544297,2.73,39.0,12.1,CLE
Julian Phillips,julian phillips,2026,22.0,SF,0.011378909,1.7409731e+06,False,2406205.0,2406205.0,-665231.875,-0.97,-1.6625061483880952,-2.25,334.0,12.5,CHI
Drew Timme,drew timme,2026,25.0,PF,0.011351377,1.7367606e+06,True,,1955377.0,-218616.375,-2.5,-1.4907035252041796,-2.842,235.0,15.4,LAL
Patrick Baldwin Jr.,patrick baldwin jr.,2026,23.0,SF,0.011086975,1.6963072e+06,True,,131970.0,1564337.25,-1.84,0.2176266584519105,-4.847,88.0,14.1,SAC
Ochai Agbaji,ochai agbaji,2026,25.0,SG,0.011074093,1.6943362e+06,True,,6383525.0,-4689188.75,-1.79,-1.8174363441317007,-3.633,650.0,13.3,TOR
Jaden Ivey,jaden ivey,2026,23.0,SG,0.011064055,1.6928005e+06,True,,10107163.0,-8414362.5,-1.72,-1.1784791373947603,-0.998,555.0,20.4,DET
Killian Hayes,killian hayes,2026,24.0,PG,0.010965968,1.677793e+06,True,,263940.0,1413853.0,-1.61,0.2993504758426546,-3.684,406.0,18.7,SAC
Jared McCain,jared mccain,2026,21.0,SG,0.010954286,1.6760058e+06,False,4422600.0,4422600.0,-2746594.25,-1.5,-1.825440754469342,-2.102,620.0,18.5,PHI
Adou Thiero,adou thiero,2026,21.0,SF,0.010951348,1.6755562e+06,False,2150917.0,2150917.0,-475360.75,-1.77,-0.4801341252518477,-3.984,149.0,14.6,LAL
Hunter Tyson,hunter tyson,2026,25.0,PF,0.010931516,1.672522e+06,True,,2221677.0,-549155.0,-3.07,-0.4752686132713531,-7.21,162.0,16.8,DEN
Kam Jones,kam jones,2026,23.0,SG,0.010747197,1.6443211e+06,True,,1272870.0,371451.125,-1.99,-2.936339398516781,-3.931,616.0,14.4,IND
Liam McNeeley,liam mcneeley,2026,20.0,SF,0.010672823,1.6329419e+06,False,2902080.0,2902080.0,-1269138.125,-1.57,0.0630097684801844,-2.795,368.0,14.4,CHO
Orlando Robinson,orlando robinson,2026,25.0,C,0.010532221,1.6114298e+06,True,,,,-3.19,-0.1111057488104014,-0.107,25.0,8.4,ORL
James Wiseman,james wiseman,2026,24.0,C,0.010301657,1.5761535e+06,True,,1131970.0,444183.5,-1.92,-0.4476351117963904,-10.192,58.0,11.6,IND
Amari Williams,amari williams,2026,24.0,PF,0.010206065,1.561528e+06,False,2150917.0,2150917.0,-589389.0,-2.79,-0.8997553066895255,-5.428,146.0,11.1,BOS
AJ Johnson,aj johnson,2026,21.0,SG,0.01019584,1.5599635e+06,False,3237120.0,3237120.0,-1677156.5,-3.24,-0.9595887614951136,-6.786,240.0,20.5,DAL
Tyler Smith,tyler smith,2026,21.0,PF,0.009909414,1.5161402e+06,True,,1955377.0,-439236.75,-2.66,-0.5166665790744287,-3.018,166.0,14.8,DAL
Isaac Jones,isaac jones,2026,25.0,PF,0.00990259,1.5150962e+06,True,,1955377.0,-440280.75,-3.61,-0.3481307128695564,-8.86,19.0,15.1,DET
Antonio Reeves,antonio reeves,2026,25.0,SG,0.009861354,1.5087871e+06,True,,,,-1.05,-0.0581914311476298,-0.12,68.0,13.1,CHO
Kobe Bufkin,kobe bufkin,2026,22.0,SG,0.009636096,1.4743226e+06,True,,4503720.0,-3029397.375,-2.91,-0.4990947670531566,-9.054,119.0,22.1,LAL
Blake Wesley,blake wesley,2026,22.0,SG,0.009204264,1.4082524e+06,True,,2296274.0,-888021.625,-2.62,-0.6200727161704083,-2.518,361.0,19.8,POR
Kyle Lowry,kyle lowry,2026,39.0,PG,0.00919759,1.4072312e+06,True,,2296274.0,-889042.75,-3.63,-0.6866318175345835,-10.756,118.0,11.3,PHI
Eric Gordon,eric gordon,2026,37.0,SG,0.00919493,1.4068242e+06,True,,2296274.0,-889449.75,-1.79,-0.6230557531514302,0.685,74.0,14.2,PHI
Malaki Branham,malaki branham,2026,22.0,SG,0.009000776,1.3771188e+06,True,,4962033.0,-3584914.25,-1.61,-0.590471275480412,-1.542,275.0,18.4,WAS
Tosan Evbuomwan,tosan evbuomwan,2026,24.0,SF,0.008757278,1.3398636e+06,True,,,,-2.2,-0.2860715479059317,-11.236,8.0,5.4,NYK
JD Davison,jd davison,2026,23.0,PG,0.008718408,1.3339164e+06,True,,2270735.0,-936818.625,-0.99,-0.4745412542655426,-2.511,218.0,15.3,HOU
Marcus Sasser,marcus sasser,2026,25.0,PG,0.008600582,1.3158891e+06,False,5198983.0,5198983.0,-3883093.875,-1.29,-1.5858210890380602,-1.429,457.0,19.6,DET
Bronny James,bronny james,2026,21.0,SG,0.008580432,1.3128061e+06,False,2296271.0,2296271.0,-983464.875,-2.27,-2.2186953469126003,-3.343,375.0,16.7,LAL
Sharife Cooper,sharife cooper,2026,24.0,PG,0.008548834,1.3079716e+06,True,,,,-1.68,-2.116545298424636,-4.184,700.0,20.0,WAS
Chaz Lanier,chaz lanier,2026,24.0,SG,0.008419082,1.2881195e+06,False,2150917.0,2150917.0,-862797.5,-2.98,-2.013927804338132,-4.624,262.0,15.0,DET
Mac McClung,mac mcclung,2026,27.0,SG,0.008129817,1.2438621e+06,True,,164060.0,1079802.125,-1.73,0.603680505168869,-2.577,101.0,22.4,CHI
David Roddy,david roddy,2026,24.0,PF,0.007980029,1.2209445e+06,True,,,,-1.55,-0.466705088365005,3.799,73.0,20.9,DEN
Dillon Jones,dillon jones,2026,24.0,SF,0.007741557,1.1844582e+06,True,,2753280.0,-1568821.75,-1.83,-0.366917385065699,0.539,39.0,11.8,NYK
Nick Smith Jr.,nick smith jr.,2026,21.0,SG,0.0074486667,1.139646e+06,True,,2710680.0,-1571034.0,-2.36,-2.135906162338185,-3.654,375.0,22.0,LAL
Chris Paul,chris paul,2026,40.0,PG,0.0060877134,931420.1,True,,2296274.0,-1364853.875,-1.76,-0.1589987901126588,-4.952,228.0,14.2,LAC
Cole Anthony,cole anthony,2026,25.0,PG,0.0009067269,138729.22,False,3700000.0,3700000.0,-3561270.78125,-1.56,-1.7634528299046046,-5.614,527.0,25.8,MIL
