player_name,season,debut,exp,year_in_contract,sal_m
Daniss Jenkins,2025,2024.0,1.0,1,3.809524
Allonzo Trier,2019,2018.0,1.0,1,3.5511
Julian Champagnie,2023,2022.0,1.0,1,3.0
Kobe Sanders,2026,2025.0,1.0,1,2.622139
Charles Bassey,2022,2021.0,1.0,1,2.6
Cam Spencer,2025,2024.0,1.0,1,2.537989
Keaton Wallace,2025,2024.0,1.0,1,2.296274
Vince Williams Jr.,2023,2022.0,1.0,1,2.232308
Mohamed Diawara,2026,2025.0,1.0,1,2.232143
Joe Wieskamp,2022,2021.0,1.0,1,2.175
Micah Peavy,2026,2025.0,1.0,1,2.150917
John Konchar,2020,2019.0,1.0,1,2.1
Bol Bol,2020,2019.0,1.0,1,2.05824
Justin Edwards,2025,2024.0,1.0,1,2.048494
N'Faly Dante,2025,2024.0,1.0,1,2.048494
Keshad Johnson,2025,2024.0,1.0,1,1.955377
Tyler Smith,2025,2024.0,1.0,1,1.955377
Pelle Larsson,2025,2024.0,1.0,1,1.955377
Bobi Klintman,2025,2024.0,1.0,1,1.955377
Cam Christie,2025,2024.0,1.0,1,1.955377
Isaac Jones,2025,2024.0,1.0,1,1.955377
Drew Timme,2025,2024.0,1.0,1,1.955377
A.J. Green,2023,2022.0,1.0,1,1.901769
Killian Tillie,2021,2020.0,1.0,1,1.901625
Jontay Porter,2020,2020.0,0.0,1,1.9
Andre Jackson Jr.,2024,2023.0,1.0,1,1.891857
Hunter Tyson,2024,2023.0,1.0,1,1.891857
Julian Phillips,2024,2023.0,1.0,1,1.891857
Maxwell Lewis,2024,2023.0,1.0,1,1.891857
Orlando Robinson,2023,2022.0,1.0,1,1.801769
E.J. Liddell,2023,2023.0,0.0,1,1.801769
Dru Smith,2023,2022.0,1.0,1,1.801769
Didi Louzada,2021,2020.0,1.0,1,1.786878
Xavier Cooks,2023,2022.0,1.0,1,1.719864
Kennedy Chandler,2023,2022.0,1.0,1,1.719864
Rodions Kurucs,2019,2018.0,1.0,1,1.699236
Jonah Bolden,2019,2018.0,1.0,1,1.69845
Gabriel Deck,2021,2020.0,1.0,1,1.690507
Kendrick Nunn,2020,2019.0,1.0,1,1.663861
Jericho Sims,2022,2021.0,1.0,1,1.639842
Sam Hauser,2022,2021.0,1.0,1,1.637966
Kessler Edwards,2022,2021.0,1.0,1,1.637966
Wenyen Gabriel,2020,2019.0,1.0,1,1.620564
Deividas Sirvydis,2021,2020.0,1.0,1,1.603559
Jason Preston,2022,2022.0,0.0,1,1.563518
Isaiah Livers,2022,2021.0,1.0,1,1.563518
Mitchell Robinson,2019,2018.0,1.0,1,1.559712
Amile Jefferson,2019,2018.0,1.0,1,1.519851
Nick Richards,2021,2020.0,1.0,1,1.517981
Miye Oni,2020,2019.0,1.0,1,1.517981
Talen Horton-Tucker,2020,2019.0,1.0,1,1.517981
Paul Reed,2021,2020.0,1.0,1,1.517981
Daniel Oturu,2021,2020.0,1.0,1,1.517981
Dean Wade,2020,2019.0,1.0,1,1.517981
Tyrell Terry,2021,2020.0,1.0,1,1.517981
Nic Claxton,2020,2019.0,1.0,1,1.517981
Mychal Mulder,2020,2019.0,1.0,1,1.517981
Jahmi'us Ramsey,2021,2020.0,1.0,1,1.517981
Jalen Lecque,2020,2019.0,1.0,1,1.517981
Justin James,2020,2019.0,1.0,1,1.517981
Saben Lee,2021,2020.0,1.0,1,1.489065
Omer Yurtseven,2021,2021.0,0.0,1,1.489065
Armoni Brooks,2021,2020.0,1.0,1,1.489065
Theo Pinson,2019,2018.0,1.0,1,1.445697
Zylan Cheatham,2020,2019.0,1.0,1,1.445697
Wenyen Gabriel,2019,2019.0,0.0,1,1.445697
Paul Watson,2020,2019.0,1.0,1,1.445697
Shake Milton,2019,2018.0,1.0,1,1.445697
Deonte Burton,2019,2018.0,1.0,1,1.416852
Bruce Brown,2019,2018.0,1.0,1,1.416852
Keita Bates-Diop,2019,2018.0,1.0,1,1.416852
Duncan Robinson,2019,2018.0,1.0,1,1.416852
Elie Okobo,2019,2018.0,1.0,1,1.416852
Jevon Carter,2019,2018.0,1.0,1,1.416852
Svi Mykhailiuk,2019,2018.0,1.0,1,1.416852
Brad Wanamaker,2019,2018.0,1.0,1,1.355341
